review_id,phone_id,phone_name,platform,review_text
REV000001,PH002,Realme P4R 5G,Flipkart,"""It is a very good phone. Battery, display, camera is also very good."""
REV000002,PH002,Realme P4R 5G,Flipkart,"""Please don't buy. The phone quality and camera, software, ram is not upto the mark."""
REV000003,PH002,Realme P4R 5G,Flipkart,"""Battery backup awesome"""
REV000004,PH002,Realme P4R 5G,Flipkart,"""Superb"""
REV000005,PH002,Realme P4R 5G,Flipkart,"""Battery performance good"""
REV000006,PH002,Realme P4R 5G,Flipkart,"""This is the best phone at this price."""
REV000007,PH002,Realme P4R 5G,Flipkart,"""All in All super"""
REV000008,PH002,Realme P4R 5G,Flipkart,"""I'm happy"""
REV000009,PH002,Realme P4R 5G,Flipkart,"""Best super"""
REV000010,PH002,Realme P4R 5G,Flipkart,"""Worth The Choice Was comparing multiple phones in this budget. Finally chose this one because of the battery and fast charging. After a week of use, I feel it was worth it."""
REV000011,PH002,Realme P4R 5G,Flipkart,"""Campus Friendly This phone felt a bit larger than my previous device at first, but I got used to it within a few days. Battery backup and charging speed have been excellent for long days on campus."""
REV000012,PH002,Realme P4R 5G,Flipkart,"""Fast Charging Advantage As a field worker, my previous phone used to take almost 3 hours to charge, which was frustrating during long workdays. After using this one, I've realized how much of a differ..."""
REV000013,PH002,Realme P4R 5G,Flipkart,"""Great Deal For the price, this is a great deal. Design looks premium, screen is bright and performance is good enough for multitasking."""
REV000014,PH002,Realme P4R 5G,Flipkart,"""Campus Ready Been using it on campus for a week now. Between online classes, BGMI sessions with friends, and regular social media use, the phone handles everything smoothly. The display looks great in..."""
REV000015,PH002,Realme P4R 5G,Flipkart,"""Budget wise good mobile phone, and average camera, but in low light camera performance is not better. Build quality better in this budget.and battery backup don't feel like 8000mah."""
REV000016,PH002,Realme P4R 5G,Flipkart,"""Ok ok"""
REV000017,PH002,Realme P4R 5G,Flipkart,"""The sound issue is very low volume especially calling time"""
REV000018,PH002,Realme P4R 5G,Flipkart,"""I like a lot of things about this mobile.👍"""
REV000019,PH002,Realme P4R 5G,Flipkart,"""Okay product"""
REV000020,PH002,Realme P4R 5G,Flipkart,"""Good phone"""
REV000021,PH002,Realme P4R 5G,Flipkart,"""Awesome phone in this price. I ordered 128/6 GB. I used Realme 7X or X7 Pro for more than 5 years in a very rough condition but Realme phones are very strong built."""
REV000022,PH002,Realme P4R 5G,Flipkart,"""I'm happy"""
REV000023,PH002,Realme P4R 5G,Flipkart,"""Greet phone"""
REV000024,PH002,Realme P4R 5G,Flipkart,"""Good"""
REV000025,PH002,Realme P4R 5G,Flipkart,"""Worth it"""
REV000026,PH002,Realme P4R 5G,Flipkart,"""Satisfied phone"""
REV000027,PH002,Realme P4R 5G,Flipkart,"""Very nice experience"""
REV000028,PH002,Realme P4R 5G,Flipkart,"""Battery 8000 mh but feels 5000Mh Low Battery backup"""
REV000029,PH002,Realme P4R 5G,Amazon,No visible comments
REV000030,PH003,Infinix SMART 20,Flipkart,"""Dont buy 4g phone in 2026, push ur budget upgrade to a 5g phone"""
REV000031,PH003,Infinix SMART 20,Flipkart,"""velu for money"""
REV000032,PH003,Infinix SMART 20,Flipkart,"""don’t buy phone no camera performance"""
REV000033,PH006,Oppo A6c,Flipkart,"""The battery backup of the phone is very bad, the battery of the phone is going dead after opening the camera, the camera quality is usesless"""
REV000034,PH007,Realme 16T 5G,Flipkart,"""Mobile display quality not upto mark. More weight"""
REV000035,PH007,Realme 16T 5G,Flipkart,"""⭐⭐⭐⭐⭐ beautiful ❤️😍 Mobile"""
REV000036,PH007,Realme 16T 5G,Flipkart,"""Terrible display, no clarity, speaker quality also worst, not value for money"""
REV000037,PH007,Realme 16T 5G,Flipkart,"""Mobile is too slow to operate"""
REV000038,PH007,Realme 16T 5G,Flipkart,"""All good product"""
REV000039,PH007,Realme 16T 5G,Flipkart,"""Nice mobile"""
REV000040,PH007,Realme 16T 5G,Flipkart,"""Good product in this segment"""
REV000041,PH007,Realme 16T 5G,Flipkart,"""Worst experience"""
REV000042,PH007,Realme 16T 5G,Flipkart,"""Veri nice"""
REV000043,PH007,Realme 16T 5G,Flipkart,"""Very bad mobile"""
REV000044,PH007,Realme 16T 5G,Amazon,"""I gave this Realme 12 Pro 5G smartphone to my mother-in-law for Christmas, and she is absolutely delighted. That is to say if it is an excellent product, because satisfying a mother-in-law is the ultimate proof of quality!"""
REV000045,PH007,Realme 16T 5G,Amazon,"""This phone is a real favorite. The manufacturing quality and the finishes are impeccable, and the aesthetics are really elegant, especially in this Navigator Beige color. The quality-price ratio is exceptional: for a very reasonable price, we have performances worthy of much more expensive phones."""
REV000046,PH007,Realme 16T 5G,Amazon,"""Autonomy is another strong point. With moderate use, it's easily two days without having to worry about the battery. The Snapdragon 6 Gen 1 5G processor ensures perfect fluidity and the 8GB RAM memory allows multiple applications to be used at the same time without any slowdown."""
REV000047,PH007,Realme 16T 5G,Amazon,"""The 6.7-inch curved screen is just beautiful. With a resolution of 2340 x 1080 and a refresh rate of 120Hz, the display is incredibly sharp and smooth, perfect for viewing photos or videos. The 256GB storage capacity is more than enough for all the apps, photos, and vacation memories."""
REV000048,PH007,Realme 16T 5G,Amazon,"""Finally, the photo quality is amazing! The Sony IMX882 OIS main sensor and telephoto lens are perfect for portraits, and the photos are sharp and bright."""
REV000049,PH007,Realme 16T 5G,Amazon,"""In short, this phone is a real success. It combines aesthetics, performance and autonomy at a very competitive price. If you are looking for a reliable and efficient smartphone, you can go for it with your eyes closed. Even for your mother-in-law!"""
REV000050,PH007,Realme 16T 5G,Amazon,"""For having had the Realme 7 (which was already good at the time), the Realme 12 Pro 5G is simply excellent! It doesn't get hot! It takes great photos! IT IS FLUID! The OS is easy, simple and the stereo sound is just perfect, the sound is clear, accurate and when I listen to a video I am really immersed."""
REV000051,PH007,Realme 16T 5G,Amazon,"""It is just perfect for my use and with an excellent quality ratio. The protective case is provided as well as the protective glass already installed on the phone."""
REV000052,PH007,Realme 16T 5G,Amazon,"""That's why I love Realme! An excellent quality ratio and good performance! I can play video games in medium/high quality without it bugging or getting too hot!"""
REV000053,PH007,Realme 16T 5G,Amazon,"""The only problem is the battery is a bit weak. You can easily last 1 day with intensive use and 2 days with classic use, and not to mention that it has a fast charge of 67W, in 25 min it goes from 30 to 100%."""
REV000054,PH007,Realme 16T 5G,Amazon,"""It's the phone of my dreams! I recommend it!"""
REV000055,PH007,Realme 16T 5G,Amazon,"""I have always been from Xiaomi, a nest of bugs and errors everywhere, updates every month that fix one thing and break another. What made me look for another brand was the terrible proximity sensor. I switched to Realme and it's another world. The best of Xiaomi but without those errors. The cell phone works very smoothly, the camera is the strong point, everything works as it should. Fast charging, good fluidity, great camera, the cell phone is beautiful, and the proximity sensor works. Android 14 with 2 major updates guaranteed. If they continue like this, I can't get out of Realme."""
REV000056,PH007,Realme 16T 5G,Amazon,"""Buying for about 3 weeks, so far nothing to complain about. Superb photo quality, smooth, good battery life, to see over time."""
REV000057,PH007,Realme 16T 5G,Amazon,"""Realme 12 Pro 5G, a very good smartphone, makes great photos. Dual SIM, sold with its 67W charger and cable, a transparent plastic shell and a screen protector already installed on the phone. Too bad there is no possibility to put an SD card. But transferring data, photos and music from my old Realme 7 was done without a problem. Golden color, in reality is beige, imitation leather that is very soft to the touch. 5G network works great."""
REV000058,PH007,Realme 16T 5G,Amazon,"""I've been using my old phone for a long time and the difference in response is much better. In this price range, there are certainly cell phones that have a better camera or a slightly better processor, but I really liked the design. I also had a good experience with this brand. They run stably for years and the battery is retained for a long time. Ah yes, the RAM can be expanded in the settings with the internal memory plus 8GB, so it would then be 16GB RAM. So great for me."""
REV000059,PH007,Realme 16T 5G,Amazon,"""Best mobile phone I've owned so far. Large enough memory, battery lasts properly and recharges quickly. Photo quality tiptop. It feels good in the hand."""
REV000060,PH007,Realme 16T 5G,Amazon,"""Good product and very fast delivery, recommended."""
REV000061,PH007,Realme 16T 5G,Amazon,"""I love this phone. I really recommend it. Very nice photo quality and speed, with an affordable price."""
REV000062,PH007,Realme 16T 5G,Amazon,"""I already have my third and would buy it again and again. It has a powerful battery and charges very fast. Appearance is very important to me and it looks great. You don't need Samsung and Co."""
REV000063,PH007,Realme 16T 5G,Amazon,"""Absolutely top-notch phone. The icing on the cake is the camera; the photos are stunning. I highly recommend it because the price-to-performance ratio is incredible."""
REV000064,PH007,Realme 16T 5G,Amazon,"""Fatal this model of smartphone, I do not recommend it to anyone. It gets very hot, the battery does not last for a day, it gets dirty easily, and it disconnects from the Wi-Fi at home."""
REV000065,PH007,Realme 16T 5G,Amazon,"""I've been using this smartphone for over a year and a half, and I find it still works very well. For the price, it's satisfactory; the photos aren't the best quality, but they do the job. And the battery is good."""
REV000066,PH007,Realme 16T 5G,Amazon,"""The charging connector is already faulty."""
REV000067,PH007,Realme 16T 5G,Amazon,"""Good phone quality at a low price."""
REV000068,PH007,Realme 16T 5G,Amazon,"""I have enjoyed much of the material imitating the skin finish, the curved screen, and the agility in handling. Easy to install and includes a screen protector and case."""
REV000069,PH007,Realme 16T 5G,Amazon,"""I'm very happy with it."""
REV000070,PH007,Realme 16T 5G,Amazon,"""Excellent product."""
REV000071,PH007,Realme 16T 5G,Amazon,"""Exclusive product. Recommended 100%."""
REV000072,PH007,Realme 16T 5G,Amazon,"""The smartphone is very efficient, the operating system is very fluid and it continuously improves and maintains its stability."""
REV000073,PH007,Realme 16T 5G,Amazon,"""The phone is impressive in its appearance, features, functions and camera, etc. but the keyboard stopped working and I had to return the device."""
REV000074,PH007,Realme 16T 5G,Amazon,"""Good camera. The mobile after use is not bad although sometimes it gets blocked."""
REV000075,PH007,Realme 16T 5G,Amazon,"""Comes without a screen protector and without a SIM tool. It is not reliable in its valuation."""
REV000076,PH007,Realme 16T 5G,Amazon,"""It took 10 months and the phone is fine."""
REV000077,PH007,Realme 16T 5G,Amazon,"""Excellent phone, spectacular photos, good battery life that easily lasts until the end of the day with frequent use."""
REV000078,PH007,Realme 16T 5G,Amazon,"""Aesthetically a beautiful and functional phone. It respects the announced characteristics. The audio is really bad for calls and there is no headphone jack."""
REV000079,PH007,Realme 16T 5G,Amazon,"""Compact and very practical. Only the 3.5 mm headphone jack is missing."""
REV000080,PH007,Realme 16T 5G,Amazon,"""I love it, it's a very beautiful phone. The features are top-notch."""
REV000081,PH007,Realme 16T 5G,Amazon,"""One for me and one for my son, we're both very happy."""
REV000082,PH007,Realme 16T 5G,Amazon,"""A large telephone with an adjusted price. If you don't want to spend more than 600 euros, this phone covers everything you need, with a very premium feel. The only negative is the excessive camera module."""
REV000083,PH007,Realme 16T 5G,Amazon,"""Price-to-performance ratio is difficult to match."""
REV000084,PH007,Realme 16T 5G,Amazon,"""It is a mobile that responds very well. Nothing negative considering the price. The design is attractive, the screen is bright and looks very good. I especially enjoyed the user interface. The sound is very decent. The battery lasted for days under normal use. I recommend it without hesitation."""
REV000085,PH007,Realme 16T 5G,Amazon,"""I bought it to replace a Realme 7 Pro. The battery lasts longer and the overall battery endurance is even better. It's a pity that headphone jacks have disappeared from modern smartphones."""
REV000086,PH007,Realme 16T 5G,Amazon,"""Excellent quality for the price."""
REV000087,PH007,Realme 16T 5G,Amazon,"""The mobile is perfect. The only thing is that the screen doesn't look very bright under certain conditions."""
REV000088,PH007,Realme 16T 5G,Amazon,"""I have used this phone for a week and I am satisfied. Beautiful, fast, efficient, easy to use and has innovative functions."""
REV000089,PH008,HMD Vibe 2 5G,Flipkart,"""Actually, there is a major software glitch. Duplicate/clone for every app is being created automatically after the app usage. I request you to solve this glitch/bug"""
REV000090,PH008,HMD Vibe 2 5G,Flipkart,"""Good product"""
REV000091,PH008,HMD Vibe 2 5G,Flipkart,"""Best in the indi"""
REV000092,PH008,HMD Vibe 2 5G,Flipkart,"""Charging not fast take a 3 hour above . camera not good 😔😔😔"""
REV000093,PH008,HMD Vibe 2 5G,Flipkart,"""Good"""
REV000094,PH008,HMD Vibe 2 5G,Flipkart,"""It's very nice phone. Battery is too good, looks premium, overall good budget phone"""
REV000095,PH008,HMD Vibe 2 5G,Flipkart,"""Camera not good. Battery 1day. Display lcd not good. Performance fast but gaming fail. Build quality not good"""
REV000096,PH008,HMD Vibe 2 5G,Flipkart,"""Don't but this mobile, Hanging issue, Heat issues, Camera 📸 worst, First day only getting very disappointed"""
REV000097,PH008,HMD Vibe 2 5G,Flipkart,"""Super"""
REV000098,PH008,HMD Vibe 2 5G,Flipkart,"""Good product thankyou flipkart"""
REV000099,PH008,HMD Vibe 2 5G,Flipkart,"""Must buy this phone. It is value for money product. I am very happy for buying this phone."""
REV000100,PH008,HMD Vibe 2 5G,Flipkart,"""Very good"""
REV000101,PH008,HMD Vibe 2 5G,Flipkart,"""Very good mobile phone"""
REV000102,PH008,HMD Vibe 2 5G,Flipkart,"""Full almost working and Nice value for money"""
REV000103,PH008,HMD Vibe 2 5G,Flipkart,"""Honestly according to budget it's good but camera as not as expected average camera not clear and good to capture but again it's cool as budget"""
REV000104,PH008,HMD Vibe 2 5G,Flipkart,"""RAM should be 8GB new phone is hanging"""
REV000105,PH008,HMD Vibe 2 5G,Flipkart,"""its good for aged people in home. overall its ok ish phone. for this price"""
REV000106,PH008,HMD Vibe 2 5G,Flipkart,"""Display quality not satisfied camera just ok battery backup and Speed good but there's is no UI otherwise it is good for economy users"""
REV000107,PH008,HMD Vibe 2 5G,Flipkart,"""Ok overall good phone but display avarage"""
REV000108,PH008,HMD Vibe 2 5G,Flipkart,"""Speakers very low........"""
REV000109,PH008,HMD Vibe 2 5G,Flipkart,"""Camera is ok ok .video quality is not ok.and network connectivity not good"""
REV000110,PH008,HMD Vibe 2 5G,Flipkart,"""Display hanging time hanging"""
REV000111,PH008,HMD Vibe 2 5G,Flipkart,"""Good phone"""
REV000112,PH008,HMD Vibe 2 5G,Flipkart,"""Dont by any one bad quality"""
REV000113,PH008,HMD Vibe 2 5G,Flipkart,"""Best quality at low cost"""
REV000114,PH008,HMD Vibe 2 5G,Flipkart,"""This is very very slow phone"""
REV000115,PH008,HMD Vibe 2 5G,Flipkart,"""Under 10 thousand base varient is available it is very helpful for middle budget users."""
REV000116,PH008,HMD Vibe 2 5G,Flipkart,"""Nice"""
REV000117,PH008,HMD Vibe 2 5G,Flipkart,"""Very nice Desaing 👌Nokia now HMD"""
REV000118,PH008,HMD Vibe 2 5G,Flipkart,"""Seems like a good clean phone for the price without any useless pre-installed apps. It has been 2-3 days of usage."""
REV000119,PH008,HMD Vibe 2 5G,Flipkart,"""Great combination of style, and battery life."""
REV000120,PH008,HMD Vibe 2 5G,Flipkart,"""Good battery"""
REV000121,PH008,HMD Vibe 2 5G,Flipkart,"""Battery charging speed is impressive."""
REV000122,PH008,HMD Vibe 2 5G,Flipkart,"""The battery life is one of the best features of this phone."""
REV000123,PH008,HMD Vibe 2 5G,Flipkart,"""I've been using it for a few weeks and haven't faced any issues so far."""
REV000124,PH008,HMD Vibe 2 5G,Flipkart,"""Battery backup is better than my previous phone."""
REV000125,PH008,HMD Vibe 2 5G,Flipkart,"""Excellent battery life; easily lasts a full day."""
REV000126,PH008,HMD Vibe 2 5G,Flipkart,"""Battery Backup Is Good"""
REV000127,PH008,HMD Vibe 2 5G,Flipkart,"""Battery backup is good to enough. Performance wise average because of lagging use."""
REV000128,PH008,HMD Vibe 2 5G,Flipkart,"""Good budget smartphone for everyday use. Apps run smoothly and the big battery is perfect for heavy users."""
REV000129,PH008,HMD Vibe 2 5G,Flipkart,"""Worth the money"""
REV000130,PH008,HMD Vibe 2 5G,Flipkart,"""Excellent phone in this price"""
REV000131,PH008,HMD Vibe 2 5G,Flipkart,"""Value for money"""
REV000132,PH008,HMD Vibe 2 5G,Flipkart,"""Excellent phone"""
REV000133,PH008,HMD Vibe 2 5G,Flipkart,"""Worth the money. Good features at this price."""
REV000134,PH008,HMD Vibe 2 5G,Flipkart,"""I use it every day and it works perfectly."""
REV000135,PH008,HMD Vibe 2 5G,Flipkart,"""One of the best smartphones I've owned."""
REV000136,PH008,HMD Vibe 2 5G,Flipkart,"""Great phone for daily use and entertainment."""
REV000137,PH008,HMD Vibe 2 5G,Flipkart,"""Excellent value for money. Definitely worth the price."""
REV000138,PH008,HMD Vibe 2 5G,Flipkart,"""Very Good product ! Very Fast Delivery ! Very Good Packing ! Value for Money !"""
REV000139,PH008,HMD Vibe 2 5G,Flipkart,"""Product is good smooth running,"""
REV000140,PH008,HMD Vibe 2 5G,Flipkart,"""Very good, Satisfied, value for money .."""
REV000141,PH008,HMD Vibe 2 5G,Flipkart,"""All rounder phones must buy."""
REV000142,PH008,HMD Vibe 2 5G,Flipkart,"""Perfect option for in this budget"""
REV000143,PH008,HMD Vibe 2 5G,Flipkart,"""The Product is super fantastic"""
REV000144,PH008,HMD Vibe 2 5G,Flipkart,"""Product is fine as per it's price. It is easy to use."""
REV000145,PH008,HMD Vibe 2 5G,Flipkart,"""Good mobile for daily use"""
REV000146,PH008,HMD Vibe 2 5G,Flipkart,"""The performance of the phone is good for daily use"""
REV000147,PH008,HMD Vibe 2 5G,Flipkart,"""strong mid-range phone that balances performance, display quality, and long-term value."""
REV000148,PH008,HMD Vibe 2 5G,Flipkart,"""Phone pack in good condition. Almost 2 months still working good no lack no bugs"""
REV000149,PH008,HMD Vibe 2 5G,Flipkart,"""Fingerprint unlock works quickly."""
REV000150,PH008,HMD Vibe 2 5G,Flipkart,"""The software experience is smooth"""
REV000151,PH008,HMD Vibe 2 5G,Flipkart,"""The phone stays fast even after long hours of use."""
REV000152,PH008,HMD Vibe 2 5G,Flipkart,"""This phone has exceeded my expectations in every way."""
REV000153,PH008,HMD Vibe 2 5G,Flipkart,"""Great performance for gaming and streaming."""
REV000154,PH008,HMD Vibe 2 5G,Flipkart,"""Everything runs smoothly without any lag."""
REV000155,PH008,HMD Vibe 2 5G,Flipkart,"""Lightweight and comfortable to hold."""
REV000156,PH008,HMD Vibe 2 5G,Flipkart,"""Smooth scrolling thanks to the high refresh rate."""
REV000157,PH008,HMD Vibe 2 5G,Flipkart,"""Network reception is strong."""
REV000158,PH008,HMD Vibe 2 5G,Flipkart,"""The mobile performance is really good"""
REV000159,PH008,HMD Vibe 2 5G,Flipkart,"""Good phone under budget looks classy"""
REV000160,PH008,HMD Vibe 2 5G,Flipkart,"""Best product and best raw performance"""
REV000161,PH008,HMD Vibe 2 5G,Flipkart,"""I loved it good mobile battery and performance awesome"""
REV000162,PH008,HMD Vibe 2 5G,Flipkart,"""The overall performance of the phone is good and smooth for daily use,"""
REV000163,PH008,HMD Vibe 2 5G,Flipkart,"""Call quality and network strength is very Good."""
REV000164,PH008,HMD Vibe 2 5G,Flipkart,"""The display colors are rich and natural."""
REV000165,PH008,HMD Vibe 2 5G,Flipkart,"""The display is bright and vibrant. Watching videos is a great experience."""
REV000166,PH008,HMD Vibe 2 5G,Flipkart,"""Best phone works smoothly best performance. Looks good, battery is good,value for money"""
REV000167,PH008,HMD Vibe 2 5G,Flipkart,"""Display is absolutely gorgeous."""
REV000168,PH008,HMD Vibe 2 5G,Flipkart,"""Beautiful Display..Top notch battery life.. excellent feel.."""
REV000169,PH008,HMD Vibe 2 5G,Flipkart,"""Nice phone, good screen size fasting charging, good value of money, nice durability"""
REV000170,PH008,HMD Vibe 2 5G,Flipkart,"""I've received many compliments on its design."""
REV000171,PH008,HMD Vibe 2 5G,Flipkart,"""The design looks modern and stylish."""
REV000172,PH008,HMD Vibe 2 5G,Flipkart,"""Premium design that feels expensive."""
REV000173,PH008,HMD Vibe 2 5G,Flipkart,"""Looks Is Too Good"""
REV000174,PH008,HMD Vibe 2 5G,Flipkart,"""Best Smartphone. Battery Camera all good"""
REV000175,PH008,HMD Vibe 2 5G,Flipkart,"""Nice design and the color looks stylish. Camera quality is decent in daylight and the display is good for watching videos."""
REV000176,PH008,HMD Vibe 2 5G,Flipkart,"""Nice. No any issue found till now.Good for HD content videos."""
REV000177,PH008,HMD Vibe 2 5G,Flipkart,"""Excellent battery and good camera combination."""
REV000178,PH008,HMD Vibe 2 5G,Flipkart,"""Camera performance is excellent for social media content."""
REV000179,PH008,HMD Vibe 2 5G,Flipkart,"""Camera colors look realistic."""
REV000180,PH008,HMD Vibe 2 5G,Flipkart,"""Camera quality is impressive for the price."""
REV000181,PH008,HMD Vibe 2 5G,Flipkart,"""Nice packing and good quality and light weight"""
REV000182,PH008,HMD Vibe 2 5G,Flipkart,"""Not up to the mark it's an average phone"""
REV000183,PH008,HMD Vibe 2 5G,Flipkart,"""Battery is really good. For this value ok ok"""
REV000184,PH008,HMD Vibe 2 5G,Flipkart,"""Best price"""
REV000185,PH008,HMD Vibe 2 5G,Flipkart,"""It is not worth for money... Camera and the processor is not up to the mark."""
REV000186,PH008,HMD Vibe 2 5G,Flipkart,"""Camera need to improve"""
REV000187,PH008,HMD Vibe 2 5G,Flipkart,"""Very bad quality"""
REV000188,PH008,HMD Vibe 2 5G,Flipkart,"""Not a best phone look like a low quality phone"""
REV000189,PH008,HMD Vibe 2 5G,Flipkart,"""Super mobile"""
REV000190,PH008,HMD Vibe 2 5G,Flipkart,"""This mobile is Better and good Quality is good"""
REV000191,PH008,HMD Vibe 2 5G,Flipkart,"""Four out of five !!!!"""
REV000192,PH008,HMD Vibe 2 5G,Flipkart,"""Great product, budget friendly"""
REV000193,PH008,HMD Vibe 2 5G,Flipkart,"""Battery is vary poor"""
REV000194,PH008,HMD Vibe 2 5G,Flipkart,"""Nice product at this rate"""
REV000195,PH009,Moto G37 Power,Flipkart,"""Motorola g 37 Power is a good product. Camera - 3.5/5, Display (Screen Resolution) - 3.5/5, Battery - 5/5, Performance - 4/5, Music experience - 5/5"""
REV000196,PH009,Moto G37 Power,Flipkart,"""Good phone. Do go for it. Best in budget"""
REV000197,PH009,Moto G37 Power,Flipkart,"""I bought this phone for my mother, and she started having this strange problem. When she is on a call, after 2-3 minutes of continuous call, the receiver starts to hear a distorted/unclear voice."""
REV000198,PH009,Moto G37 Power,Flipkart,"""Camera quality is very bad and OS system Very Difficult to use. In this price mobile not worth it."""
REV000199,PH009,Moto G37 Power,Flipkart,"""Not satisfied, previously I used moto g it is super later shifted to one plus now this not upto the mark"""
REV000200,PH009,Moto G37 Power,Flipkart,"""Amazing Phone under 20k specially for normal usages it really worth to me to purchase this 👏👏"""
REV000201,PH009,Moto G37 Power,Flipkart,"""Good phone in this bidget"""
REV000202,PH009,Moto G37 Power,Flipkart,"""Ok for students for good work"""
REV000203,PH009,Moto G37 Power,Flipkart,"""Nice budget friendly look wise awesome"""
REV000204,PH009,Moto G37 Power,Flipkart,"""Camera quality very poor, calling voice is harsh, not recommended for purchase at the rate of 16 thousand."""
REV000205,PH009,Moto G37 Power,Flipkart,"""Don't buy there is charging issue pathetic"""
REV000206,PH009,Moto G37 Power,Flipkart,"""Not good you can find best at this"""
REV000207,PH009,Moto G37 Power,Flipkart,"""No worry, go for it."""
REV000208,PH009,Moto G37 Power,Flipkart,"""Extremely satisfied"""
REV000209,PH009,Moto G37 Power,Flipkart,"""Totally worth it"""
REV000210,PH009,Moto G37 Power,Flipkart,"""Good value for money!"""
REV000211,PH009,Moto G37 Power,Flipkart,"""Good quality for the price."""
REV000212,PH009,Moto G37 Power,Flipkart,"""Very good loveit"""
REV000213,PH009,Moto G37 Power,Flipkart,"""Best me se best he phone thank you moto"""
REV000214,PH009,Moto G37 Power,Flipkart,"""Best phone at this price."""
REV000215,PH009,Moto G37 Power,Flipkart,"""CAMERA IS NOT WORKING PROCESS IS VERY SLOW AND WORKING IS VERY BAD"""
REV000216,PH009,Moto G37 Power,Flipkart,"""Too much slow phone"""
REV000217,PH009,Moto G37 Power,Flipkart,"""Wrist this phone all colties bad don't pouches this phone please request"""
REV000218,PH009,Moto G37 Power,Flipkart,"""Very bad not good camara not good"""
REV000219,PH009,Moto G37 Power,Flipkart,"""Performance is too bad, back panels always 🫨 when voice is louder. Very bad."""
REV000220,PH009,Moto G37 Power,Flipkart,"""Best phone for this prize."""
REV000221,PH009,Moto G37 Power,Flipkart,"""There is an issue in calling, voice getting crack every time whenever I m going to call any others"""
REV000222,PH009,Moto G37 Power,Flipkart,"""Very good product"""
REV000223,PH009,Moto G37 Power,Amazon,"""bought the Moto G37 Power 5G mainly for its massive battery, and while the battery life is excellent, the overall experience has been disappointing. The HD+ display lacks sharpness and vibrant colors, making videos and browsing less enjoyable. Performance feels average, with occasional lag during multitasking and app switching. The camera is decent in daylight but struggles in low-light conditions. Charging speed is also slower than expected considering the large 7000mAh battery. Overall, apart from the battery backup, the phone does not offer the value and user experience I was expecting in this price range."""
REV000224,PH010,Moto G37,Flipkart,"""Moto g37 5g features good value for money"""
REV000225,PH010,Moto G37,Flipkart,"""The back camera is good but the front camera is not so good."""
REV000226,PH010,Moto G37,Flipkart,"""Call and network slow"""
REV000227,PH010,Moto G37,Flipkart,"""Bad phone"""
REV000228,PH010,Moto G37,Flipkart,"""Superb phone"""
REV000229,PH010,Moto G37,Flipkart,"""The phone's camera is not good."""
REV000230,PH010,Moto G37,Flipkart,"""Good"""
REV000231,PH010,Moto G37,Flipkart,"""Very good 😊"""
REV000232,PH010,Moto G37,Flipkart,"""No quality"""
REV000233,PH010,Moto G37,Flipkart,"""Just teribble don't buy mobiles or electronic gadgets from Flipkart if you once received it can't be returned."""
REV000234,PH010,Moto G37,Flipkart,"""Very very bad mobile, also no support from Flipkart for return or replacement."""
REV000235,PH010,Moto G37,Flipkart,"""Nice"""
REV000236,PH010,Moto G37,Flipkart,"""I ❤️ MOBILE"""
REV000237,PH010,Moto G37,Flipkart,"""Excellent"""
REV000238,PH010,Moto G37,Flipkart,"""Excellent product"""
REV000239,PH010,Moto G37,Flipkart,"""Heating issue"""
REV000240,PH010,Moto G37,Flipkart,"""Good"""
REV000241,PH010,Moto G37,Flipkart,"""Phone is good and service is good"""
REV000242,PH010,Moto G37,Flipkart,"""Little expensive according to phone quality"""
REV000243,PH010,Moto G37,Flipkart,"""Hanging problem"""
REV000244,PH010,Moto G37,Flipkart,"""Good"""
REV000245,PH010,Moto G37,Flipkart,"""Ok"""
REV000246,PH010,Moto G37,Flipkart,"""Over all Best...."""
REV000247,PH010,Moto G37,Flipkart,"""Nice and sturdy"""
REV000248,PH010,Moto G37,Flipkart,"""Total overall good"""
REV000249,PH010,Moto G37,Flipkart,"""Good write time delivery so very happy"""
REV000250,PH010,Moto G37,Flipkart,"""Bad not return policy waste of money 😔 not by this product"""
REV000251,PH010,Moto G37,Flipkart,"""Very good product. Believe able Moto"""
REV000252,PH010,Moto G37,Flipkart,"""Overheating and lagging"""
REV000253,PH010,Moto G37,Flipkart,"""Best product"""
REV000254,PH010,Moto G37,Flipkart,"""Excellent"""
REV000255,PH010,Moto G37,Flipkart,"""Nice"""
REV000256,PH010,Moto G37,Flipkart,"""Good"""
REV000257,PH010,Moto G37,Flipkart,"""Please don't buy this mobile especially on Flipkart return option is not there no one help you don't waste your money"""
REV000258,PH010,Moto G37,Flipkart,"""Nice features"""
REV000259,PH010,Moto G37,Flipkart,"""Battery backup is poor. And it doesn't charge fast after 2 hrs of charging it charge 65%"""
REV000260,PH010,Moto G37,Flipkart,"""Over heated. Don't buy this phone."""
REV000261,PH010,Moto G37,Flipkart,"""Bad phone don't buy waste of money"""
REV000262,PH012,Oneplus Nord CE 6 Lite,Flipkart,"""Very nice performance"""
REV000263,PH012,Oneplus Nord CE 6 Lite,Flipkart,"""Best camera phone in this price"""
REV000264,PH012,Oneplus Nord CE 6 Lite,Flipkart,"""Awesome 👍"""
REV000265,PH012,Oneplus Nord CE 6 Lite,Flipkart,"""Good phone in this budget"""
REV000266,PH012,Oneplus Nord CE 6 Lite,Flipkart,"""Nice product"""
REV000267,PH012,Oneplus Nord CE 6 Lite,Flipkart,"""All call not clear voice"""
REV000268,PH012,Oneplus Nord CE 6 Lite,Flipkart,"""good"""
REV000269,PH012,Oneplus Nord CE 6 Lite,Flipkart,"""It shows snapdragon processor in description but actually it is mediatek pr"""
REV000270,PH012,Oneplus Nord CE 6 Lite,Flipkart,"""Nice product 👍"""
REV000271,PH012,Oneplus Nord CE 6 Lite,Flipkart,"""Good product"""
REV000272,PH012,Oneplus Nord CE 6 Lite,Flipkart,"""It could more better in display"""
REV000273,PH012,Oneplus Nord CE 6 Lite,Flipkart,"""Don't purchase this phone waste of money. It's heating a lot and the battery is draining so fast.I"""
REV000274,PH012,Oneplus Nord CE 6 Lite,Flipkart,"""Not good design ... Bad looking design"""
REV000275,PH012,Oneplus Nord CE 6 Lite,Flipkart,"""Good"""
REV000276,PH012,Oneplus Nord CE 6 Lite,Amazon,"""BEST PHONE USING FROM LAST 3 MONTHS , AMAZING PHONE FOR GAMING AND CAMERA WISE , FANTASTIC PURCHASE"""
REV000277,PH012,Oneplus Nord CE 6 Lite,Amazon,"""Big display. Sound are clear. Charging speed impressive. Clean software. Overall awesome device."""
REV000278,PH012,Oneplus Nord CE 6 Lite,Amazon,"""I'm writing this after 3 days of purchase. Camera - Average (not for those looking for a good camera). Battery performance is very good and lasts 1.5 days. In this price range a fast charger should be added. It takes almost 110 minutes for full charging. Minor heating issue after regular use. No lag issue. Front camera wide angle feature is missing. Overall phone is very good in performance and battery backup, but it should carry a fast charger and enhanced camera features."""
REV000279,PH012,Oneplus Nord CE 6 Lite,Amazon,"""Nice phone with good battery and display and phone colour is also good. This is a good phone in this price range."""
REV000280,PH012,Oneplus Nord CE 6 Lite,Amazon,"""Good smartphone."""
REV000281,PH012,Oneplus Nord CE 6 Lite,Amazon,"""Hi this is best quality mobile with battery backup. Thanks."""
REV000282,PH012,Oneplus Nord CE 6 Lite,Amazon,"""After using 15 days, what I have realized is that camera quality is just okay. It misses details in images and I am disappointed with camera performance. Graphical performance of MediaTek is not what I expected. If you are looking for good graphical performance then look for some other phones."""
REV000283,PH012,Oneplus Nord CE 6 Lite,Amazon,"""The OnePlus Nord CE6 Lite offers great battery life, fast charging, a smooth 120Hz display, and reliable performance for everyday tasks. The phone looks premium and feels comfortable to use. Camera quality is good for the price, and OxygenOS provides a clean user experience. Definitely worth buying if you're looking for a budget-friendly smartphone."""
REV000284,PH012,Oneplus Nord CE 6 Lite,Amazon,"""Display looks clean, touch performance is better and improved. Best in durability and compatibility. Fast processor. Good battery life. Overall good experience so far."""
REV000285,PH012,Oneplus Nord CE 6 Lite,Amazon,"""Item is good as of now but had an issue with exchange."""
REV000286,PH012,Oneplus Nord CE 6 Lite,Amazon,"""Good mobile. But may be better in this price range."""
REV000287,PH012,Oneplus Nord CE 6 Lite,Amazon,"""Ok at this price but nothing seems to be impressive."""
REV000288,PH012,Oneplus Nord CE 6 Lite,Amazon,"""The UI feels incredibly smooth. The camera performs decently, the sound quality is good, and the build quality is solid. Overall, it's a well-balanced device that delivers a good experience for everyday use."""
REV000289,PH012,Oneplus Nord CE 6 Lite,Amazon,"""Good. Nothing bad."""
REV000290,PH012,Oneplus Nord CE 6 Lite,Amazon,"""Best item."""
REV000291,PH012,Oneplus Nord CE 6 Lite,Amazon,"""This price range at this time OnePlus Nord CE6 Lite is one of the best choices. Premium look and feel. Camera quality is very good. Battery is very good. Performance is very good. Go for it."""
REV000292,PH012,Oneplus Nord CE 6 Lite,Amazon,"""Good performance but phone weight is high."""
REV000293,PH012,Oneplus Nord CE 6 Lite,Amazon,"""Camera quality is low, rest is okay."""
REV000294,PH012,Oneplus Nord CE 6 Lite,Amazon,"""Okay Okay."""
REV000295,PH012,Oneplus Nord CE 6 Lite,Amazon,"""Good and specification, storage, sleek and slim."""
REV000296,PH012,Oneplus Nord CE 6 Lite,Amazon,"""Another bang for bucks device by OnePlus. Loved the UI and camera quality. Buttery smooth UI. Overall a good performer. I just didn't like the mic quality and sound quality."""
REV000297,PH012,Oneplus Nord CE 6 Lite,Amazon,"""A little heavier than what I imagined. Should have been slim and the feel is not so premium."""
REV000298,PH012,Oneplus Nord CE 6 Lite,Amazon,"""Good for price."""
REV000299,PH012,Oneplus Nord CE 6 Lite,Amazon,"""Decent phone."""
REV000300,PH012,Oneplus Nord CE 6 Lite,Amazon,"""Phone is really good. Go for it."""
REV000301,PH012,Oneplus Nord CE 6 Lite,Amazon,"""Received this mobile. It looks nice and smooth."""
REV000302,PH012,Oneplus Nord CE 6 Lite,Amazon,"""Overall good."""
REV000303,PH012,Oneplus Nord CE 6 Lite,Amazon,"""Battery is good."""
REV000304,PH012,Oneplus Nord CE 6 Lite,Amazon,"""Phone is quite good. Good design, fingerprint sensor in power button, battery backup good. AI features sometimes mess up. Sometimes you may face performance issues. At 23k you may get a better phone in the market."""
REV000305,PH012,Oneplus Nord CE 6 Lite,Amazon,"""Phone features are too good but battery is not sustainable for more than one day."""
REV000306,PH012,Oneplus Nord CE 6 Lite,Amazon,"""Average bas pese k hisab se."""
REV000307,PH012,Oneplus Nord CE 6 Lite,Amazon,"""Overall good quality phone. Best battery life. Camera is just okay."""
REV000308,PH012,Oneplus Nord CE 6 Lite,Amazon,"""Everything is good except camera. Camera is normal."""
REV000309,PH012,Oneplus Nord CE 6 Lite,Amazon,"""Good in this budget."""
REV000310,PH012,Oneplus Nord CE 6 Lite,Amazon,"""I bought this for my mom. Phone is good overall. Cons are not all 5G bands supported and it feels a little laggy due to the MTK processor."""
REV000311,PH012,Oneplus Nord CE 6 Lite,Amazon,"""Very nice interface but the camera is not up to the mark."""
REV000312,PH012,Oneplus Nord CE 6 Lite,Amazon,"""Awesome 😎👍 Maine offer me 19600 ka liya best hai."""
REV000313,PH012,Oneplus Nord CE 6 Lite,Amazon,"""Nice phone, camera is good."""
REV000314,PH012,Oneplus Nord CE 6 Lite,Amazon,"""Overall good smartphone."""
REV000315,PH012,Oneplus Nord CE 6 Lite,Amazon,"""It's pretty good, nice working and processor is good."""
REV000316,PH012,Oneplus Nord CE 6 Lite,Amazon,"""Best mobile in range."""
REV000317,PH012,Oneplus Nord CE 6 Lite,Amazon,"""My old AMOLED gave me terrible headaches from PWM flickering at night, but this Nord CE6 Lite screen is so easy on the eyes. The colors actually look natural. Good battery life, lasts 2 days with one charge."""
REV000318,PH012,Oneplus Nord CE 6 Lite,Amazon,"""Nice product."""
REV000319,PH012,Oneplus Nord CE 6 Lite,Amazon,"""Good."""
REV000320,PH012,Oneplus Nord CE 6 Lite,Amazon,"""Good battery life and camera quality."""
REV000321,PH012,Oneplus Nord CE 6 Lite,Amazon,"""Nice to use, battery lasts for three days. Mild heat is there, otherwise no issues."""
REV000322,PH012,Oneplus Nord CE 6 Lite,Amazon,"""Quality was awesome."""
REV000323,PH012,Oneplus Nord CE 6 Lite,Amazon,"""Awesome."""
REV000324,PH012,Oneplus Nord CE 6 Lite,Amazon,"""Slow performance. Battery backup good. Charging slow. Camera okay."""
REV000325,PH012,Oneplus Nord CE 6 Lite,Amazon,"""Product is good."""
REV000326,PH012,Oneplus Nord CE 6 Lite,Amazon,"""Good quality so far. Only a week yet let's see for great experience."""
REV000327,PH012,Oneplus Nord CE 6 Lite,Amazon,"""I have earlier used OnePlus 3 and it worked almost 5+ years without issues. Fast charging is really good. The bad thing is the LCD display and that it is prone to scratches. It is a good phone overall."""
REV000328,PH012,Oneplus Nord CE 6 Lite,Amazon,"""A very good product for value of money and customer needs."""
REV000329,PH012,Oneplus Nord CE 6 Lite,Amazon,"""Good."""
REV000330,PH012,Oneplus Nord CE 6 Lite,Amazon,"""Phone is great. Camera quality is 8/10. Very smooth. Battery backup is also good. I only wish it had an AMOLED display instead of IPS LCD."""
REV000331,PH012,Oneplus Nord CE 6 Lite,Amazon,"""This phone is pure value for money. At this price you get a 7000mAh battery, 144Hz screen, and fast performance. I like the clean software and AI features too."""
REV000332,PH012,Oneplus Nord CE 6 Lite,Amazon,"""Coming from a 3-year-old Samsung, this Nord CE6 Lite is good value for money. Gaming is fast. Battery life is great. No regrets."""
REV000333,PH012,Oneplus Nord CE 6 Lite,Amazon,"""Overall very good. I found more than expected."""
REV000334,PH012,Oneplus Nord CE 6 Lite,Amazon,"""I have received OnePlus Nord CE6 Lite on 5 June 2026. After using it for 4 days, my review is that it is good in this price range. Camera is good but not the best. Extra features like vapour chamber cooling and bypass charging are useful for gamers."""
REV000335,PH012,Oneplus Nord CE 6 Lite,Amazon,"""The delivery guy was good; he opened the box, let me check the phone, and the phone was working alright."""
REV000336,PH012,Oneplus Nord CE 6 Lite,Amazon,"""The OnePlus Nord CE6 Lite 5G is a solid budget smartphone that focuses on battery life, smooth performance, and everyday reliability. The 7000mAh battery easily lasts up to two days."""
REV000337,PH012,Oneplus Nord CE 6 Lite,Amazon,"""Good battery backup. Display quality better. Camera is also good."""
REV000338,PH012,Oneplus Nord CE 6 Lite,Amazon,"""Battery life is good. Screen size is perfect."""
REV000339,PH012,Oneplus Nord CE 6 Lite,Amazon,"""Regret for inconvenience... it's my mistake. The device is working."""
REV000340,PH012,Oneplus Nord CE 6 Lite,Amazon,"""Best in segment value for money product."""
REV000341,PH012,Oneplus Nord CE 6 Lite,Amazon,"""Item was good, working as per expectation. I am satisfied."""
REV000342,PH012,Oneplus Nord CE 6 Lite,Amazon,"""Okay okay."""
REV000343,PH012,Oneplus Nord CE 6 Lite,Amazon,"""Nice phone with unbeatable features."""
REV000344,PH012,Oneplus Nord CE 6 Lite,Amazon,"""Very nice mobile."""
REV000345,PH012,Oneplus Nord CE 6 Lite,Amazon,"""Good quality product."""
REV000346,PH012,Oneplus Nord CE 6 Lite,Amazon,"""Nice product."""
REV000347,PH012,Oneplus Nord CE 6 Lite,Amazon,"""Bought it on the launch day. Have been loving it so far. Camera and battery backup are as advertised. Good value for money."""
REV000348,PH012,Oneplus Nord CE 6 Lite,Amazon,"""Camera quality is very bad. Volume buttons make noise while increasing volume. Overall I'm not satisfied with this product."""
REV000349,PH012,Oneplus Nord CE 6 Lite,Amazon,"""The OnePlus Nord CE 6 Lite offers a sleek design with a premium look and comfortable grip. 120Hz display, impressive battery life, and great value for money."""
REV000350,PH012,Oneplus Nord CE 6 Lite,Amazon,"""Good product."""
REV000351,PH012,Oneplus Nord CE 6 Lite,Amazon,"""Good product."""
REV000352,PH012,Oneplus Nord CE 6 Lite,Amazon,"""At the time of delivery the inside box seal was opened."""
REV000353,PH012,Oneplus Nord CE 6 Lite,Amazon,"""Excellent battery life with super-fast charging. Smooth display and reliable performance for daily use. Great value-for-money smartphone."""
REV000354,PH012,Oneplus Nord CE 6 Lite,Amazon,"""Nice product."""
REV000355,PH012,Oneplus Nord CE 6 Lite,Amazon,"""Very good and excellent."""
REV000356,PH012,Oneplus Nord CE 6 Lite,Amazon,"""Good."""
REV000357,PH012,Oneplus Nord CE 6 Lite,Amazon,"""One of the best mobiles I bought in a couple of years. Performance superb for gaming. 7000mAh battery is enough for the whole day."""
REV000358,PH012,Oneplus Nord CE 6 Lite,Amazon,"""Phone is good but delivery experience was disappointing. Parcel was delayed, calls ignored, and misleading information was provided."""
REV000359,PH012,Oneplus Nord CE 6 Lite,Amazon,"""Phone battery is good and performance is also good but camera is okay okay."""
REV000360,PH012,Oneplus Nord CE 6 Lite,Amazon,"""Good."""
REV000361,PH012,Oneplus Nord CE 6 Lite,Amazon,"""Good."""
REV000362,PH012,Oneplus Nord CE 6 Lite,Amazon,"""Best OnePlus phone."""
REV000363,PH012,Oneplus Nord CE 6 Lite,Amazon,"""Nice super."""
REV000364,PH012,Oneplus Nord CE 6 Lite,Amazon,"""Nice."""
REV000365,PH012,Oneplus Nord CE 6 Lite,Amazon,"""Ok but not impressed."""
REV000366,PH012,Oneplus Nord CE 6 Lite,Amazon,"""Nice product."""
REV000367,PH012,Oneplus Nord CE 6 Lite,Amazon,"""Good compact phone. Feels good in hand. Camera quality and daily routine operation is good. A little bit expensive. World's best phone."""
REV000368,PH012,Oneplus Nord CE 6 Lite,Amazon,"""Nice looking. Great camera. Super battery life."""
REV000369,PH012,Oneplus Nord CE 6 Lite,Amazon,"""Nice."""
REV000370,PH012,Oneplus Nord CE 6 Lite,Amazon,"""Awesome mobile."""
REV000371,PH012,Oneplus Nord CE 6 Lite,Amazon,"""Good."""
REV000372,PH012,Oneplus Nord CE 6 Lite,Amazon,"""Battery, camera and display all are amazing. All-rounder phone."""
REV000373,PH012,Oneplus Nord CE 6 Lite,Amazon,"""Good compact phone. Feels good in hand. Camera quality and normal daily routine operation is good. A little bit expensive."""
REV000374,PH012,Oneplus Nord CE 6 Lite,Amazon,"""Satisfied with performance as per price."""
REV000375,PH013,Poco C81,Flipkart,"""Slow performance"""
REV000376,PH013,Poco C81,Flipkart,"""Good"""
REV000377,PH013,Poco C81,Flipkart,"""Very nice phone"""
REV000378,PH013,Poco C81,Flipkart,"""Very worst performance"""
REV000379,PH013,Poco C81,Flipkart,"""Hang phone"""
REV000380,PH013,Poco C81,Flipkart,"""This is 4G phone, don't BUY."""
REV000381,PH013,Poco C81,Flipkart,"""good"""
REV000382,PH013,Poco C81,Flipkart,"""Performance very slow or Overhiting please exchange my phone"""
REV000383,PH013,Poco C81,Flipkart,"""Okay product"""
REV000384,PH013,Poco C81,Flipkart,"""Better"""
REV000385,PH013,Poco C81,Flipkart,"""Worst phone ever"""
REV000386,PH014,Poco C81x,Flipkart,"""Thank you flipkart"""
REV000387,PH014,Poco C81x,Flipkart,"""Okay 👍"""
REV000388,PH014,Poco C81x,Flipkart,"""Good"""
REV000389,PH014,Poco C81x,Flipkart,"""Good but it took lots of time to charge"""
REV000390,PH014,Poco C81x,Flipkart,"""Not worth money, heats while charging"""
REV000391,PH014,Poco C81x,Flipkart,"""Good Mobile"""
REV000392,PH014,Poco C81x,Flipkart,"""Performance not best"""
REV000393,PH014,Poco C81x,Flipkart,"""Phone has heat problem. Heat is so high while charging the phone. Also takes much time to charge after 60%"""
REV000394,PH014,Poco C81x,Flipkart,"""Very bad"""
REV000395,PH014,Poco C81x,Flipkart,"""Bad phone"""
REV000396,PH014,Poco C81x,Flipkart,"""Very bad"""
REV000397,PH015,Redmi A7,Flipkart,"""very nice"""
REV000398,PH015,Redmi A7,Flipkart,"""very very disappointing mobile"""
REV000399,PH015,Redmi A7,Amazon,"""nice"""
REV000400,PH015,Redmi A7,Amazon,"""Very low sound quality"""
REV000401,PH015,Redmi A7,Amazon,"""Too much expensive in category"""
REV000402,PH015,Redmi A7,Amazon,"""Not charging well n not cleared the speaker"""
REV000403,PH015,Redmi A7,Amazon,"""It doesn't even have the mi hyper os and basic apps and also miss sensors"""
REV000404,PH015,Redmi A7,Amazon,"""Phone budget to hisab se mast hai. Battery pure din chal jati hai aur display bhi kaafi badi hai. WhatsApp, YouTube aur normal use ke diye bilkul sahi hai. Camera bhi theek hai din me photo ke lien. Is price me value for money and money"""
REV000405,PH016,Redmi A7 Pro,Flipkart,"""Very slow mobile phone"""
REV000406,PH016,Redmi A7 Pro,Flipkart,"""Awesome"""
REV000407,PH016,Redmi A7 Pro,Flipkart,"""All things are good except the charge it is not working I am using a different charger to charge"""
REV000408,PH016,Redmi A7 Pro,Flipkart,"""Need to be camera improve very bad photos"""
REV000409,PH016,Redmi A7 Pro,Flipkart,"""Amazing"""
REV000410,PH016,Redmi A7 Pro,Flipkart,"""Satisfied"""
REV000411,PH016,Redmi A7 Pro,Flipkart,"""nice photo"""
REV000412,PH016,Redmi A7 Pro,Flipkart,"""Pouch kittiyilla"""
REV000413,PH016,Redmi A7 Pro,Flipkart,"""Good 👍"""
REV000414,PH016,Redmi A7 Pro,Flipkart,"""So good"""
REV000415,PH016,Redmi A7 Pro,Flipkart,"""Value for money"""
REV000416,PH016,Redmi A7 Pro,Flipkart,"""Everything is good"""
REV000417,PH016,Redmi A7 Pro,Flipkart,"""Camera could be better. Redmi 13 offered a better camera"""
REV000418,PH016,Redmi A7 Pro,Flipkart,"""Biuty full product"""
REV000419,PH016,Redmi A7 Pro,Flipkart,"""Battery Charging is very slow"""
REV000420,PH016,Redmi A7 Pro,Flipkart,"""Battery timing very bad"""
REV000421,PH016,Redmi A7 Pro,Flipkart,"""One of the worst product"""
REV000422,PH016,Redmi A7 Pro,Flipkart,"""Waste of money"""
REV000423,PH016,Redmi A7 Pro,Flipkart,"""There is mobile sound n network issue this is damage phone. Not satisfied"""
REV000424,PH016,Redmi A7 Pro,Flipkart,"""Mobile is heating when in use"""
REV000425,PH016,Redmi A7 Pro,Flipkart,"""Very bad quality produ.dont purchase any please.very very bad quality slow performance hanging poor quality over heating etc."""
REV000426,PH016,Redmi A7 Pro,Flipkart,"""Not performing as per configuration. Too slow phone. Battery backup is also not good. Only one day backup similar like my 3 years old phone. Not value for money."""
REV000427,PH016,Redmi A7 Pro,Flipkart,"""Very worst products, phone full hang, no using"""
REV000428,PH016,Redmi A7 Pro,Flipkart,"""Phone performance was not ok, very slow processing with this price range."""
REV000429,PH016,Redmi A7 Pro,Flipkart,"""Not good totally waste off money don't by this phone"""
REV000430,PH016,Redmi A7 Pro,Flipkart,"""Very poor performance, hanging problem"""
REV000431,PH016,Redmi A7 Pro,Flipkart,"""Third class mobile by redmi😤😤😤"""
REV000432,PH016,Redmi A7 Pro,Flipkart,"""Bery bad mobile over heating and very slow charging 1% charging 20 minutes"""
REV000433,PH016,Redmi A7 Pro,Flipkart,"""Good mobile phone in affordable price."""
REV000434,PH016,Redmi A7 Pro,Flipkart,"""Very good 👍🏻"""
REV000435,PH016,Redmi A7 Pro,Flipkart,"""Camera quality bad"""
REV000436,PH016,Redmi A7 Pro,Flipkart,"""Very Big Size Looks Like a Tab"""
REV000437,PH016,Redmi A7 Pro,Flipkart,"""Overheating issue"""
REV000438,PH016,Redmi A7 Pro,Flipkart,"""bad camara"""
REV000439,PH016,Redmi A7 Pro,Flipkart,"""Don't buy. Battery always hit."""
REV000440,PH016,Redmi A7 Pro,Flipkart,"""The camera isn't as good as expected. Charging is very slow. The phone hangs and runs very slowly. This phone isn't value for money. Its features aren't as impressive as stated."""
REV000441,PH016,Redmi A7 Pro,Flipkart,"""Overheating. Battery fast down. Sololy working. 5 to 10 second time for windows change"""
REV000442,PH016,Redmi A7 Pro,Flipkart,"""Overall average performance within the budget."""
REV000443,PH016,Redmi A7 Pro,Flipkart,"""One of the worst mobile I have purchased...this mobile has voice and Brightness issue...i went to service center they said there is no problem and we cannot replace the phone.... My trust on redmi is ..."""
REV000444,PH016,Redmi A7 Pro,Flipkart,"""Everything is okay except the poor camera quality and the useless virtual proximity sensor. And the speaker quality could be a little better."""
REV000445,PH016,Redmi A7 Pro,Flipkart,"""Wrost products so much hang"""
REV000446,PH016,Redmi A7 Pro,Flipkart,"""Camera quality is like 7-8k phone not as expected."""
REV000447,PH016,Redmi A7 Pro,Amazon,"""The battery life on this phone is an absolute beast, and the massive 120Hz screen is incredible for watching videos. However, the 64GB storage fills up almost instantly with Android 16 system files, and the 15W charging takes nearly 3 hours. It's a fantastic, future-proof budget 5G phone for casual use, but you will definitely need to buy a MicroSD card for extra space."""
REV000448,PH016,Redmi A7 Pro,Amazon,"""Cons: 4gb ram sucks. The second you put any app like youtube, Amazon, Chrome or any other significant app in the background, system closes that app. The app restarts upon opening again. It's impossible to write OTP in any app, since you have to minimize the app to open the msg app to see OTP. And when you get back to the app to write otp, the app restarts. Out of 4gb ram only 1.5gb ram is accessible. 6300mah feels average (I have installed 2 Sims and use it under 5g). It barely lasts one day. Only buy this phone for calls and watching YouTube or if you want cheapest 5g phone. It costed me 11k with all the discounts. Pros: Large screen. Battery management app is very effective. 4 years OS updates. Honestly nothing else."""
REV000449,PH016,Redmi A7 Pro,Amazon,"""The massive 6,300mAh battery provides incredible two-day endurance, making it perfect for long trips. Its huge 6.9-inch 120Hz display offers a smooth and immersive viewing experience for movies and videos. The Wet Touch 2.0 technology is a game-changer, allowing for easy navigation even with damp fingers. With a promise of 6 years of security updates, it offers the best long-term value in its price segment. The 5G connectivity and HyperOS 3.0 deliver a modern, snappy performance for all daily essential apps."""
REV000450,PH016,Redmi A7 Pro,Amazon,"""I ordered this phone for my Mom on mother's day, and my Mom is really happy to use this phone. Amazon delivery was pretty good and was on time. About this phone, REDMI A7 Pro 5G is the best in the segment, but personally I found this phone is little slow, and the charger of 33W doesn't support fast charging. It takes long time to reach 100%, and I found some body heating issues. Rest the phone is excellent. Check some better options if you want to buy in this range."""
REV000451,PH016,Redmi A7 Pro,Amazon,"""The worst phone I bought ever. To be honest, I wouldn't even give it a single star if that were an option, but since one star is the minimum required to post a review, I am forced to give it that. This phone has been a total nightmare to use. It is riddled with constant glitches that make the overall experience extremely frustrating. The biggest issue is the aggressive app refreshing; every time I switch between apps, they restart or refresh immediately. Multitasking is impossible, and the phone struggles with even the most basic tasks. It has terrible hanging issues that make the device completely unresponsive during normal use. The constant glitches and app refreshing are so frustrating that even basic multitasking is impossible. There is absolutely no point in buying this device. It is a complete waste of money and I highly recommend staying away from it. Don't make the same mistake I did!"""
REV000452,PH016,Redmi A7 Pro,Amazon,"""It's a good device. I got it around 10k with my old device replacement. It's a blue colored. Good design. Nice features. AI enabled. 4-128 variant I have. Nice device. Amazon person also verified my old device very well. One issue I noticed is that phone gets heat up when it's on charging. Only concern is this one."""
REV000453,PH016,Redmi A7 Pro,Amazon,"""Speed ella.slow"""
REV000454,PH016,Redmi A7 Pro,Amazon,"""After a month of use, a budget friendly phone, ideal for 50+ age group. Build quality 4⭐, sound quality 4⭐, network connection 5⭐, display 5⭐, processor 4⭐, battery charging 20 to 100% takes two hours 4.5⭐, video rendering 5⭐, voice call & video call 4⭐, games like candy crush, rail rush, subway surfers & temple run 5⭐. If they can provide upcoming 4 OS it would be better. Little bit of heating when using camera. Default settings should be modified to make it easier to use."""
REV000455,PH016,Redmi A7 Pro,Amazon,"""Phone me cover missing hai company ne nhi diya. Amazon ko call kiya. 13499 price me ye phone sahi hai kyunki ye budget phone hai. 4GB 128GB sahi hai aur battery bhi sahi hai but charging slow hai. Is year phone ka rate high hai to 13499 me 5G phone achha option hai."""
REV000456,PH016,Redmi A7 Pro,Amazon,"""The phone is sleek and good for this price. The company claims 6300mAH battery but the battery performance is poor. Even after full charge and without switching on the Internet it is giving a backup of 1.5 days. All apps are deactivated still I am getting this result. With internet use (only 2 hr Google/Youtube) it is giving backup of 20 hrs."""
REV000457,PH016,Redmi A7 Pro,Amazon,"""I purchased this mobile for official usage, and it solved the purpose. Not so bad, not very good, just value for money."""
REV000458,PH016,Redmi A7 Pro,Amazon,"""Budget phone, good quality and camera poor quality and software performance medium quality."""
REV000459,PH016,Redmi A7 Pro,Amazon,"""No glass backcover and pin to open sim slot was given. Not that much service got that I expect. Only the charger and mobile was given."""
REV000460,PH016,Redmi A7 Pro,Amazon,"""Nice product."""
REV000461,PH016,Redmi A7 Pro,Amazon,"""Nice product. Redmi India made. Good super Redmi."""
REV000462,PH016,Redmi A7 Pro,Amazon,"""Itna acha bhi nhi. Price ke hisab se thik hai. Old age walo ke liye thik hai. Heating issue Redmi me rehta hi hai to isme bhi hai. Charge hone me 2 hour leta hai. IP rating bahot kharab hai. Is range me other options better hain."""
REV000463,PH016,Redmi A7 Pro,Amazon,"""Back camera is worst. Other things are average."""
REV000464,PH016,Redmi A7 Pro,Amazon,"""Nice to see and good choice for me."""
REV000465,PH016,Redmi A7 Pro,Amazon,"""Budget Mobile."""
REV000466,PH016,Redmi A7 Pro,Amazon,"""Nice phone."""
REV000467,PH016,Redmi A7 Pro,Amazon,"""Phone size display is good but phone lags little bit. 4GB 128GB variant has no animation opening apps and closing. I didn't receive phone back cover. Ok for ladies and senior citizens who use daily YouTube and Instagram."""
REV000468,PH016,Redmi A7 Pro,Amazon,"""Good for basic use, but the RAM should be higher capacity."""
REV000469,PH016,Redmi A7 Pro,Amazon,"""It is user friendly mobile."""
REV000470,PH016,Redmi A7 Pro,Amazon,"""Nice phone."""
REV000471,PH016,Redmi A7 Pro,Amazon,"""Speaker not good."""
REV000472,PH016,Redmi A7 Pro,Amazon,"""Touch quality poor, sound quality good, network connectivity ok."""
REV000473,PH016,Redmi A7 Pro,Amazon,"""It heats up while charging and the camera is not so good."""
REV000474,PH016,Redmi A7 Pro,Amazon,"""As per order eligibility for prime members in ICICI card Rs 599 cashback but not received the full amount."""
REV000475,PH016,Redmi A7 Pro,Amazon,"""This is very basic and cannot handle much data even with 5G or WiFi. It lags for videos. Display is good and battery lasts full day on moderate use."""
REV000476,PH016,Redmi A7 Pro,Amazon,"""Camera quality is too low."""
REV000477,PH016,Redmi A7 Pro,Amazon,"""Battery is taking too much time to charge."""
REV000478,PH016,Redmi A7 Pro,Amazon,"""Is price range me one of the best 5G phone."""
REV000479,PH016,Redmi A7 Pro,Amazon,"""Poor working. Slow processing."""
REV000480,PH016,Redmi A7 Pro,Amazon,"""Good."""
REV000481,PH016,Redmi A7 Pro,Amazon,"""The phone is better at this price. 5G, decent processor, good camera, good display size, good battery and Android OS. But when we play video it is on the slower side and apps open slowly. Other than these cons, it is a better mobile at this cost."""
REV000482,PH016,Redmi A7 Pro,Amazon,"""So far good performance."""
REV000483,PH016,Redmi A7 Pro,Amazon,"""Charging takes ages to complete, not sure if this is for real."""
REV000484,PH016,Redmi A7 Pro,Amazon,"""Very average phone in performance and features. If you want a basic smartphone below 14K range, it gets the job done."""
REV000485,PH016,Redmi A7 Pro,Amazon,"""Camera quality and phone display is very very poor. Phone design is good."""
REV000486,PH016,Redmi A7 Pro,Amazon,"""Looking good, value for money."""
REV000487,PH016,Redmi A7 Pro,Amazon,"""It mentioned protective cover with box but missing in the box. Auto brightness does not work properly."""
REV000488,PH016,Redmi A7 Pro,Amazon,"""Protective cover missing and back camera photo not good."""
REV000489,PH016,Redmi A7 Pro,Amazon,"""Worth it!"""
REV000490,PH016,Redmi A7 Pro,Amazon,"""Phone is nice, delivery was smooth but didn't get protective case, only phone and charger."""
REV000491,PH016,Redmi A7 Pro,Amazon,"""Good smartphone."""
REV000492,PH016,Redmi A7 Pro,Amazon,"""Very good product. Thank you Amazon."""
REV000493,PH016,Redmi A7 Pro,Amazon,"""Battery draining issue."""
REV000494,PH016,Redmi A7 Pro,Amazon,"""Protective case missing in box."""
REV000495,PH016,Redmi A7 Pro,Amazon,"""Good products from MI. My first mobile was MI, secondly Realme, third again MI mobiles."""
REV000496,PH016,Redmi A7 Pro,Amazon,"""Didn't get any protective case, rest all seems good."""
REV000497,PH016,Redmi A7 Pro,Amazon,"""Nice mobile in this segment. Trustworthy product and brand."""
REV000498,PH016,Redmi A7 Pro,Amazon,"""Very good product ok."""
REV000499,PH016,Redmi A7 Pro,Amazon,"""Super."""
REV000500,PH016,Redmi A7 Pro,Amazon,"""Best."""
REV000501,PH016,Redmi A7 Pro,Amazon,"""As it tells protective cover in box, but it's missing."""
REV000502,PH016,Redmi A7 Pro,Amazon,"""I don't know if the problem is mine itself or not as I find that internet disconnects every now and then on this handset. I can't complete a Teams call peacefully. The internet gets lost and it's so disappointing."""
REV000503,PH016,Redmi A7 Pro,Amazon,"""The 1.5GB accessible RAM on the REDMI A7 Pro 5G creates significant performance limitations. Apps constantly restart when switching between them. Multitasking becomes impossible. The system aggressively closes background apps. Even basic tasks become sluggish."""
REV000504,PH016,Redmi A7 Pro,Amazon,"""Worst phone I have used ever. Wifi issue from the very first day. Lagging issue also added later. Visited service centre 5 times and software was reinstalled but issue not resolved. Extremely disappointed with after-sales service."""
REV000505,PH016,Redmi A7 Pro,Amazon,"""Very slow in opening the menus. Camera quality is very poor. Charging is very slow."""
REV000506,PH016,Redmi A7 Pro,Amazon,"""Performance is too slow. Taking time for opening apps."""
REV000507,PH016,Redmi A7 Pro,Amazon,"""Touch not working properly. Slowly chal raha hai."""
REV000508,PH016,Redmi A7 Pro,Amazon,"""The phone is slow as Redmi Note 8 Pro. Fast charging option is available but not with the inbox charger. Everything else is appropriate for the price."""
REV000509,PH016,Redmi A7 Pro,Amazon,"""It's not proper working. At the time of charging it becomes hot."""
REV000510,PH016,Redmi A7 Pro,Amazon,"""Garmi me kaam nahi kar raha hai. Bahut jaldi heat ho raha hai. Network chale jate hai. Charging time bahut zyada hai."""
REV000511,PH016,Redmi A7 Pro,Amazon,"""Totally disappointed. My 4 year old phone is working better than this phone. It heats a lot while charging. Any app hardly opens properly. It seems not more than 1GB RAM."""
REV000512,PH016,Redmi A7 Pro,Amazon,"""Not worthy for that price tag. Minimum 6GB RAM should be required for smooth functioning. Phone often lags while in use."""
REV000513,PH016,Redmi A7 Pro,Amazon,"""Phone is lagging constantly. Very bad experience."""
REV000514,PH016,Redmi A7 Pro,Amazon,"""Very nice mobile. Value for money in this price range."""
REV000515,PH016,Redmi A7 Pro,Amazon,"""This mobile is not as good as the others I have used so far. I am not feeling good while using it."""
REV000516,PH016,Redmi A7 Pro,Amazon,"""I purchased a Redmi A7 Pro phone for my wife around 25 days ago, but the experience has been very disappointing. The phone is extremely slow in day-to-day usage. Incoming calls often freeze the phone and the caller screen appears late. Would not recommend this phone."""
REV000517,PH016,Redmi A7 Pro,Amazon,"""The worst phone I bought ever. It hangs with constant glitches. Suddenly the network goes off. Multitasking is impossible and the phone struggles with even basic tasks. Complete waste of money."""
REV000518,PH016,Redmi A7 Pro,Amazon,"""Fantastic, awesome mobile, super features."""
REV000519,PH016,Redmi A7 Pro,Amazon,"""Good."""
REV000520,PH016,Redmi A7 Pro,Amazon,"""I am disappointed with both the product and the after-sales support. The device developed issues shortly after purchase. Instead of offering a return, I was asked to visit a service center. The overall experience has been frustrating."""
REV000521,PH016,Redmi A7 Pro,Amazon,"""While purchasing a new phone at this price range I did a lot of research and finally chose Redmi A7 Pro 5G. Everything is balanced in this phone and it meets my expectations."""
REV000522,PH016,Redmi A7 Pro,Amazon,"""Phone cover is missing and phone is hanging a lot. Even at 120Hz refresh rate it takes 2 seconds to open apps. Very frustrating."""
REV000523,PH016,Redmi A7 Pro,Amazon,"""Good performance."""
REV000524,PH016,Redmi A7 Pro,Amazon,"""Bakwas phone hai. Don't purchase."""
REV000525,PH016,Redmi A7 Pro,Amazon,"""I have bought this for an uncle. He is very happy with this phone. Battery backup is impressive."""
REV000526,PH016,Redmi A7 Pro,Amazon,"""Great."""
REV000527,PH016,Redmi A7 Pro,Amazon,"""Good one, every penny worth it."""
REV000528,PH016,Redmi A7 Pro,Amazon,"""Nice phone with good battery life and display. Awesome performance."""
REV000529,PH016,Redmi A7 Pro,Amazon,"""While purchasing a new phone at this price range I went through many researches and finally selected Redmi A7 Pro 5G. Everything is balanced and I am happy with this phone."""
REV000530,PH016,Redmi A7 Pro,Amazon,"""No other smartphone brand can come closer to this. Impressive design. I purchased this for my friend and he is very happy."""
REV000531,PH016,Redmi A7 Pro,Amazon,"""Best mobile in this price."""
REV000532,PH016,Redmi A7 Pro,Amazon,"""Very good. Sometimes all apps become slow and need a restart."""
REV000533,PH016,Redmi A7 Pro,Amazon,"""Working super."""
REV000534,PH016,Redmi A7 Pro,Amazon,"""Very good mobile for a senior person at home. I got it for an uncle and he is very happy."""
REV000535,PH016,Redmi A7 Pro,Amazon,"""Nice looking phone. Super battery life. Good budget phone by Redmi."""
REV000536,PH016,Redmi A7 Pro,Amazon,"""Superb."""
REV000537,PH016,Redmi A7 Pro,Amazon,"""Camera quality bad."""
REV000538,PH016,Redmi A7 Pro,Amazon,"""Very good phone and battery backup very good. Camera is nice and build quality is strong."""
REV000539,PH016,Redmi A7 Pro,Amazon,"""The massive 6,300mAh battery provides incredible two-day endurance, making it perfect for long trips. Its huge 6.9-inch 120Hz display offers a smooth and immersive viewing experience for movies and videos. The Wet Touch 2.0 technology is a game-changer. With a promise of 6 years of security updates, it offers the best long-term value in its price segment. The 5G connectivity and HyperOS 3.0 deliver a modern, snappy performance for all daily essential apps."""
REV000540,PH017,Tecno Pop X 5G,Amazon,"""Thank you nice product"""
REV000541,PH017,Tecno Pop X 5G,Amazon,"""Display resolution is very low for the price being sold. Very bad model charging high price for a stupid model with lower resolution when leading brands at same price available for display resolution of 1080x2304 pixels or higher. Useless American company blaming sellers for not displaying product info correctly. I will take appropriate legal action against this stupid American entity looting Indian customers."""
REV000542,PH017,Tecno Pop X 5G,Amazon,"""Really disappointed with the speakers. I need refund. Very low quality sound. One day use I feel something wrong with the speakers."""
REV000543,PH017,Tecno Pop X 5G,Amazon,"""Good handset with premium feel. With both front and back flash light. Display is also good enough as per price paid. In hand feel is outstanding. Box content is worth."""
REV000544,PH017,Tecno Pop X 5G,Amazon,"""Good product for using."""
REV000545,PH017,Tecno Pop X 5G,Amazon,"""Whatever they are claiming about mobile being fast and having good camera is all false. The phone hangs from day one. It is heating so rapidly like it's gonna blast on the spot. Don't buy not just this model but anything from this brand/seller since they are making false claims regarding their devices."""
REV000546,PH017,Tecno Pop X 5G,Amazon,"""Bahut badiya phone hai lekin mat lena. Kisne banaya ye bawaal. Amazing phone, very good, superb quality, lekin mat lena."""
REV000547,PH018,Vivo Y05,Amazon,"""Good."""
REV000548,PH018,Vivo Y05,Amazon,"""Performance not as expected. If the mobile can be exchanged for a higher version by paying the difference, I will be too glad."""
REV000549,PH018,Vivo Y05,Amazon,"""Lot of hanging problems."""
REV000550,PH018,Vivo Y05,Amazon,"""Nice."""
REV000551,PH018,Vivo Y05,Amazon,"""I want to return the product."""
REV000552,PH018,Vivo Y05,Amazon,"""Very bad product. Slow. Hanging. SIM slot is not working properly. This mobile takes minimum one minute to respond to our clicks and any operations. Network connectivity is another issue. I tried to return the product, but the tab to write the reason for return is not functioning. Without this we can't return Vivo Y05."""
REV000553,PH018,Vivo Y05,Amazon,"""Good."""
REV000554,PH018,Vivo Y05,Amazon,"""Defective piece. Not working and SIM ejector not working."""
REV000555,PH018,Vivo Y05,Amazon,"""5G bol ke 4G phone de diya."""
REV000556,PH018,Vivo Y05,Amazon,"""Display is not good. Phone is also slow. Not expected from Vivo."""
REV000557,PH019,Oppo F33 5G,Flipkart,"""Ok good but price this futures phone is high"""
REV000558,PH019,Oppo F33 5G,Flipkart,"""camera is good in daylight, photos coming clear but night time performance is average"""
REV000559,PH019,Oppo F33 5G,Flipkart,"""good"""
REV000560,PH019,Oppo F33 5G,Flipkart,"""very very bad quality"""
REV000561,PH019,Oppo F33 5G,Flipkart,"""do not buy this phone"""
REV000562,PH019,Oppo F33 5G,Flipkart,"""Quality and durable product.with 7000mAh battery life .Picture quality is good as it has 50mp camera.Value for money if you apply bank offer and exchange"" offer .premium appearance."
REV000563,PH019,Oppo F33 5G,Flipkart,"""Must go product smooth working ,lag free ,its durable and strong phone .Screen is good and has high brightness."""
REV000564,PH019,Oppo F33 5G,Flipkart,"""good battery life"""
REV000565,PH019,Oppo F33 5G,Amazon,"""Super phone"""
REV000566,PH019,Oppo F33 5G,Amazon,"""I am very disappointed with this purchase. For the price point, the front camera being only 16 MP is unacceptable — I expected at least a 50 MP option or an easy upgrade path. Additionally, there is no exchange option available even when I offered to pay the difference for a higher-spec model. As a paying customer, I am frustrated that the device does not meet my needs and that Amazon is not accommodating a return or exchange."""
REV000567,PH019,Oppo F33 5G,Amazon,"""I will give the rating only for mobile look."""
REV000568,PH019,Oppo F33 5G,Amazon,"""Review after 20 days phone used. Performance good, camera quality average, battery backup good running 24 hours with heavy usage. Overall phone price high compared with features. Same features available in 22k price phones."""
REV000569,PH019,Oppo F33 5G,Amazon,"""Quality and durable product with 7000mAh battery life. Picture quality is good as it has 50MP camera. Value for money if you apply bank offer and exchange offer. Premium appearance."""
REV000570,PH019,Oppo F33 5G,Amazon,"""Must go product. Smooth working, lag free, durable and strong phone. Screen is good and has high brightness. Good battery life."""
REV000571,PH020,Vivo T5 Pro 5G,Flipkart,"""Very good phone very nice camera thanks Vivo"""
REV000572,PH020,Vivo T5 Pro 5G,Flipkart,"""Super phone"""
REV000573,PH020,Vivo T5 Pro 5G,Flipkart,"""Good Product"""
REV000574,PH020,Vivo T5 Pro 5G,Flipkart,"""A made a good choice selecting VIVO T5 pro"""
REV000575,PH020,Vivo T5 Pro 5G,Flipkart,"""Very nice phone and good battery nice camera"""
REV000576,PH020,Vivo T5 Pro 5G,Flipkart,"""It is a very good mobile, the camera is good, the processor is also good and the looks are very nice. I am very happy with this mobile."""
REV000577,PH020,Vivo T5 Pro 5G,Flipkart,"""Phone is heating"""
REV000578,PH020,Vivo T5 Pro 5G,Flipkart,"""Super vivo smart phone 📱🤳"""
REV000579,PH020,Vivo T5 Pro 5G,Flipkart,"""Supar mobile 📲"""
REV000580,PH020,Vivo T5 Pro 5G,Flipkart,"""Value for money.......ur normal user best choice"""
REV000581,PH020,Vivo T5 Pro 5G,Flipkart,"""Performance and battery backup is very good but the camera is decent"""
REV000582,PH020,Vivo T5 Pro 5G,Flipkart,"""Nice camera, nice performance"""
REV000583,PH020,Vivo T5 Pro 5G,Flipkart,"""Good product. Buy it for battery service"""
REV000584,PH020,Vivo T5 Pro 5G,Flipkart,"""Poor battery, quickly down charge"""
REV000585,PH020,Vivo T5 Pro 5G,Flipkart,"""Better than mobile"""
REV000586,PH020,Vivo T5 Pro 5G,Flipkart,"""Best budget phone"""
REV000587,PH020,Vivo T5 Pro 5G,Flipkart,"""Simply excellent!!"""
REV000588,PH020,Vivo T5 Pro 5G,Flipkart,"""Excellent phone"""
REV000589,PH020,Vivo T5 Pro 5G,Flipkart,"""Good"""
REV000590,PH020,Vivo T5 Pro 5G,Flipkart,"""Good Budget Phone"""
REV000591,PH020,Vivo T5 Pro 5G,Flipkart,"""Not worth the money. In 30k other companies are giving best camera features. Need to upgrade camera in this phone / price should be lower."""
REV000592,PH020,Vivo T5 Pro 5G,Flipkart,"""Best phone"""
REV000593,PH020,Vivo T5 Pro 5G,Flipkart,"""Nice phone"""
REV000594,PH020,Vivo T5 Pro 5G,Flipkart,"""Phone is slightly heat during daily use. It charges very quickly and battery life is too long. Other features are okay."""
REV000595,PH020,Vivo T5 Pro 5G,Flipkart,"""Even massive battery still charging fast😍 Almost in a hour 😲🤩"""
REV000596,PH020,Vivo T5 Pro 5G,Flipkart,"""Very good battery backup"""
REV000597,PH020,Vivo T5 Pro 5G,Flipkart,"""Looking stylish, working smoothly, no heat up issue, camera quality superb."""
REV000598,PH020,Vivo T5 Pro 5G,Flipkart,"""Slow 🦥 mobile"""
REV000599,PH020,Vivo T5 Pro 5G,Flipkart,"""Nice product"""
REV000600,PH020,Vivo T5 Pro 5G,Flipkart,"""This phone is awesome"""
REV000601,PH020,Vivo T5 Pro 5G,Flipkart,"""Good product"""
REV000602,PH020,Vivo T5 Pro 5G,Flipkart,"""Value for money 💰💰💰💰"""
REV000603,PH020,Vivo T5 Pro 5G,Flipkart,"""Wow"""
REV000604,PH020,Vivo T5 Pro 5G,Flipkart,"""Good product"""
REV000605,PH020,Vivo T5 Pro 5G,Flipkart,"""Nice product"""
REV000606,PH020,Vivo T5 Pro 5G,Flipkart,"""Wonderful phone and battery...,🤗"""
REV000607,PH020,Vivo T5 Pro 5G,Flipkart,"""Good mobile 👍👍"""
REV000608,PH020,Vivo T5 Pro 5G,Flipkart,"""Value of money"""
REV000609,PH020,Vivo T5 Pro 5G,Flipkart,"""This product is awesome 💯"""
REV000610,PH020,Vivo T5 Pro 5G,Flipkart,"""Good Product."""
REV000611,PH020,Vivo T5 Pro 5G,Flipkart,"""Good."""
REV000612,PH020,Vivo T5 Pro 5G,Flipkart,"""This mobile voice braking in voice"""
REV000613,PH020,Vivo T5 Pro 5G,Flipkart,"""Best Mobile"""
REV000614,PH020,Vivo T5 Pro 5G,Flipkart,"""Nice product"""
REV000615,PH020,Vivo T5 Pro 5G,Flipkart,"""Some battery draining issue and not well performance"""
REV000616,PH020,Vivo T5 Pro 5G,Flipkart,"""Very Good phone"""
REV000617,PH020,Vivo T5 Pro 5G,Flipkart,"""Good performance"""
REV000618,PH020,Vivo T5 Pro 5G,Flipkart,"""Battery backup not like 9020mah"""
REV000619,PH020,Vivo T5 Pro 5G,Flipkart,"""Nice product"""
REV000620,PH020,Vivo T5 Pro 5G,Flipkart,"""Bad camera"""
REV000621,PH020,Vivo T5 Pro 5G,Flipkart,"""Phone hangs, touch not working properly, Flash not working properly."""
REV000622,PH020,Vivo T5 Pro 5G,Flipkart,"""Super product value for money"""
REV000623,PH020,Vivo T5 Pro 5G,Flipkart,"""Best all rounder smart phone 🤳"""
REV000624,PH020,Vivo T5 Pro 5G,Flipkart,"""Very nice phone"""
REV000625,PH020,Vivo T5 Pro 5G,Flipkart,"""Very bad product. 1) overheating 2) camera very poor quality 3) value for money waste 4) performance 10/1 5) feels heavy in use"""
REV000626,PH020,Vivo T5 Pro 5G,Flipkart,"""Good product"""
REV000627,PH020,Vivo T5 Pro 5G,Flipkart,"""Looks premium in hand 😄 Valued for money"""
REV000628,PH020,Vivo T5 Pro 5G,Flipkart,"""Good phone"""
REV000629,PH020,Vivo T5 Pro 5G,Flipkart,"""It's a very good mobile, value for money."""
REV000630,PH020,Vivo T5 Pro 5G,Flipkart,"""This mobile it's okay 👍"""
REV000631,PH020,Vivo T5 Pro 5G,Flipkart,"""Poor camera and display but battery is so good"""
REV000632,PH020,Vivo T5 Pro 5G,Flipkart,"""Really Phone Have Some issues. The application opens slow or sometimes it hangs. Need to restart. Never expected this from Vivo."""
REV000633,PH020,Vivo T5 Pro 5G,Flipkart,"""Gd"""
REV000634,PH020,Vivo T5 Pro 5G,Flipkart,"""Camera quality is bad"""
REV000635,PH020,Vivo T5 Pro 5G,Flipkart,"""Vivo t5 pro 5g product veri good 👍"""
REV000636,PH020,Vivo T5 Pro 5G,Flipkart,"""Very nice phone"""
REV000637,PH020,Vivo T5 Pro 5G,Flipkart,"""Explant mobile... I am happy"""
REV000638,PH020,Vivo T5 Pro 5G,Flipkart,"""Amazing phone value for money. Battery powerful."""
REV000639,PH020,Vivo T5 Pro 5G,Flipkart,"""Nice phone"""
REV000640,PH020,Vivo T5 Pro 5G,Flipkart,"""Very good product"""
REV000641,PH020,Vivo T5 Pro 5G,Flipkart,"""Overall best performance"""
REV000642,PH020,Vivo T5 Pro 5G,Flipkart,"""Plzzzz don't buy this product. Poor charging cable, adapter, no fast charging, waste of money and also poor technical response."""
REV000643,PH020,Vivo T5 Pro 5G,Flipkart,"""Best phone 🤳"""
REV000644,PH020,Vivo T5 Pro 5G,Flipkart,"""In this price very good mobile n feature..."""
REV000645,PH020,Vivo T5 Pro 5G,Flipkart,"""Good product"""
REV000646,PH020,Vivo T5 Pro 5G,Flipkart,"""This phone has the best battery backup, but the camera quality is poor. Everything else is good."""
REV000647,PH020,Vivo T5 Pro 5G,Flipkart,"""Good mobile"""
REV000648,PH020,Vivo T5 Pro 5G,Flipkart,"""Overall good phone"""
REV000649,PH020,Vivo T5 Pro 5G,Flipkart,"""Immediate heating on normal use and battery is drained in 5 to 6 hours."""
REV000650,PH020,Vivo T5 Pro 5G,Flipkart,"""Good"""
REV000651,PH020,Vivo T5 Pro 5G,Flipkart,"""Excellent mobile phone.... thanks Flipkart..."""
REV000652,PH020,Vivo T5 Pro 5G,Flipkart,"""I am very very happy"""
REV000653,PH020,Vivo T5 Pro 5G,Flipkart,"""Never expected this kind of hanging problem in Vivo. It restarts automatically. Sometimes apps don't open. Not value for money."""
REV000654,PH020,Vivo T5 Pro 5G,Flipkart,"""Nice Pro"""
REV000655,PH020,Vivo T5 Pro 5G,Flipkart,"""Battery drain issue. I am not using any video or apps and battery gone 25%. This is very bad."""
REV000656,PH020,Vivo T5 Pro 5G,Flipkart,"""Osm phone with lots of features"""
REV000657,PH020,Vivo T5 Pro 5G,Flipkart,"""Not satisfied with this mobile, this is an average phone."""
REV000658,PH020,Vivo T5 Pro 5G,Flipkart,"""Awesome nice camera and display worth of money"""
REV000659,PH020,Vivo T5 Pro 5G,Flipkart,"""Wonderful Battery Excellent Mobile"""
REV000660,PH020,Vivo T5 Pro 5G,Flipkart,"""Excellent battery life, good camera"""
REV000661,PH020,Vivo T5 Pro 5G,Flipkart,"""Very good 👍"""
REV000662,PH020,Vivo T5 Pro 5G,Flipkart,"""Average phone"""
REV000663,PH020,Vivo T5 Pro 5G,Flipkart,"""Vary good product vivo t5pro"""
REV000664,PH020,Vivo T5 Pro 5G,Flipkart,"""Nice product"""
REV000665,PH020,Vivo T5 Pro 5G,Flipkart,"""Vivo my favourite phone"""
REV000666,PH020,Vivo T5 Pro 5G,Flipkart,"""Good"""
REV000667,PH020,Vivo T5 Pro 5G,Flipkart,"""It's good mobile"""
REV000668,PH020,Vivo T5 Pro 5G,Flipkart,"""Good phone"""
REV000669,PH020,Vivo T5 Pro 5G,Flipkart,"""Good battery backup, slim phone"""
REV000670,PH020,Vivo T5 Pro 5G,Flipkart,"""Using it for the past three days and the battery backup was fantastic and overall camera and performance was good."""
REV000671,PH020,Vivo T5 Pro 5G,Flipkart,"""When the phone's camera moves closer to the tubelight, black lines start appearing on it."""
REV000672,PH020,Vivo T5 Pro 5G,Flipkart,"""Battery performance very bad. It drains within 12 hours."""
REV000673,PH020,Vivo T5 Pro 5G,Flipkart,"""Mobile data not working. 5G connectivity issue. Overall not as expected. Cost of Vivo T5 Pro 5G is very high. Better to buy Vivo T4 Pro because T5 has only higher battery capacity."""
REV000674,PH020,Vivo T5 Pro 5G,Flipkart,"""Overall good 👍👍"""
REV000675,PH020,Vivo T5 Pro 5G,Flipkart,"""Value for money best deal"""
REV000676,PH020,Vivo T5 Pro 5G,Amazon,"""Good mobile."""
REV000677,PH020,Vivo T5 Pro 5G,Amazon,"""Good product."""
REV000678,PH020,Vivo T5 Pro 5G,Amazon,"""Good. Amazing. Beautiful."""
REV000679,PH020,Vivo T5 Pro 5G,Amazon,"""Value for money. Used just 1 week. Till now good."""
REV000680,PH020,Vivo T5 Pro 5G,Amazon,"""Excellent."""
REV000681,PH020,Vivo T5 Pro 5G,Amazon,"""Using it for 2 days, absolutely stunning mobile. Huge battery, charged only once till now. It's been 2 days and the battery has not even gone down to 40%. Vivo always provides good mobiles with reasonable prices. As a Vivo lover, I've been using Vivo mobiles for the past 10 years. This phone breaks all my previous Vivo mobile records and is a superb model."""
REV000682,PH020,Vivo T5 Pro 5G,Amazon,"""I purchased it on 3rd May 2026 when I saw that it had a 10-day return policy from the seller Gold-Enterprise. After receiving the phone, I noticed that it started overheating. It idles at 35–36 degrees and goes above 40 degrees with minimal YouTube usage. When I contacted Amazon support for a return on the 8th day, they denied any return policy even after I shared screenshots showing the 10-day return policy at the time of purchase. One of the supervisors was extremely rude and disconnected the call. If you see a return policy mentioned for an electronics product, don't assume it will be honored. Never buying from Amazon again."""
REV000683,PH020,Vivo T5 Pro 5G,Amazon,"""Good."""
REV000684,PH020,Vivo T5 Pro 5G,Amazon,"""Good phone at 28k, best one."""
REV000685,PH020,Vivo T5 Pro 5G,Amazon,"""So better and cool with high features. Camera of 50MP is sufficient. Value for money with a high refresh rate display."""
REV000686,PH021,Realme Narzo 100 Lite 5G,Flipkart,"""nice"""
REV000687,PH021,Realme Narzo 100 Lite 5G,Flipkart,"""worst camera and display"""
REV000688,PH021,Realme Narzo 100 Lite 5G,Amazon,"""Camera clicks clear photo and picture outdoors. Battery life is solid. Display and screen are smooth enough. Performance and processor handle daily tasks well. Design is simple. far am happy with the device."""
REV000689,PH021,Realme Narzo 100 Lite 5G,Amazon,"""Good phone quality and value for money"""
REV000690,PH021,Realme Narzo 100 Lite 5G,Amazon,"""This mibile is not working fine. Kindly pickup this phone and refund me."""
REV000691,PH021,Realme Narzo 100 Lite 5G,Amazon,"""Phone was everything good and back cemara need to improve more"""
REV000692,PH021,Realme Narzo 100 Lite 5G,Amazon,"""Guys Mobile Really Awesome Battery Life, Sound quality, Only camera disappointed 😑 Overall Mobile Very Smooth Value For Money"""
REV000693,PH021,Realme Narzo 100 Lite 5G,Amazon,"""Battery backup kafi achya nikla jisne muzhe bahoot hi jyada impress kiya hai, camera gives clear photo & picture, display & screen smooth, performance is stable with this processor."""
REV000694,PH021,Realme Narzo 100 Lite 5G,Amazon,"""Good Phone as per price"""
REV000695,PH021,Realme Narzo 100 Lite 5G,Amazon,"""Not impressive. It's very slow."""
REV000696,PH021,Realme Narzo 100 Lite 5G,Amazon,"""Performance is good"""
REV000697,PH021,Realme Narzo 100 Lite 5G,Amazon,"""Phone is working Good"""
REV000698,PH021,Realme Narzo 100 Lite 5G,Amazon,"""All is good but camera is not good camera very bad"""
REV000699,PH021,Realme Narzo 100 Lite 5G,Amazon,"""Vry good"""
REV000700,PH021,Realme Narzo 100 Lite 5G,Amazon,"""Good"""
REV000701,PH021,Realme Narzo 100 Lite 5G,Amazon,"""Good product"""
REV000702,PH021,Realme Narzo 100 Lite 5G,Amazon,"""After using very long time I'm satisfied with this phone I think may be narzo 100 liye is very budget+ decent performance phone. Overall good device if your budget is nearly 15-18k."""
REV000703,PH021,Realme Narzo 100 Lite 5G,Amazon,"""Quality is best"""
REV000704,PH021,Realme Narzo 100 Lite 5G,Amazon,"""Average phone"""
REV000705,PH021,Realme Narzo 100 Lite 5G,Amazon,"""Okay okay battery okay display okay camera okay bumper offer"""
REV000706,PH021,Realme Narzo 100 Lite 5G,Amazon,"""Overall very good phone in range of Rs.14000 4GB+128GB. I am impressed with battery, good looking etc."""
REV000707,PH021,Realme Narzo 100 Lite 5G,Amazon,"""Excellent product."""
REV000708,PH021,Realme Narzo 100 Lite 5G,Amazon,"""Wuality"""
REV000709,PH021,Realme Narzo 100 Lite 5G,Amazon,"""Good"""
REV000710,PH021,Realme Narzo 100 Lite 5G,Amazon,"""Camera takes nice photo and pictures in good lighting. Battery backup is dependable. Display and screen feel smooth. Performance with this processor is stable. Design is decent. Overall liked the phone."""
REV000711,PH021,Realme Narzo 100 Lite 5G,Amazon,"""Good"""
REV000712,PH021,Realme Narzo 100 Lite 5G,Amazon,"""Best camera quality"""
REV000713,PH021,Realme Narzo 100 Lite 5G,Amazon,"""Nic"""
REV000714,PH021,Realme Narzo 100 Lite 5G,Amazon,"""Value for Money..! 5/5"""
REV000715,PH021,Realme Narzo 100 Lite 5G,Amazon,"""Design bhot hi minimal hai but kaafi premium feel de rha hai mujhe. Friends ne phn dekh kar kafi tarif kari. Camera clicks nice photo and picture jisse mene thori showoff bhi aram se kar liyaa. Battery is strong. Display and screen feel smooth. Performance is stable."""
REV000716,PH021,Realme Narzo 100 Lite 5G,Amazon,"""Good"""
REV000717,PH021,Realme Narzo 100 Lite 5G,Amazon,"""Design bhot hi minimal hai but premium hai jo bhot hi clearly show kara hai ki ye value for money hai. Camera clicks nice photo and picture. Battery strong. Display and screen bhot hi smoothly work karre hai. Performance is very stable."""
REV000718,PH021,Realme Narzo 100 Lite 5G,Amazon,"""Camera quality for photo and picture is fine. Battery backup is good. Display and screen look clear. Performance and processor handle daily use well. Design is simple just the way I wanted."""
REV000719,PH021,Realme Narzo 100 Lite 5G,Amazon,"""Design dekh ke hi value feel hoti hai. Camera gives clear photo and picture. Battery is long lasting jiski mujhe bhot jyada need thi. Display and screen fluid. Performance stable hai jo mujhe bhot pasand aya."""
REV000720,PH021,Realme Narzo 100 Lite 5G,Amazon,"""Wast of money"""
REV000721,PH021,Realme Narzo 100 Lite 5G,Amazon,"""Heating continuously. I am not able to use any app. Don't buy this phone. No replacement and return option is there we have to go realme service centre. It's waste of time. Don't buy this product."""
REV000722,PH021,Realme Narzo 100 Lite 5G,Amazon,"""Phone ekdum cheap worst laga kyuki:"
REV000723,PH021,Realme Narzo 100 Lite 5G,Amazon,back or front camera k picture 2 mega pixal jesi h
REV000724,PH021,Realme Narzo 100 Lite 5G,Amazon,slow charging lagbhag 1 ghante me 20% charge hua
REV000725,PH021,Realme Narzo 100 Lite 5G,Amazon,ek sim card dalta h
REV000726,PH021,Realme Narzo 100 Lite 5G,Amazon,Picture quality 2 star jaisi h
REV000727,PH021,Realme Narzo 100 Lite 5G,Amazon,"ek speaker h"""
REV000728,PH021,Realme Narzo 100 Lite 5G,Amazon,"""Worst product charging is very slow battery life is very bad phone performance is very slow not value for money I bought on may 9 may 11 phone is lagging and there is no return option"""
REV000729,PH021,Realme Narzo 100 Lite 5G,Amazon,"""Yah set bahut Hai sound quality hai koi awaaz badhiya nahin Hai Koi sad aur dusri baat hang bhi kar raha hai kripya Koi handset mobile na mangvae"""
REV000730,PH021,Realme Narzo 100 Lite 5G,Amazon,"""Please do not purchase this product. Pathetic feel at the first sight. Bad performance. Camera is very weak. Even battery works like 5000 mah power. Charging very very slow. Not a single point to review good."""
REV000731,PH021,Realme Narzo 100 Lite 5G,Amazon,"""Not chargeing"""
REV000732,PH021,Realme Narzo 100 Lite 5G,Amazon,"""Costlier than other platforms. No other benefits. Waste for me"""
REV000733,PH021,Realme Narzo 100 Lite 5G,Amazon,"""charger is very low watt"""
REV000734,PH021,Realme Narzo 100 Lite 5G,Amazon,"""Waste of Money Don't Buy this phone camera totally waste china piece"""
REV000735,PH021,Realme Narzo 100 Lite 5G,Amazon,"""So bad"""
REV000736,PH021,Realme Narzo 100 Lite 5G,Amazon,"""Pathetic phone. The performance is disastrous, touch isn't working. Did a grave mistake purchasing Realme. Please don't buy"""
REV000737,PH021,Realme Narzo 100 Lite 5G,Amazon,"""Mobile was not working"""
REV000738,PH021,Realme Narzo 100 Lite 5G,Amazon,"""Phone performance soo bad, not buying this"""
REV000739,PH021,Realme Narzo 100 Lite 5G,Amazon,"""Not smooth working"""
REV000740,PH021,Realme Narzo 100 Lite 5G,Amazon,"""Starts Hanging from day 2"""
REV000741,PH021,Realme Narzo 100 Lite 5G,Amazon,"""Best phone ...in under 20k ..it is very light weight in compare other phone... it's real.. realme..I like it .."""
REV000742,PH021,Realme Narzo 100 Lite 5G,Amazon,"""Mast phone. Dumdaar battery.. Never hangs and never heats. Display 10 on 10. Chipset 10 on 10. Sound 10 on 10."""
REV000743,PH021,Realme Narzo 100 Lite 5G,Amazon,"""Very best phone ever all realme phone it's best rate for all realme rate than very average rate. It's very best rate than all phone."""
REV000744,PH021,Realme Narzo 100 Lite 5G,Amazon,"""Awesome battery backup. Camera also good. Display size is good. Worth purchase. Go for it surely. Processor also good."""
REV000745,PH021,Realme Narzo 100 Lite 5G,Amazon,"""Wrongly purchased now wants to change but no option available ….very slow in working, screen not as per mark, looking 2K phn but i purchased in 15K so i feel cheated"""
REV000746,PH021,Realme Narzo 100 Lite 5G,Amazon,"""Believe me, do not shop with Amazon in your life, they will spoil your product and if you return it, you will not pay any money. I request everyone to join hands and spread this news as much as possible. They did not pay my money. They have given Amazon bad and bad."""
REV000747,PH021,Realme Narzo 100 Lite 5G,Amazon,"""After searching for many this is finally i opted for, camera quality for photo and picture is decent. Battery backup is really strong. Display and screen are smooth. Performance and processor are good for daily work. Design looks nice."""
REV000748,PH021,Realme Narzo 100 Lite 5G,Amazon,"""Camera quality for photo and picture is okay battery last long display and screen are smooth performance and processor are fine design is attractive perfect for me"""
REV000749,PH021,Realme Narzo 100 Lite 5G,Amazon,"""Best value for money product"""
REV000750,PH021,Realme Narzo 100 Lite 5G,Amazon,"""Features are good for the price. Camera captures decent photo and picture. Battery backup is strong. Display and screen look good. Performance with this processor is stable. Design feels stylish. Value for money device"""
REV000751,PH021,Realme Narzo 100 Lite 5G,Amazon,"""Good product. Value for money."""
REV000752,PH022,Ai+ Nova 2 Ultra 5G,Flipkart,"""Money back mobile"""
REV000753,PH022,Ai+ Nova 2 Ultra 5G,Flipkart,"""Camera is good Battery is good But figure print very slow Overall good mobile this price... Tq flipkart."""
REV000754,PH022,Ai+ Nova 2 Ultra 5G,Flipkart,"""good"""
REV000755,PH022,Ai+ Nova 2 Ultra 5G,Flipkart,"""Fil vibrate in song time and I am not get guide book"""
REV000756,PH022,Ai+ Nova 2 Ultra 5G,Flipkart,"""Money is best phone"""
REV000757,PH022,Ai+ Nova 2 Ultra 5G,Flipkart,"""Good product and price."""
REV000758,PH022,Ai+ Nova 2 Ultra 5G,Flipkart,"""Average"""
REV000759,PH022,Ai+ Nova 2 Ultra 5G,Flipkart,"""Good"""
REV000760,PH022,Ai+ Nova 2 Ultra 5G,Flipkart,"""UI is not so good, both earpods not active at the same time."""
REV000761,PH022,Ai+ Nova 2 Ultra 5G,Flipkart,"""Very good phone and ease for use"""
REV000762,PH022,Ai+ Nova 2 Ultra 5G,Flipkart,"""Mobile 📲 filling is better nice phone handaling"""
REV000763,PH022,Ai+ Nova 2 Ultra 5G,Flipkart,"""Earbuds not working"""
REV000764,PH022,Ai+ Nova 2 Ultra 5G,Flipkart,"""Good"""
REV000765,PH022,Ai+ Nova 2 Ultra 5G,Flipkart,"""Super quality"""
REV000766,PH022,Ai+ Nova 2 Ultra 5G,Flipkart,"""Go for it, worth buying."""
REV000767,PH022,Ai+ Nova 2 Ultra 5G,Flipkart,"""There is no fast charging at all. Once a day or twice a day have to charge. Battery is dropping so fast."""
REV000768,PH022,Ai+ Nova 2 Ultra 5G,Flipkart,"""Made in India the best product"""
REV000769,PH022,Ai+ Nova 2 Ultra 5G,Flipkart,"""It's okay Money value excess"""
REV000770,PH022,Ai+ Nova 2 Ultra 5G,Flipkart,"""Good phone"""
REV000771,PH022,Ai+ Nova 2 Ultra 5G,Flipkart,"""Mind blowing for me"""
REV000772,PH022,Ai+ Nova 2 Ultra 5G,Flipkart,"""All good but chargeing speed very very slow. Sound blew. Display super"""
REV000773,PH022,Ai+ Nova 2 Ultra 5G,Flipkart,"""Super"""
REV000774,PH022,Ai+ Nova 2 Ultra 5G,Flipkart,"""Very nice phone"""
REV000775,PH022,Ai+ Nova 2 Ultra 5G,Flipkart,"""Superb quality"""
REV000776,PH022,Ai+ Nova 2 Ultra 5G,Flipkart,"""Good"""
REV000777,PH022,Ai+ Nova 2 Ultra 5G,Flipkart,"""Vary good"""
REV000778,PH022,Ai+ Nova 2 Ultra 5G,Flipkart,"""Value for money"""
REV000779,PH022,Ai+ Nova 2 Ultra 5G,Flipkart,"""Awesome"""
REV000780,PH022,Ai+ Nova 2 Ultra 5G,Flipkart,"""Phone is very good product"""
REV000781,PH022,Ai+ Nova 2 Ultra 5G,Flipkart,"""Superb"""
REV000782,PH022,Ai+ Nova 2 Ultra 5G,Flipkart,"""Phone only good for ai+"""
REV000783,PH022,Ai+ Nova 2 Ultra 5G,Flipkart,"""Overall Good"""
REV000784,PH022,Ai+ Nova 2 Ultra 5G,Flipkart,"""Best product.. volume for money.."""
REV000785,PH022,Ai+ Nova 2 Ultra 5G,Flipkart,"""Nice 👍👍👍👍😊😊"""
REV000786,PH022,Ai+ Nova 2 Ultra 5G,Flipkart,"""Good luck"""
REV000787,PH022,Ai+ Nova 2 Ultra 5G,Flipkart,"""Good but setting not good"""
REV000788,PH022,Ai+ Nova 2 Ultra 5G,Flipkart,"""Value for money Very good Indian product"""
REV000789,PH022,Ai+ Nova 2 Ultra 5G,Flipkart,"""Good experience"""
REV000790,PH022,Ai+ Nova 2 Ultra 5G,Flipkart,"""Value for money prodect"""
REV000791,PH022,Ai+ Nova 2 Ultra 5G,Flipkart,"""Slow charge 1 percent charge in 10 minutes"""
REV000792,PH022,Ai+ Nova 2 Ultra 5G,Flipkart,"""Battery not last long and overheating of phone"""
REV000793,PH022,Ai+ Nova 2 Ultra 5G,Flipkart,"""God mobile"""
REV000794,PH022,Ai+ Nova 2 Ultra 5G,Flipkart,"""Very"""
REV000795,PH022,Ai+ Nova 2 Ultra 5G,Flipkart,"""Good quality"""
REV000796,PH022,Ai+ Nova 2 Ultra 5G,Flipkart,"""Nice one"""
REV000797,PH022,Ai+ Nova 2 Ultra 5G,Flipkart,"""The phone is not working properly. The touch screen become unresponsive at time, the device hangs frequently, and there are display touch issue. Additionally, the phone is charging very slowly even wi..."""
REV000798,PH022,Ai+ Nova 2 Ultra 5G,Flipkart,"""more"""
REV000799,PH022,Ai+ Nova 2 Ultra 5G,Flipkart,"""Good nice"""
REV000800,PH022,Ai+ Nova 2 Ultra 5G,Flipkart,"""Overall Best....But Improve Lag Issue."""
REV000801,PH022,Ai+ Nova 2 Ultra 5G,Flipkart,"""Not Working As Aspected"""
REV000802,PH022,Ai+ Nova 2 Ultra 5G,Flipkart,"""It has a hanging problem."""
REV000803,PH022,Ai+ Nova 2 Ultra 5G,Flipkart,"""Very good"""
REV000804,PH022,Ai+ Nova 2 Ultra 5G,Flipkart,"""Worst battery 🪫 drain quickly camera not good"""
REV000805,PH022,Ai+ Nova 2 Ultra 5G,Flipkart,"""Not Good. 5 G not working"""
REV000806,PH022,Ai+ Nova 2 Ultra 5G,Flipkart,"""Don't waste your mobile"""
REV000807,PH022,Ai+ Nova 2 Ultra 5G,Flipkart,"""All above mentioned quality is very bad, started lagging while using normal app"""
REV000808,PH022,Ai+ Nova 2 Ultra 5G,Flipkart,"""Vary bad"""
REV000809,PH022,Ai+ Nova 2 Ultra 5G,Flipkart,"""High price and low performance, touchscreen performance is slow, it's worth is only 8 thousand mobile"""
REV000810,PH022,Ai+ Nova 2 Ultra 5G,Flipkart,"""Very bad experience"""
REV000811,PH022,Ai+ Nova 2 Ultra 5G,Flipkart,"""Overheat problem 📱🪫"""
REV000812,PH022,Ai+ Nova 2 Ultra 5G,Flipkart,"""Oll good"""
REV000813,PH022,Ai+ Nova 2 Ultra 5G,Flipkart,"""This phone performance is very very slow. I'm not satisfied for this product"""
REV000814,PH022,Ai+ Nova 2 Ultra 5G,Flipkart,"""Best phone under price"""
REV000815,PH022,Ai+ Nova 2 Ultra 5G,Flipkart,"""Good product"""
REV000816,PH022,Ai+ Nova 2 Ultra 5G,Flipkart,"""Battery overheat at Time of charging"""
REV000817,PH022,Ai+ Nova 2 Ultra 5G,Flipkart,"""Good"""
REV000818,PH022,Ai+ Nova 2 Ultra 5G,Flipkart,"""Charger cable was small size"""
REV000819,PH022,Ai+ Nova 2 Ultra 5G,Flipkart,"""TWS (Novapods Edge) Ear burds not working in one day"""
REV000820,PH022,Ai+ Nova 2 Ultra 5G,Flipkart,"""nice product"""
REV000821,PH022,Ai+ Nova 2 Ultra 5G,Flipkart,"""Best"""
REV000822,PH022,Ai+ Nova 2 Ultra 5G,Flipkart,"""Best phone but charger atleast 35 watt"""
REV000823,PH022,Ai+ Nova 2 Ultra 5G,Flipkart,"""Overall mobile is good and decent Worthy for money"""
REV000824,PH022,Ai+ Nova 2 Ultra 5G,Flipkart,"""Good product."""
REV000825,PH022,Ai+ Nova 2 Ultra 5G,Flipkart,"""Very nice"""
REV000826,PH022,Ai+ Nova 2 Ultra 5G,Flipkart,"""Good quality"""
REV000827,PH022,Ai+ Nova 2 Ultra 5G,Flipkart,"""Perfect budget friendly mobile"""
REV000828,PH022,Ai+ Nova 2 Ultra 5G,Flipkart,"""This mobile is very good and the price is also right"""
REV000829,PH022,Ai+ Nova 2 Ultra 5G,Flipkart,"""Worst camara quality and display too"""
REV000830,PH022,Ai+ Nova 2 Ultra 5G,Flipkart,"""At this price range overall it's the best right now in the market..keep it up Ai+ don't let it go to Ai-"""
REV000831,PH022,Ai+ Nova 2 Ultra 5G,Flipkart,"""Value for money"""
REV000832,PH022,Ai+ Nova 2 Ultra 5G,Flipkart,"""Mic issues"""
REV000833,PH022,Ai+ Nova 2 Ultra 5G,Flipkart,"""Good"""
REV000834,PH022,Ai+ Nova 2 Ultra 5G,Flipkart,"""Normal use overheat😠"""
REV000835,PH022,Ai+ Nova 2 Ultra 5G,Flipkart,"""Best product I like camera battery and phone look"""
REV000836,PH022,Ai+ Nova 2 Ultra 5G,Flipkart,"""NextQ Os for Modification in the This Mobile Phone"""
REV000837,PH022,Ai+ Nova 2 Ultra 5G,Flipkart,"""Very bad"""
REV000838,PH023,Ai+ Nova 2 5G,Flipkart,"""Excelent"""
REV000839,PH023,Ai+ Nova 2 5G,Flipkart,"""Experience is good mobile runs smoothly this you can go for purchase. It's software is optimised and no lag issue perfect for normal use."""
REV000840,PH023,Ai+ Nova 2 5G,Flipkart,"""Good phone for normal users"""
REV000841,PH023,Ai+ Nova 2 5G,Flipkart,"""I saw such a beautiful phone for the first time. The phone works amazingly, I enjoyed it."""
REV000842,PH023,Ai+ Nova 2 5G,Flipkart,"""Everything is perfect except for the camera quality but according to the price, it can be acceptable."""
REV000843,PH023,Ai+ Nova 2 5G,Flipkart,"""It's a Good Budget Mobile for those who use it for daily social media operations, multiple apps use and maybe gaming (not sure). Battery stays for beyond a day, even with multi-tasking. Display is also good."""
REV000844,PH023,Ai+ Nova 2 5G,Flipkart,"""Ok good 👍 phone"""
REV000845,PH023,Ai+ Nova 2 5G,Flipkart,"""Better in price"""
REV000846,PH023,Ai+ Nova 2 5G,Flipkart,"""Value of money."""
REV000847,PH023,Ai+ Nova 2 5G,Flipkart,"""Value for money"""
REV000848,PH023,Ai+ Nova 2 5G,Flipkart,"""Very good"""
REV000849,PH023,Ai+ Nova 2 5G,Flipkart,"""Good"""
REV000850,PH023,Ai+ Nova 2 5G,Flipkart,"""Ok good product Nice camera Battery capacity good Display good"""
REV000851,PH023,Ai+ Nova 2 5G,Flipkart,"""Ossam phone 🤙💥"""
REV000852,PH023,Ai+ Nova 2 5G,Flipkart,"""Good"""
REV000853,PH023,Ai+ Nova 2 5G,Flipkart,"""Value for money"""
REV000854,PH023,Ai+ Nova 2 5G,Flipkart,"""Mobile is good"""
REV000855,PH023,Ai+ Nova 2 5G,Flipkart,"""Best phone"""
REV000856,PH023,Ai+ Nova 2 5G,Flipkart,"""Budget 5G mobile"""
REV000857,PH023,Ai+ Nova 2 5G,Flipkart,"""Good phone in budget delevery boy also very good and helpful"""
REV000858,PH023,Ai+ Nova 2 5G,Flipkart,"""Camera quality good"""
REV000859,PH023,Ai+ Nova 2 5G,Flipkart,"""Good"""
REV000860,PH023,Ai+ Nova 2 5G,Flipkart,"""Value for the money good handset"""
REV000861,PH023,Ai+ Nova 2 5G,Flipkart,"""Very good"""
REV000862,PH023,Ai+ Nova 2 5G,Flipkart,"""Great purchase"""
REV000863,PH023,Ai+ Nova 2 5G,Flipkart,"""Very good product"""
REV000864,PH023,Ai+ Nova 2 5G,Flipkart,"""NYC nice phone"""
REV000865,PH023,Ai+ Nova 2 5G,Flipkart,"""Go for it. Awesome Phone"""
REV000866,PH023,Ai+ Nova 2 5G,Flipkart,"""Good"""
REV000867,PH023,Ai+ Nova 2 5G,Flipkart,"""All over performence are good but betary charjar not good. It is working very slow. I can happy used this phone"""
REV000868,PH023,Ai+ Nova 2 5G,Flipkart,"""Awesome product"""
REV000869,PH023,Ai+ Nova 2 5G,Flipkart,"""Good product"""
REV000870,PH023,Ai+ Nova 2 5G,Flipkart,"""Mobile is working in good condition but the battery is draining fastly and the 10w charger is totally faulty, due to this the mobile takes 6hrs to fully charge."""
REV000871,PH023,Ai+ Nova 2 5G,Flipkart,"""Very good"""
REV000872,PH023,Ai+ Nova 2 5G,Flipkart,"""This product very bad. Calling time very hot."""
REV000873,PH023,Ai+ Nova 2 5G,Flipkart,"""Software lag issue"""
REV000874,PH023,Ai+ Nova 2 5G,Flipkart,"""My mobile phone gets very hot. It gets hot after talking on it for a while."""
REV000875,PH023,Ai+ Nova 2 5G,Flipkart,"""Plz don't buy this worst product in mobile history"""
REV000876,PH023,Ai+ Nova 2 5G,Flipkart,"""Very bad product"""
REV000877,PH023,Ai+ Nova 2 5G,Flipkart,"""Value for money."""
REV000878,PH023,Ai+ Nova 2 5G,Flipkart,"""The speaker or mic sound is not clear."""
REV000879,PH023,Ai+ Nova 2 5G,Flipkart,"""Very nice mobile"""
REV000880,PH023,Ai+ Nova 2 5G,Flipkart,"""Very good phone"""
REV000881,PH023,Ai+ Nova 2 5G,Flipkart,"""Nice mobile. Thanks Flipkart."""
REV000882,PH023,Ai+ Nova 2 5G,Flipkart,"""Good photos"""
REV000883,PH023,Ai+ Nova 2 5G,Flipkart,"""Good 😊 PHONE."""
REV000884,PH023,Ai+ Nova 2 5G,Flipkart,"""Good"""
REV000885,PH023,Ai+ Nova 2 5G,Flipkart,"""Bast phone"""
REV000886,PH023,Ai+ Nova 2 5G,Flipkart,"""Very nice 👍"""
REV000887,PH023,Ai+ Nova 2 5G,Flipkart,"""Very nice"""
REV000888,PH023,Ai+ Nova 2 5G,Flipkart,"""Don't buy waste of money Battery backup is very poor 🪫 Touch not working properly Charging very slow One of the worst mobile in flipkart Don't buy if you your money is waste💵"""
REV000889,PH023,Ai+ Nova 2 5G,Flipkart,"""good"""
REV000890,PH023,Ai+ Nova 2 5G,Flipkart,"""Such a bad experience for this phone because This phone is always a network issue never so the 5g network is always showing 4g network that's why I can't enjoy unlimited 5g. Worst experience for this."""
REV000891,PH023,Ai+ Nova 2 5G,Flipkart,"""Good mobile"""
REV000892,PH023,Ai+ Nova 2 5G,Flipkart,"""Very good 😊"""
REV000893,PH023,Ai+ Nova 2 5G,Flipkart,"""Phone is working slow"""
REV000894,PH023,Ai+ Nova 2 5G,Flipkart,"""The camera is very bad maintion 50MP but working like 5MP"""
REV000895,PH023,Ai+ Nova 2 5G,Flipkart,"""Not bad"""
REV000896,PH023,Ai+ Nova 2 5G,Flipkart,"""Good 👍"""
REV000897,PH023,Ai+ Nova 2 5G,Flipkart,"""Thanks flipkart"""
REV000898,PH023,Ai+ Nova 2 5G,Amazon,No visible comments/ reviews
REV000899,PH024,Redmi Note 15 SE 5G,Flipkart,"""In times of price hike, this mobile is insane with a great processor, great camera, and premium look. If you want great mobile below 20k, then just blindly go with it."""
REV000900,PH024,Redmi Note 15 SE 5G,Flipkart,"""Phone looks so beautiful"""
REV000901,PH024,Redmi Note 15 SE 5G,Flipkart,"""4.4 ratings for me .Check this camera samples. Like"""
REV000902,PH024,Redmi Note 15 SE 5G,Flipkart,"""Good phone good price and red colour is very beautiful 😍 and update increase ofter one of good ui and single good"""
REV000903,PH024,Redmi Note 15 SE 5G,Flipkart,"""Vallue for money"""
REV000904,PH024,Redmi Note 15 SE 5G,Flipkart,"""Nice product with valuable price 😀"""
REV000905,PH024,Redmi Note 15 SE 5G,Flipkart,"""Good Mobile"""
REV000906,PH024,Redmi Note 15 SE 5G,Flipkart,"""Buy only if there are no other options left."""
REV000907,PH024,Redmi Note 15 SE 5G,Flipkart,"""The camera needs to be improved and may be required for a software update, also application management is very poor It takes all phone storage till 50 GB cover with a normal app. Please push updates t..."""
REV000908,PH024,Redmi Note 15 SE 5G,Flipkart,"""Honestly the display is the biggest highlight of this phone. It is super bright, very smooth and easily the best you will get in this price range. I have not seen any other phone offering this kind of..."""
REV000909,PH024,Redmi Note 15 SE 5G,Flipkart,"""Superb"""
REV000910,PH024,Redmi Note 15 SE 5G,Flipkart,"""Design is good"""
REV000911,PH024,Redmi Note 15 SE 5G,Flipkart,"""According to the price,it's budget friendly with good quality"""
REV000912,PH024,Redmi Note 15 SE 5G,Flipkart,"""Great smartphone at this price. Comes with a bright display, smooth performance and good battery backup. Camera clicks nice photos in daylight. Design looks premium and feels good in hand. Overall, a ..."""
REV000913,PH024,Redmi Note 15 SE 5G,Flipkart,"""Camera is okay okay, not heavy uses phone, uncle aunty uses phone type"""
REV000914,PH024,Redmi Note 15 SE 5G,Flipkart,"""Everything is very good in this phone, processing is smooth, battery life is long, games easily at 60 fps, camera is decent, and the looks are top notch."""
REV000915,PH024,Redmi Note 15 SE 5G,Flipkart,"""The delivery and exchange process was very smooth. The delivery guy was very cooperative. And the phone is decent in this price range. Appreciated the accessories with this phone."""
REV000916,PH024,Redmi Note 15 SE 5G,Flipkart,"""Loved the in hand feel with the vegan leather back design and the curved display. Gaming performance is great and does not overheat even if I am playing for long hours. The cameras are very good too w..."""
REV000917,PH024,Redmi Note 15 SE 5G,Flipkart,"""The Redmi Note 15 SE 5G is a solid budget 5G smartphone that offers a great balance of features for its price. It comes with a large 120Hz AMOLED display, which provides smooth scrolling and a premium..."""
REV000918,PH024,Redmi Note 15 SE 5G,Flipkart,"""Great battery life, good camera, best all rounder, fast and quick and best under 20k"""
REV000919,PH024,Redmi Note 15 SE 5G,Flipkart,"""Mobile so many heated"""
REV000920,PH024,Redmi Note 15 SE 5G,Flipkart,"""Value for money mobile, The only con is You will get 30fps recording in both 1080p and 4K mode on back camera, and the battery backup is great, but takes more than a hour to charge up fully, except th..."""
REV000921,PH024,Redmi Note 15 SE 5G,Flipkart,"""Heating issue"""
REV000922,PH024,Redmi Note 15 SE 5G,Flipkart,"""Phone is good and flagship but it's battery not good"""
REV000923,PH024,Redmi Note 15 SE 5G,Flipkart,"""Good phone"""
REV000924,PH024,Redmi Note 15 SE 5G,Flipkart,"""Wow product"""
REV000925,PH024,Redmi Note 15 SE 5G,Flipkart,"""What a lovely phone and thax flipcart"""
REV000926,PH024,Redmi Note 15 SE 5G,Flipkart,"""Good"""
REV000927,PH024,Redmi Note 15 SE 5G,Flipkart,"""Very very nice"""
REV000928,PH024,Redmi Note 15 SE 5G,Flipkart,"""Best performance"""
REV000929,PH024,Redmi Note 15 SE 5G,Flipkart,"""Slim, fast and battery is genuinely impressive."""
REV000930,PH024,Redmi Note 15 SE 5G,Flipkart,"""Nice product"""
REV000931,PH024,Redmi Note 15 SE 5G,Flipkart,"""More than expected. Very good in hand feel with perfect grip. Leather back is more attractive."""
REV000932,PH024,Redmi Note 15 SE 5G,Flipkart,"""Best mobile in this segment"""
REV000933,PH024,Redmi Note 15 SE 5G,Flipkart,"""Nice mobile smooth used"""
REV000934,PH024,Redmi Note 15 SE 5G,Flipkart,"""Good quality and Best features in this price with offer.."""
REV000935,PH024,Redmi Note 15 SE 5G,Flipkart,"""Very good"""
REV000936,PH024,Redmi Note 15 SE 5G,Flipkart,"""Awesome product"""
REV000937,PH024,Redmi Note 15 SE 5G,Flipkart,"""The phone was nice a lightweight product with smooth performance i loved it overall"""
REV000938,PH024,Redmi Note 15 SE 5G,Flipkart,"""The phone was amazing 😍😍 no doubts"""
REV000939,PH024,Redmi Note 15 SE 5G,Amazon,"""Thanks"""
REV000940,PH024,Redmi Note 15 SE 5G,Amazon,"""Phone is very nice and awesome but the delivery service given by Amazon was little disappointing as it could not deliver the phone on the said date"""
REV000941,PH024,Redmi Note 15 SE 5G,Amazon,"""Don’t buy this phone, I am a mi lover but I don’t expect this kind of product mi, phone is very slow and hanging, calls also hanging the worst phone from mi"""
REV000942,PH024,Redmi Note 15 SE 5G,Amazon,"""Battery no backup very bad"""
REV000943,PH024,Redmi Note 15 SE 5G,Amazon,"""Worst mobile"""
REV000944,PH025,Lava Bold N2 Lite,Flipkart,"""waste of money"""
REV000945,PH025,Lava Bold N2 Lite,Amazon,"""It was nice with the best quality I love it so much it is really good thing 8 love it soo much"""
REV000946,PH025,Lava Bold N2 Lite,Amazon,"""Not a good Deal.

Ok ok type have faced some network Fluctuations on VI sim not sure it's because of VI or for all operators.

Charge time is very much atleast 2.5 hrs still ok have purchased it for using Hotspot while travelling as I have to travel a lot for work and sometimes wifi is down so this helps."""
REV000947,PH025,Lava Bold N2 Lite,Amazon,"""The sound is not coming properly on the phone"""
REV000948,PH026,Tecno Spark 50 5G,Flipkart,"""nice product"""
REV000949,PH026,Tecno Spark 50 5G,Flipkart,"""value for money"""
REV000950,PH026,Tecno Spark 50 5G,Amazon,"""Third class phone Wastage of money It's gets langed Hack"""
REV000951,PH026,Tecno Spark 50 5G,Amazon,"""Do not buy this tecno mobile at any cost. If you buy it you already lose your money."""
REV000952,PH027,Redmi 15A 5G,Flipkart,"""This is better for normal use. But it has worst camera quality. Battery is also good, stays for full day. Display is fantastic. Writing it after a week of use."""
REV000953,PH027,Redmi 15A 5G,Flipkart,"""Outstanding"""
REV000954,PH027,Redmi 15A 5G,Flipkart,"""This phone very good, nice camera, good looking phone, lightweight and best grip phone."""
REV000955,PH027,Redmi 15A 5G,Flipkart,"""Go"""
REV000956,PH027,Redmi 15A 5G,Flipkart,"""Very good 💯"""
REV000957,PH027,Redmi 15A 5G,Flipkart,"""Overall worth for that price."""
REV000958,PH027,Redmi 15A 5G,Flipkart,"""Best 5G low price phone."""
REV000959,PH027,Redmi 15A 5G,Flipkart,"""Value for money, best phone under budget."""
REV000960,PH027,Redmi 15A 5G,Flipkart,"""Camera quality is not good."""
REV000961,PH027,Redmi 15A 5G,Flipkart,"""Very bad quality camera."""
REV000962,PH027,Redmi 15A 5G,Flipkart,"""The phone hangs a lot, and the camera quality is also poor."""
REV000963,PH027,Redmi 15A 5G,Flipkart,"""This is a useless mobile. Its charging is very slow, it gets fully charged only after charging overnight for around 6 hours."""
REV000964,PH027,Redmi 15A 5G,Flipkart,"""Nice"""
REV000965,PH027,Redmi 15A 5G,Flipkart,"""I bought this phone for my mother. At first I thought the issues were temporary and maybe updates would improve it, but after almost 3 months the problems remain."""
REV000966,PH027,Redmi 15A 5G,Flipkart,"""Not good phone."""
REV000967,PH027,Redmi 15A 5G,Flipkart,"""Hanging."""
REV000968,PH027,Redmi 15A 5G,Flipkart,"""Performance is not good. Phone is hanging. Also phone is heating."""
REV000969,PH027,Redmi 15A 5G,Flipkart,"""Supper 😋"""
REV000970,PH027,Redmi 15A 5G,Flipkart,"""Phone problem."""
REV000971,PH027,Redmi 15A 5G,Flipkart,"""After using for a month, the phone is very slow. All features are not good. Camera, display, speaker and volume are poor. Very much hanging."""
REV000972,PH027,Redmi 15A 5G,Flipkart,"""Good product."""
REV000973,PH027,Redmi 15A 5G,Flipkart,"""Battery backup is good."""
REV000974,PH027,Redmi 15A 5G,Flipkart,"""Mobile is good for normal use."""
REV000975,PH027,Redmi 15A 5G,Flipkart,"""Good looking phone."""
REV000976,PH027,Redmi 15A 5G,Flipkart,"""Worth buying."""
REV000977,PH027,Redmi 15A 5G,Flipkart,"""Very smooth performance."""
REV000978,PH027,Redmi 15A 5G,Flipkart,"""Average camera."""
REV000979,PH027,Redmi 15A 5G,Flipkart,"""Phone heats while charging."""
REV000980,PH027,Redmi 15A 5G,Flipkart,"""Good value for money."""
REV000981,PH027,Redmi 15A 5G,Flipkart,"""Display is good."""
REV000982,PH027,Redmi 15A 5G,Flipkart,"""Overall decent phone for the price."""
REV000983,PH027,Redmi 15A 5G,Amazon,"""Network issues on phone"""
REV000984,PH027,Redmi 15A 5G,Amazon,"""Very bad phone not purchase network issues no service not good redmi,15a phone not purchase money wasted very very bad phone"""
REV000985,PH028,Vivo Y11 5G,Amazon,"""You can order now"""
REV000986,PH028,Vivo Y11 5G,Amazon,"""Too bad product.... Don't buy.... Too slow operation like virus affected..."""
REV000987,PH028,Vivo Y11 5G,Amazon,"""Good product"""
REV000988,PH028,Vivo Y11 5G,Amazon,"""Good"""
REV000989,PH028,Vivo Y11 5G,Amazon,"""Awesome"""
REV000990,PH028,Vivo Y11 5G,Amazon,"""Good product"""
REV000991,PH028,Vivo Y11 5G,Amazon,"""Don't purchase this product phone is very slow and lag very"""
REV000992,PH028,Vivo Y11 5G,Amazon,"""Iligjt, sharp and smooth.Nice Produss you."""
REV000993,PH028,Vivo Y11 5G,Amazon,"""Processing is very slow"""
REV000994,PH028,Vivo Y11 5G,Amazon,"""Very nice 👌"""
REV000995,PH028,Vivo Y11 5G,Amazon,"""I am not satisfied this product"""
REV000996,PH028,Vivo Y11 5G,Amazon,"""Very Bad experience. Camra quality very worse."""
REV000997,PH028,Vivo Y11 5G,Amazon,"""Processing is very slow. I.e. Hang this phone"""
REV000998,PH028,Vivo Y11 5G,Amazon,"""Don't purchase this phone it is Very slow working. If you purchase this phone I'm sure you will be regret"""
REV000999,PH029,Vivo Y21 5G,Flipkart,"""good"""
REV001000,PH029,Vivo Y21 5G,Flipkart,"""worth for money"""
REV001001,PH029,Vivo Y21 5G,Amazon,"""Thank you so much nice product"""
REV001002,PH029,Vivo Y21 5G,Amazon,"""Ok"""
REV001003,PH029,Vivo Y21 5G,Amazon,"""Very nice mobile"""
REV001004,PH029,Vivo Y21 5G,Amazon,"""Useless Camera quality and sound quality at this price"""
REV001005,PH029,Vivo Y21 5G,Amazon,"""sound quality issue"""
REV001006,PH029,Vivo Y21 5G,Amazon,"""This phone have no rating camera, screen, sound, battery everything are not good after spending 21k. Please don't buy this phone u will waste your money and time"""
REV001007,PH030,Realme P4 Lite 5G,Flipkart,"""This phone overall quality is good but order time extra ₹150 charge on amazon."""
REV001008,PH030,Realme P4 Lite 5G,Flipkart,"""Wow.... I got this as I wanted... perfect"""
REV001009,PH030,Realme P4 Lite 5G,Flipkart,"""best phone"""
REV001010,PH030,Realme P4 Lite 5G,Flipkart,"""Poor"""
REV001011,PH030,Realme P4 Lite 5G,Flipkart,"""Excellent phone with protection from water and dust and also armor shell protection. Massive battery with 144Hz ultra bright display and excellent camera phone."""
REV001012,PH030,Realme P4 Lite 5G,Flipkart,"""Camera quality is very poor.."""
REV001013,PH030,Realme P4 Lite 5G,Flipkart,"""Very good device. Battery 4.5/5. Display 4/5. Overall good phone."""
REV001014,PH030,Realme P4 Lite 5G,Flipkart,"""Bit slow while opening too many apps at same time. Otherwise battery backup and camera is good. Weight of the phone is due to 7000MAH battery. Overall 8/10."""
REV001015,PH030,Realme P4 Lite 5G,Flipkart,"""camera is not good, so its a concern, has silent call record, is a plus point, purchased at Rs.14500/-, which very high, has android 16 out of box, enjoy, speaker sound is also not that good though louder. conclusion is if you are not in a hurry to replace your existing mobile, you can wait for price reduction or find other brands."""
REV001016,PH030,Realme P4 Lite 5G,Flipkart,"""Value for money"""
REV001017,PH030,Realme P4 Lite 5G,Flipkart,"""Have a good delivery & price battery camara medium"""
REV001018,PH030,Realme P4 Lite 5G,Flipkart,"""It is water resisitance"""
REV001019,PH030,Realme P4 Lite 5G,Flipkart,"""The product is good. They don't do home delivery, they do it in the nearby area and they don't even help with customer care by completing it very well. They are just sitting there taking free salary and harassing the customers. They provide relief to the customer, they don't call for help. They sit around complaining but don't help."""
REV001020,PH030,Realme P4 Lite 5G,Flipkart,"""Very good service and mobile is very nice"""
REV001021,PH030,Realme P4 Lite 5G,Flipkart,"""Super good"""
REV001022,PH030,Realme P4 Lite 5G,Flipkart,"""No fast charger"""
REV001023,PH030,Realme P4 Lite 5G,Flipkart,"""Good"""
REV001024,PH030,Realme P4 Lite 5G,Flipkart,"""That purchase was awesome, Complete budget friendly phone I would like to thanks Amazon which gives us great offers rather than others, when it comes to mobile phone. Look is best in among the 20k category. Rear and front camera is giving a sharp clearirty in day light, interface of the phone is smooth and easy. Speaker quality is good in calling via speaker mode. Battery is powerful. Light weight, Durabililty, grip is normal."""
REV001025,PH030,Realme P4 Lite 5G,Flipkart,"""Budget friendly 🔥 camera quality is best"""
REV001026,PH030,Realme P4 Lite 5G,Flipkart,"""Nic product"""
REV001027,PH030,Realme P4 Lite 5G,Flipkart,"""Good"""
REV001028,PH030,Realme P4 Lite 5G,Flipkart,"""Nice"""
REV001029,PH030,Realme P4 Lite 5G,Amazon,"""This phone overall quality is good but order time extra ₹150 charge on amazon."""
REV001030,PH030,Realme P4 Lite 5G,Amazon,"""Wow.... I got this as I wanted... perfect"""
REV001031,PH030,Realme P4 Lite 5G,Amazon,"""best phone"""
REV001032,PH030,Realme P4 Lite 5G,Amazon,"""Poor"""
REV001033,PH030,Realme P4 Lite 5G,Amazon,"""Excellent phone with protection from water and dust and also armor shell protection. Massive battery with 144Hz ultra bright display and excellent camera phone."""
REV001034,PH030,Realme P4 Lite 5G,Amazon,"""Camera quality is very poor.."""
REV001035,PH030,Realme P4 Lite 5G,Amazon,"""Very good device. Battery 4.5/5. Display 4/5. Overall good phone."""
REV001036,PH030,Realme P4 Lite 5G,Amazon,"""Bit slow while opening too many apps at same time. Otherwise battery backup and camera is good. Weight of the phone is due to 7000MAH battery. Overall 8/10."""
REV001037,PH030,Realme P4 Lite 5G,Amazon,"""camera is not good, so its a concern, has silent call record, is a plus point, purchased at Rs.14500/-, which very high, has android 16 out of box, enjoy, speaker sound is also not that good though louder. conclusion is if you are not in a hurry to replace your existing mobile, you can wait for price reduction or find other brands."""
REV001038,PH030,Realme P4 Lite 5G,Amazon,"""Value for money"""
REV001039,PH030,Realme P4 Lite 5G,Amazon,"""Have a good delivery & price battery camara medium"""
REV001040,PH030,Realme P4 Lite 5G,Amazon,"""It is water resisitance"""
REV001041,PH030,Realme P4 Lite 5G,Amazon,"""The product is good. They don't do home delivery, they do it in the nearby area and they don't even help with customer care by completing it very well. They are just sitting there taking free salary and harassing the customers. They provide relief to the customer, they don't call for help. They sit around complaining but don't help."""
REV001042,PH030,Realme P4 Lite 5G,Amazon,"""Very good service and mobile is very nice"""
REV001043,PH030,Realme P4 Lite 5G,Amazon,"""Super good"""
REV001044,PH030,Realme P4 Lite 5G,Amazon,"""No fast charger"""
REV001045,PH030,Realme P4 Lite 5G,Amazon,"""Good"""
REV001046,PH030,Realme P4 Lite 5G,Amazon,"""That purchase was awesome, Complete budget friendly phone I would like to thanks Amazon which gives us great offers rather than others, when it comes to mobile phone. Look is best in among the 20k category. Rear and front camera is giving a sharp clearirty in day light, interface of the phone is smooth and easy. Speaker quality is good in calling via speaker mode. Battery is powerful. Light weight, Durabililty, grip is normal."""
REV001047,PH030,Realme P4 Lite 5G,Amazon,"""Budget friendly 🔥 camera quality is best"""
REV001048,PH030,Realme P4 Lite 5G,Amazon,"""Nic product"""
REV001049,PH030,Realme P4 Lite 5G,Amazon,"""Good"""
REV001050,PH030,Realme P4 Lite 5G,Amazon,"""Nice"""
REV001051,PH031,Oppo A6s 5G,Amazon,"""The smart hat was delivered in perfect condition. All functions are correct. Unfortunately, the charger plug does not meet the standard of our sockets, so the charger cannot be used."""
REV001052,PH031,Oppo A6s 5G,Amazon,"""Bought this for my son as a first smartphone and got a great Black Friday deal. It's a great phone, he loves its camera and how fast it is. It feels well made and the side fingerprint works well."""
REV001053,PH031,Oppo A6s 5G,Amazon,"""Very good phone we like this brand a lot. 4/5 in the family have an Oppo."""
REV001054,PH031,Oppo A6s 5G,Amazon,"""They are top."""
REV001055,PH031,Oppo A6s 5G,Amazon,"""I thank the seller for his patience and attention. I had a problem with the shipment and it was able to resolve. Quality commensurate with the price quite well."""
REV001056,PH031,Oppo A6s 5G,Amazon,"""Okay."""
REV001057,PH031,Oppo A6s 5G,Amazon,"""Yeah I'm loving it, very good solid phone, slim. Works good, sounds neat."""
REV001058,PH031,Oppo A6s 5G,Amazon,"""I am very satisfied with the smartphone. It arrived very quickly and safely and well packaged. The mobile phone has top performance and lots of updates."""
REV001059,PH031,Oppo A6s 5G,Amazon,"""Software hangs all the time. Software updates every day and gets stuck all the time. I'm very disappointed."""
REV001060,PH031,Oppo A6s 5G,Amazon,"""Functionality great for my purpose, cheap and completely sufficient. Takes great photos."""
REV001061,PH031,Oppo A6s 5G,Amazon,"""Good screen quality."""
REV001062,PH031,Oppo A6s 5G,Amazon,"""Purchased as a gift based on the experience of a previous Oppo smartphone. Good price-quality ratio. I recommend it."""
REV001063,PH031,Oppo A6s 5G,Amazon,"""Very good quality at a good price. Performance and battery are great."""
REV001064,PH031,Oppo A6s 5G,Amazon,"""Total satisfaction with the level of use."""
REV001065,PH031,Oppo A6s 5G,Amazon,"""The phone performs well but didn't like that it was carrier software locked."""
REV001066,PH031,Oppo A6s 5G,Amazon,"""Really like this brand. Easy to use and set up and great functionality and value for money."""
REV001067,PH031,Oppo A6s 5G,Amazon,"""Good for those who do not have too many expectations and are satisfied."""
REV001068,PH031,Oppo A6s 5G,Amazon,"""For the price really good. The phone can be slow sometimes and lag occasionally. Camera not as good, but acceptable for the price."""
REV001069,PH031,Oppo A6s 5G,Amazon,"""The best thing is the battery. Performance is very limited and there is no fast charging."""
REV001070,PH031,Oppo A6s 5G,Amazon,"""Great for payment tap and pay, a bit slow on processing power."""
REV001071,PH031,Oppo A6s 5G,Amazon,"""As expected."""
REV001072,PH031,Oppo A6s 5G,Amazon,"""Decent and reliable."""
REV001073,PH031,Oppo A6s 5G,Amazon,"""This phone is absolutely perfect and does everything I wanted."""
REV001074,PH031,Oppo A6s 5G,Amazon,"""Difficulty in communicating by losing the signal."""
REV001075,PH031,Oppo A6s 5G,Amazon,"""Am loving my new OPPO phone, does everything I want."""
REV001076,PH031,Oppo A6s 5G,Amazon,"""The network adapter that comes with the phone is for the UK and is not valid for Spain."""
REV001077,PH031,Oppo A6s 5G,Amazon,"""It's my 4th Oppo, an ok phone for the price you pay."""
REV001078,PH031,Oppo A6s 5G,Amazon,"""The Oppo is very nice in hand. Its display is of very good quality. It goes very fluid. Impressive battery and fast charging."""
REV001079,PH031,Oppo A6s 5G,Amazon,"""Bought this phone for my son's first phone and I have to say for the price I'm shocked how good it was."""
REV001080,PH031,Oppo A6s 5G,Amazon,"""Very good phone, it lasted for several years until the battery life began to shorten."""
REV001081,PH031,Oppo A6s 5G,Amazon,"""Wife loves the phone and tells me it has everything she wants and it's easy to use."""
REV001082,PH031,Oppo A6s 5G,Amazon,"""The photography theme is pretty decent as it makes good photos. Battery lasts for a day and a half with average use."""
REV001083,PH031,Oppo A6s 5G,Amazon,"""Battery lasts long, big screen and good picture quality."""
REV001084,PH031,Oppo A6s 5G,Amazon,"""It is a very nice terminal and its operation is smooth. The photos and brightness need improvement."""
REV001085,PH031,Oppo A6s 5G,Amazon,"""Amazing value. Comes with phone case and screen protector."""
REV001086,PH031,Oppo A6s 5G,Amazon,"""Condition is great. Phone works like a dream, has NFC and everything you'd need."""
REV001087,PH031,Oppo A6s 5G,Amazon,"""I find it perfect for the price you pay. I like its design and speed."""
REV001088,PH031,Oppo A6s 5G,Amazon,"""Great buy. Size of phone perfect. Camera not great, but works for me."""
REV001089,PH031,Oppo A6s 5G,Amazon,"""Like my new phone. Took me a bit to get used to."""
REV001090,PH031,Oppo A6s 5G,Amazon,"""Received the phone brand new in the box. Great product."""
REV001091,PH031,Oppo A6s 5G,Amazon,"""Very happy with this purchase. Super fluid, quality screen and a lot of premium feel."""
REV001092,PH031,Oppo A6s 5G,Amazon,"""Has everything it promises. Highly recommended."""
REV001093,PH031,Oppo A6s 5G,Amazon,"""Bought this phone for my son. He absolutely loves it."""
REV001094,PH031,Oppo A6s 5G,Amazon,"""I loved it. Oppo does a fantastic job with its smartphones. The camera gives excellent results."""
REV001095,PH031,Oppo A6s 5G,Amazon,"""Works normally. The screen lacks some brightness."""
REV001096,PH031,Oppo A6s 5G,Amazon,"""Worth the money."""
REV001097,PH031,Oppo A6s 5G,Amazon,"""Love this phone. Does everything that a very expensive phone would for much less money."""
REV001098,PH031,Oppo A6s 5G,Amazon,"""Good quality."""
REV001099,PH031,Oppo A6s 5G,Amazon,"""It is a phone with very good features at a minimum price. The camera is really very good, it weighs little and is fast."""
REV001100,PH031,Oppo A6s 5G,Amazon,"""Really good budget smartphone. Very happy buy."""
REV001101,PH031,Oppo A6s 5G,Amazon,"""All around nice and simple good looking phone."""
REV001102,PH031,Oppo A6s 5G,Amazon,"""Happy with the product."""
REV001103,PH031,Oppo A6s 5G,Amazon,"""Meets all specifications very well. The battery charges very fast and lasts two days."""
REV001104,PH031,Oppo A6s 5G,Amazon,"""I've been using the phone for almost a year. The battery life is excellent and the screen is great."""
REV001105,PH031,Oppo A6s 5G,Amazon,"""I liked the storage capacity and its speed."""
REV001106,PH031,Oppo A6s 5G,Amazon,"""It's fast, the camera is great and the battery lasts for two days."""
REV001107,PH031,Oppo A6s 5G,Amazon,"""Very fluid. Camera is acceptable for the price. Fast charging."""
REV001108,PH031,Oppo A6s 5G,Amazon,"""The battery is its strong point. The camera leaves something to be desired."""
REV001109,PH031,Oppo A6s 5G,Amazon,"""The camera goes great both rear and front. Satisfied with the purchase."""
REV001110,PH031,Oppo A6s 5G,Amazon,"""A phone that has all the modern features ready, is capable of 5G, has a long battery life and sufficient performance."""
REV001111,PH031,Oppo A6s 5G,Amazon,"""To laggy for me. Just not up to Samsung quality."""
REV001112,PH031,Oppo A6s 5G,Amazon,"""Very slow, keeps freezing, don't waste your money."""
REV001113,PH031,Oppo A6s 5G,Amazon,"""The battery lasts for 2 days, the applications are very fast and the photos and videos come out very well."""
REV001114,PH031,Oppo A6s 5G,Amazon,"""Has no memory card slot; the software is unstable with multiple crashes occurring frequently."""
REV001115,PH031,Oppo A6s 5G,Amazon,"""Quickly the microphone stopped working. Then the battery stopped charging."""
REV001116,PH031,Oppo A6s 5G,Amazon,"""Good quality/price ratio."""
REV001117,PH031,Oppo A6s 5G,Amazon,"""Quality product but difficulty when it comes to having a brand partner."""
REV001118,PH031,Oppo A6s 5G,Amazon,"""Very pleased. Super fast performance, camera with superior quality."""
REV001119,PH031,Oppo A6s 5G,Amazon,"""Mobile with an excellent value for money. Highly recommended purchase."""
REV001120,PH031,Oppo A6s 5G,Amazon,"""The screen protector was broken. The battery is mediocre."""
REV001121,PH031,Oppo A6s 5G,Amazon,"""A 500-euro mobile should not be hit in all its corners."""
REV001122,PH031,Oppo A6s 5G,Amazon,"""I bought the mobile phone and after 4 months the screen stopped working."""
REV001123,PH031,Oppo A6s 5G,Amazon,"""Only half satisfies."""
REV001124,PH031,Oppo A6s 5G,Amazon,"""I loved this phone, I would repeat with it."""
REV001125,PH031,Oppo A6s 5G,Amazon,"""We bought it for our daughter and the truth is that it is an impressive cell phone."""
REV001126,PH031,Oppo A6s 5G,Amazon,"""The product arrived super fast. The device meets my expectations."""
REV001127,PH031,Oppo A6s 5G,Amazon,"""Just brilliant. I'm very happy. I highly recommend it."""
REV001128,PH031,Oppo A6s 5G,Amazon,"""Spectacular facial recognition, everything is going very fast. I recommend the phone."""
REV001129,PH031,Oppo A6s 5G,Amazon,"""I liked everything in general since it was the mobile I was looking for."""
REV001130,PH031,Oppo A6s 5G,Amazon,"""Good performance and presentation quality. It came in time and form."""
REV001131,PH031,Oppo A6s 5G,Amazon,"""I am very happy, especially the duration and speed of charging the battery."""
REV001132,PH031,Oppo A6s 5G,Amazon,"""I really like this phone and 5G at a reasonable price."""
REV001133,PH031,Oppo A6s 5G,Amazon,"""Terrible terminal in terms of durability. My screen broke for no apparent reason."""
REV001134,PH031,Oppo A6s 5G,Amazon,"""It was a gift for my daughter. She seems happy."""
REV001135,PH031,Oppo A6s 5G,Amazon,"""I like everything about this product."""
REV001136,PH031,Oppo A6s 5G,Amazon,"""Normal. It doesn't reach the end of the day, it eats the battery."""
REV001137,PH031,Oppo A6s 5G,Amazon,"""This very well has quite a lot of storage capacity."""
REV001138,PH031,Oppo A6s 5G,Amazon,"""Excellent, I arrived in good condition."""
REV001139,PH031,Oppo A6s 5G,Amazon,"""So far it works very well. Fast charging and easy operation."""
REV001140,PH032,Samsung Galaxy M17e 5G,Flipkart,"""Samsung galaxy M17e is average Mobile Phone. Camera - Not good for Click Photos. Performance - Good 👍. Build Quality - It's slippery, try to use a case or cover to protect phone. Battery - Performance..."""
REV001141,PH032,Samsung Galaxy M17e 5G,Flipkart,"""Best qulity"""
REV001142,PH032,Samsung Galaxy M17e 5G,Flipkart,"""Value of money mobile, best price 👌, super quality, amazing Samsung galaxy, worth feeling better, display monster phone."""
REV001143,PH032,Samsung Galaxy M17e 5G,Flipkart,"""Good prodact"""
REV001144,PH032,Samsung Galaxy M17e 5G,Flipkart,"""Good"""
REV001145,PH032,Samsung Galaxy M17e 5G,Flipkart,"""Valo phone"""
REV001146,PH032,Samsung Galaxy M17e 5G,Flipkart,"""Bad experience 😢"""
REV001147,PH032,Samsung Galaxy M17e 5G,Flipkart,"""Phone is laggy and takes time to load, not worth the price, better to go for other brands."""
REV001148,PH032,Samsung Galaxy M17e 5G,Flipkart,"""The product quality of Flipkart is absolutely equivalent to the quality of footpath brand."""
REV001149,PH032,Samsung Galaxy M17e 5G,Flipkart,"""Everything is best of best ❤️ but only the camera 📸 is not satisfied 😔."""
REV001150,PH032,Samsung Galaxy M17e 5G,Flipkart,"""It's a very valuable product. But remember this product is for parents."""
REV001151,PH032,Samsung Galaxy M17e 5G,Flipkart,"""Very good performance."""
REV001152,PH032,Samsung Galaxy M17e 5G,Flipkart,"""Samsung provide less specifications compared to others, very poor in specification, never purchase Samsung mobiles, not provide charger with handset, price cost high, less facility."""
REV001153,PH032,Samsung Galaxy M17e 5G,Flipkart,"""Not happy, mobile hanging and getting hot."""
REV001154,PH032,Samsung Galaxy M17e 5G,Flipkart,"""This phone is best for parents, not for multitasking and high performance. The 6GB + 128GB variant is better than 4GB + 128GB."""
REV001155,PH032,Samsung Galaxy M17e 5G,Flipkart,"""Not best phone, quality is very low, so bad phone. I can't purchase Samsung again."""
REV001156,PH032,Samsung Galaxy M17e 5G,Amazon,"""Amazing, worth the money."""
REV001157,PH032,Samsung Galaxy M17e 5G,Amazon,"""The standout feature is the 6 years of OS and Security updates. In a budget segment where phones are often abandoned after two years, this commitment from Samsung is a game-changer."""
REV001158,PH032,Samsung Galaxy M17e 5G,Amazon,"""The 6000mAh cell is a monster. I easily get 1.5 to 2 days of usage even with heavy multitasking."""
REV001159,PH032,Samsung Galaxy M17e 5G,Amazon,"""The 120Hz refresh rate makes One UI 8.0 feel incredibly snappy. Scrolling through long PDFs or documentation is buttery smooth."""
REV001160,PH032,Samsung Galaxy M17e 5G,Amazon,"""The GFRP back feels more durable than standard plastic. Combined with the IP54 rating, it handles the daily campus hustle."""
REV001161,PH032,Samsung Galaxy M17e 5G,Amazon,"""The resolution is HD+ (720p). On a large 6.7-inch screen, the pixel density is a bit low."""
REV001162,PH032,Samsung Galaxy M17e 5G,Amazon,"""The massive battery still takes nearly 2 hours to top up."""
REV001163,PH032,Samsung Galaxy M17e 5G,Amazon,"""The 50MP main sensor is fine for document scanning and casual daylight shots, but don't expect flagship-level low-light performance."""
REV001164,PH032,Samsung Galaxy M17e 5G,Amazon,"""If you need a workhorse that stays updated until 2032 and won't die on you mid-day, this is a solid investment."""
REV001165,PH032,Samsung Galaxy M17e 5G,Amazon,"""The phone feels smooth in daily use thanks to the 120Hz display."""
REV001166,PH032,Samsung Galaxy M17e 5G,Amazon,"""The big 6000mAh battery easily lasts more than a full day with heavy usage."""
REV001167,PH032,Samsung Galaxy M17e 5G,Amazon,"""The performance is good for normal tasks like social media, YouTube, calling, multitasking, and light gaming."""
REV001168,PH032,Samsung Galaxy M17e 5G,Amazon,"""The 50MP main camera captures clear and natural photos."""
REV001169,PH032,Samsung Galaxy M17e 5G,Amazon,"""Samsung’s One UI experience is clean and easy to use."""
REV001170,PH032,Samsung Galaxy M17e 5G,Amazon,"""The display resolution could have been better."""
REV001171,PH032,Samsung Galaxy M17e 5G,Amazon,"""This is a great budget 5G smartphone for students, parents, or anyone looking for a reliable Samsung phone."""
REV001172,PH032,Samsung Galaxy M17e 5G,Amazon,"""Heating and hanging issue, processor is very slow, price is very high respect to quality."""
REV001173,PH032,Samsung Galaxy M17e 5G,Amazon,"""Battery is good."""
REV001174,PH032,Samsung Galaxy M17e 5G,Amazon,"""Some times camera was blurred."""
REV001175,PH032,Samsung Galaxy M17e 5G,Amazon,"""Smooth and having a long battery life."""
REV001176,PH032,Samsung Galaxy M17e 5G,Amazon,"""Display serves the purpose, camera is good enough."""
REV001177,PH032,Samsung Galaxy M17e 5G,Amazon,"""My only reason to purchase this was the 6+ OS upgrades."""
REV001178,PH032,Samsung Galaxy M17e 5G,Amazon,"""Looks are just okay, a bit big for my liking."""
REV001179,PH032,Samsung Galaxy M17e 5G,Amazon,"""A Samsung phone with a headphone jack, expandable storage and a 6000mAh battery."""
REV001180,PH032,Samsung Galaxy M17e 5G,Amazon,"""Performs all day-to-day activities with ease."""
REV001181,PH032,Samsung Galaxy M17e 5G,Amazon,"""The battery life is great, and the camera decent for a budget phone."""
REV001182,PH032,Samsung Galaxy M17e 5G,Amazon,"""Purchased this device at launch with offers, and it's very balanced for this price range."""
REV001183,PH032,Samsung Galaxy M17e 5G,Amazon,"""The 6 Generations of OS upgrades really sold it for me."""
REV001184,PH032,Samsung Galaxy M17e 5G,Amazon,"""The massive battery gives about 2 days of battery life."""
REV001185,PH032,Samsung Galaxy M17e 5G,Amazon,"""This device does NOT have NFC."""
REV001186,PH032,Samsung Galaxy M17e 5G,Amazon,"""This device doesn't support ARCore."""
REV001187,PH032,Samsung Galaxy M17e 5G,Amazon,"""The stock One UI 8 experience still feels very bloated."""
REV001188,PH032,Samsung Galaxy M17e 5G,Amazon,"""120Hz at max brightness will lead to significant amount of heat."""
REV001189,PH032,Samsung Galaxy M17e 5G,Amazon,"""Steer clear of the 4GB variant."""
REV001190,PH032,Samsung Galaxy M17e 5G,Amazon,"""The processor feels very slow and not up to the mark for 2026."""
REV001191,PH032,Samsung Galaxy M17e 5G,Amazon,"""Apps take time to open, switching between apps lags, and heavy apps stutter badly."""
REV001192,PH032,Samsung Galaxy M17e 5G,Amazon,"""One UI feels sluggish on this chip."""
REV001193,PH032,Samsung Galaxy M17e 5G,Amazon,"""For basic calling, WhatsApp, and YouTube, it works."""
REV001194,PH032,Samsung Galaxy M17e 5G,Amazon,"""Performance is satisfactory."""
REV001195,PH032,Samsung Galaxy M17e 5G,Amazon,"""Camera quality is ok but can be improved."""
REV001196,PH032,Samsung Galaxy M17e 5G,Amazon,"""This would be a good purchase if you are looking for an Android 16 phone with long term OS updates."""
REV001197,PH032,Samsung Galaxy M17e 5G,Amazon,"""Battery life good."""
REV001198,PH032,Samsung Galaxy M17e 5G,Amazon,"""Camera average."""
REV001199,PH032,Samsung Galaxy M17e 5G,Amazon,"""Interface looking awesome."""
REV001200,PH032,Samsung Galaxy M17e 5G,Amazon,"""Display ok ok."""
REV001201,PH032,Samsung Galaxy M17e 5G,Amazon,"""Sound very low, one speaker."""
REV001202,PH032,Samsung Galaxy M17e 5G,Amazon,"""Good product with camera and sound."""
REV001203,PH032,Samsung Galaxy M17e 5G,Amazon,"""Security features is the best."""
REV001204,PH032,Samsung Galaxy M17e 5G,Amazon,"""This phone is useless in 6GB RAM."""
REV001205,PH032,Samsung Galaxy M17e 5G,Amazon,"""One UI itself takes most of the RAM."""
REV001206,PH032,Samsung Galaxy M17e 5G,Amazon,"""Camera better than expectations in daylight."""
REV001207,PH032,Samsung Galaxy M17e 5G,Amazon,"""Very good touch."""
REV001208,PH032,Samsung Galaxy M17e 5G,Amazon,"""Call quality and network is good."""
REV001209,PH032,Samsung Galaxy M17e 5G,Amazon,"""Battery is wonderful."""
REV001210,PH032,Samsung Galaxy M17e 5G,Amazon,"""Videos and image colours are not good."""
REV001211,PH032,Samsung Galaxy M17e 5G,Amazon,"""Camera quality is not good."""
REV001212,PH032,Samsung Galaxy M17e 5G,Amazon,"""LCD screen quality is not good."""
REV001213,PH032,Samsung Galaxy M17e 5G,Amazon,"""Battery ok, no heat problem, network connectivity is super speed."""
REV001214,PH032,Samsung Galaxy M17e 5G,Amazon,"""Good battery backup."""
REV001215,PH032,Samsung Galaxy M17e 5G,Amazon,"""Display is ok."""
REV001216,PH032,Samsung Galaxy M17e 5G,Amazon,"""Speed good for normal usage."""
REV001217,PH032,Samsung Galaxy M17e 5G,Amazon,"""Sometimes the mobile hangs during normal use, especially while multitasking."""
REV001218,PH032,Samsung Galaxy M17e 5G,Amazon,"""Fast charging does not work properly, and the phone charges very slowly at times."""
REV001219,PH032,Samsung Galaxy M17e 5G,Amazon,"""Camera and battery backup are decent for daily use."""
REV001220,PH032,Samsung Galaxy M17e 5G,Amazon,"""Good camera quality but can be improved."""
REV001221,PH032,Samsung Galaxy M17e 5G,Amazon,"""Selling the phone without charger adapter is a major drawback."""
REV001222,PH032,Samsung Galaxy M17e 5G,Amazon,"""Good phone with decent configuration, but camera is just ok."""
REV001223,PH032,Samsung Galaxy M17e 5G,Amazon,"""Front camera pictures are not good."""
REV001224,PH032,Samsung Galaxy M17e 5G,Amazon,"""Rear camera picture quality is very nice."""
REV001225,PH032,Samsung Galaxy M17e 5G,Amazon,"""Hanging and slow to open app."""
REV001226,PH032,Samsung Galaxy M17e 5G,Amazon,"""Difficulty to unlock screen due to mismatch of biometric security."""
REV001227,PH032,Samsung Galaxy M17e 5G,Amazon,"""Very worst case."""
REV001228,PH032,Samsung Galaxy M17e 5G,Amazon,"""Worth it. Screen size is big."""
REV001229,PH032,Samsung Galaxy M17e 5G,Amazon,"""You need to compromise on display and brightness."""
REV001230,PH032,Samsung Galaxy M17e 5G,Amazon,"""Adaptive brightness is not visible, set to manual."""
REV001231,PH032,Samsung Galaxy M17e 5G,Amazon,"""Slow networking. Tower coverage problem."""
REV001232,PH032,Samsung Galaxy M17e 5G,Amazon,"""Has a lot of features."""
REV001233,PH032,Samsung Galaxy M17e 5G,Amazon,"""Battery draining fast."""
REV001234,PH032,Samsung Galaxy M17e 5G,Amazon,"""Best phone under 14k from Samsung. Running smooth so far."""
REV001235,PH032,Samsung Galaxy M17e 5G,Amazon,"""Excellent in battery backup and camera."""
REV001236,PH032,Samsung Galaxy M17e 5G,Amazon,"""Nice display. Super sound. Nice performance."""
REV001237,PH032,Samsung Galaxy M17e 5G,Amazon,"""Battery backup and camera clear very nice."""
REV001238,PH032,Samsung Galaxy M17e 5G,Amazon,"""Poor audio and mobile signal."""
REV001239,PH032,Samsung Galaxy M17e 5G,Amazon,"""No back cover in the box, no adapter, charger."""
REV001240,PH032,Samsung Galaxy M17e 5G,Amazon,"""Does not accommodate 2 SIMs."""
REV001241,PH032,Samsung Galaxy M17e 5G,Amazon,"""Camera quality is very bad."""
REV001242,PH032,Samsung Galaxy M17e 5G,Amazon,"""Performance is bad."""
REV001243,PH032,Samsung Galaxy M17e 5G,Amazon,"""No AOD (Always On Display)."""
REV001244,PH032,Samsung Galaxy M17e 5G,Amazon,"""Battery robust, can go without charging more than 24 hours."""
REV001245,PH032,Samsung Galaxy M17e 5G,Amazon,"""Camera quality good, senses depth and angle clearly."""
REV001246,PH032,Samsung Galaxy M17e 5G,Amazon,"""Appearance violet very impressive."""
REV001247,PH032,Samsung Galaxy M17e 5G,Amazon,"""It's slow. Very slow. Even searching for names in WhatsApp takes time."""
REV001248,PH032,Samsung Galaxy M17e 5G,Amazon,"""At this price, a 5G phone with 6 years OS upgrade is excellent."""
REV001249,PH032,Samsung Galaxy M17e 5G,Amazon,"""Nice phone with lots of customization and very smooth."""
REV001250,PH032,Samsung Galaxy M17e 5G,Amazon,"""The all-in-one quality type handset."""
REV001251,PH032,Samsung Galaxy M17e 5G,Amazon,"""Most magnificent side is its price range."""
REV001252,PH032,Samsung Galaxy M17e 5G,Amazon,"""Battery: very good."""
REV001253,PH032,Samsung Galaxy M17e 5G,Amazon,"""Display: not so bad but not good."""
REV001254,PH032,Samsung Galaxy M17e 5G,Amazon,"""Camera: really very bad."""
REV001255,PH032,Samsung Galaxy M17e 5G,Amazon,"""User interface: awesome."""
REV001256,PH032,Samsung Galaxy M17e 5G,Amazon,"""RAM management: too bad, in 6GB only 1.5GB free for use."""
REV001257,PH032,Samsung Galaxy M17e 5G,Amazon,"""Very bad. Do not buy."""
REV001258,PH032,Samsung Galaxy M17e 5G,Amazon,"""It hangs while opening the camera and does not work smoothly at all."""
REV001259,PH032,Samsung Galaxy M17e 5G,Amazon,"""The biggest problem is lag."""
REV001260,PH032,Samsung Galaxy M17e 5G,Amazon,"""Overall average. I prefer buying another brand at this price."""
REV001261,PH032,Samsung Galaxy M17e 5G,Amazon,"""Touch quality, sound quality, display features, everything is good."""
REV001262,PH032,Samsung Galaxy M17e 5G,Amazon,"""Must buy adaptor from Samsung store or centre only."""
REV001263,PH032,Samsung Galaxy M17e 5G,Amazon,"""Charging speed fast and quality of camera gives value for money."""
REV001264,PH032,Samsung Galaxy M17e 5G,Amazon,"""Feel no heat during normal use."""
REV001265,PH033,Vivo T5x 5G,Flipkart,“Very nice this mobile 🙂❤️”
REV001266,PH033,Vivo T5x 5G,Flipkart,“phone is awesome but delivery boy behaviour was very bad”
REV001267,PH033,Vivo T5x 5G,Flipkart,“Good product batter life so long in this rate price value of
REV001268,PH033,Vivo T5x 5G,Flipkart,Product”
REV001269,PH033,Vivo T5x 5G,Flipkart,“Mind-blowing purchase”
REV001270,PH033,Vivo T5x 5G,Flipkart,“Good camera green colour”
REV001271,PH033,Vivo T5x 5G,Flipkart,"“, Gautam Buddha Nagar”"
REV001272,PH033,Vivo T5x 5G,Flipkart,“This is a phone price comparison with better performance and the
REV001273,PH033,Vivo T5x 5G,Flipkart,camera is Good and the look is Good and the Gaming experience is
REV001274,PH033,Vivo T5x 5G,Flipkart,better . I like this phone Vivo t5x thanks… 👍”
REV001275,PH033,Vivo T5x 5G,Flipkart,“It’s a excellent mobile of this price on Vivo mobile Very good
REV001276,PH033,Vivo T5x 5G,Flipkart,"performance, super display and battery backup 3 day”"
REV001277,PH033,Vivo T5x 5G,Flipkart,"“Mobile Camara is average, Display is good and also battery is very"
REV001278,PH033,Vivo T5x 5G,Flipkart,good.”
REV001279,PH033,Vivo T5x 5G,Flipkart,“Value for money big battery very good Camera very good phone. T5X”
REV001280,PH033,Vivo T5x 5G,Flipkart,“As per instructions mention battery will be fully charged in 45 min
REV001281,PH033,Vivo T5x 5G,Flipkart,but couldn’t charged and moving picture not captured properly.”
REV001282,PH033,Vivo T5x 5G,Flipkart,“koushik debnath debnath”
REV001283,PH033,Vivo T5x 5G,Flipkart,“It looks very beautiful. The camera is also good and everything is
REV001284,PH033,Vivo T5x 5G,Flipkart,very beautiful in all aspects. It would be better if there was a
REV001285,PH033,Vivo T5x 5G,Flipkart,display finger lock. I have a komzori side finger.”
REV001286,PH033,Vivo T5x 5G,Flipkart,“Ossom mobile under 25k I like this ❤️❤️”
REV001287,PH033,Vivo T5x 5G,Flipkart,“It is good but it can be better.. by Ayush Raj..”
REV001288,PH033,Vivo T5x 5G,Flipkart,“Disappointed with display and fingerprint sensor it could be given
REV001289,PH033,Vivo T5x 5G,Flipkart,amoled display and on screen fingerprint sensor….. Overall good for
REV001290,PH033,Vivo T5x 5G,Flipkart,normal use.. price could have been around 19000 for 256 GB vari…”
REV001291,PH033,Vivo T5x 5G,Flipkart,“Mouth speaker quality is very poor”
REV001292,PH033,Vivo T5x 5G,Flipkart,“Best and budget phone 💥💯”
REV001293,PH033,Vivo T5x 5G,Flipkart,“Changed to vivo however it’s a downgrade in performance.. phone
REV001294,PH033,Vivo T5x 5G,Flipkart,keeps getting stuck between application.. facing screen freezing
REV001295,PH033,Vivo T5x 5G,Flipkart,issue already Don’t buy”
REV001296,PH033,Vivo T5x 5G,Flipkart,“Very good Phone good looking good camera and battery”
REV001297,PH033,Vivo T5x 5G,Flipkart,"“Nice camera quality, good working ojone”"
REV001298,PH033,Vivo T5x 5G,Flipkart,“Product is awesome at this price.”
REV001299,PH033,Vivo T5x 5G,Flipkart,“Camera quality is very nice 3 days battery backup Full 5g network
REV001300,PH033,Vivo T5x 5G,Flipkart,Nice camera Good phone for games All-rounder”
REV001301,PH033,Vivo T5x 5G,Flipkart,“Great smartphone. A good camera phone with strong and long-lasting
REV001302,PH033,Vivo T5x 5G,Flipkart,battery.”
REV001303,PH033,Vivo T5x 5G,Flipkart,“Decent mobile phone in this segment. very nice Display and features
REV001304,PH033,Vivo T5x 5G,Flipkart,Bigger Battery and good performance Worth buying 🙂👌👌👍”
REV001305,PH033,Vivo T5x 5G,Flipkart,"“It’s a great phone, but for the money 🤑💰”"
REV001306,PH033,Vivo T5x 5G,Flipkart,“Good phone best battery and performance Worth the money if you want
REV001307,PH033,Vivo T5x 5G,Flipkart,vivo brand mobile”
REV001308,PH033,Vivo T5x 5G,Flipkart,"“Mobile is very good, but finger print scanner is not available on"
REV001309,PH033,Vivo T5x 5G,Flipkart,screen it looks very cheap.”
REV001310,PH033,Vivo T5x 5G,Flipkart,“Very good mobile value for money”
REV001311,PH033,Vivo T5x 5G,Flipkart,“Camera quality is not muchh good . Good phone at this price”
REV001312,PH033,Vivo T5x 5G,Flipkart,“I think I need some update to play smoothly”
REV001313,PH033,Vivo T5x 5G,Flipkart,“Smooth and performance good”
REV001314,PH033,Vivo T5x 5G,Flipkart,"“This vivo t5x is very cool, and it’s durability is awesome and the"
REV001315,PH033,Vivo T5x 5G,Flipkart,camera feature is fabulous and lastly this phone 🤩 is best budget
REV001316,PH033,Vivo T5x 5G,Flipkart,phone and must buy for high performance and massive 7200 mah batte…”
REV001317,PH033,Vivo T5x 5G,Flipkart,"“, Jagatsinghapur District”"
REV001318,PH033,Vivo T5x 5G,Flipkart,“Battery backup very nice”
REV001319,PH033,Vivo T5x 5G,Flipkart,"“I have been used 15 days, value for money phone, Camera is good"
REV001320,PH033,Vivo T5x 5G,Flipkart,"with this price range, display is average, after that all is good.”"
REV001321,PH033,Vivo T5x 5G,Flipkart,“Mobile is getting hanged sometimes . Camera is good. Battery
REV001322,PH033,Vivo T5x 5G,Flipkart,awesome”
REV001323,PH033,Vivo T5x 5G,Flipkart,"“I am using Vivo T5x 8/256 , now all over good.Front Camera"
REV001324,PH033,Vivo T5x 5G,Flipkart,"disappointed. But I will do honest review after one month,"
REV001325,PH033,Vivo T5x 5G,Flipkart,performance is good”
REV001326,PH033,Vivo T5x 5G,Flipkart,“Mobile finishing and design was too good. I love it ❤️ Camera
REV001327,PH033,Vivo T5x 5G,Flipkart,quality also owsome”
REV001328,PH033,Vivo T5x 5G,Flipkart,“Good at everything still now Will update later after complete
REV001329,PH033,Vivo T5x 5G,Flipkart,usage”
REV001330,PH033,Vivo T5x 5G,Flipkart,“Product is good this price range camera is good battary is best and
REV001331,PH033,Vivo T5x 5G,Flipkart,"display, performance is also good best phone for midrange.”"
REV001332,PH033,Vivo T5x 5G,Flipkart,“Vivo T5x 5G is best mobile phone. Performance is too good 👍”
REV001333,PH033,Vivo T5x 5G,Flipkart,“Best phone Value of money”
REV001334,PH033,Vivo T5x 5G,Flipkart,“Very good product Best camera Best baig battery Best performance”
REV001335,PH033,Vivo T5x 5G,Flipkart,“Good camara good charges 2days”
REV001336,PH033,Vivo T5x 5G,Flipkart,“Value for money and very nice performance”
REV001337,PH033,Vivo T5x 5G,Flipkart,"“Very good at this price point, Camera and battery is good and"
REV001338,PH033,Vivo T5x 5G,Flipkart,overall nice experience. Writing this review after 1 week of use.”
REV001339,PH033,Vivo T5x 5G,Flipkart,“Awesome best purchase”
REV001340,PH033,Vivo T5x 5G,Flipkart,"“All ok, but Display quality and Touch experience slow”"
REV001341,PH033,Vivo T5x 5G,Flipkart,“Best 5G smartphone in this price. I really like this phone”
REV001342,PH033,Vivo T5x 5G,Flipkart,“Value for money phone”
REV001343,PH033,Vivo T5x 5G,Flipkart,“It is best for me. It is best for camera and good battery”
REV001344,PH033,Vivo T5x 5G,Flipkart,“Masti water proof mobile value of money”
REV001345,PH033,Vivo T5x 5G,Flipkart,“Overall phone is good”
REV001346,PH033,Vivo T5x 5G,Flipkart,“Good Phone Daily Use.”
REV001347,PH033,Vivo T5x 5G,Flipkart,“Very nice looking and really a very good phone”
REV001348,PH033,Vivo T5x 5G,Flipkart,“Excellent Device from VIVO”
REV001349,PH033,Vivo T5x 5G,Flipkart,"“This mobile is best camera quality bettery performance very nice,"
REV001350,PH033,Vivo T5x 5G,Flipkart,"smooth running, upgrade version of t4x phone”"
REV001351,PH033,Vivo T5x 5G,Flipkart,“Best phone for vivo mobile”
REV001352,PH033,Vivo T5x 5G,Flipkart,“Super product thank you flipkart and thank you vivo i really
REV001353,PH033,Vivo T5x 5G,Flipkart,recommend in 5star rating From theni district tamilnadu”
REV001354,PH033,Vivo T5x 5G,Flipkart,“Product is outstanding and very useful”
REV001355,PH033,Vivo T5x 5G,Flipkart,“Good camera and Good battery backup I like This Mobile”
REV001356,PH033,Vivo T5x 5G,Flipkart,“Worth it for money good one”
REV001357,PH033,Vivo T5x 5G,Flipkart,“This budget is best mobile”
REV001358,PH033,Vivo T5x 5G,Flipkart,“All good but display IPS 😢”
REV001359,PH033,Vivo T5x 5G,Flipkart,“Very nice product thx Flipkart”
REV001360,PH033,Vivo T5x 5G,Flipkart,“Camera was totally worst🤮”
REV001361,PH033,Vivo T5x 5G,Amazon,"""Best best mobile I ever get....strong sound best speed.... amazing product by vivo....no comparison....all handset fail against this t5 vivo."""
REV001362,PH033,Vivo T5x 5G,Amazon,"""Everything is fine except display. They should have given AMOLED display. Overall good camera quality, battery life, processor speed."""
REV001363,PH033,Vivo T5x 5G,Amazon,"""I am happy for Vivo T5x shopping on Amazon but the delivery agent service was very bad and did not come to the proper address."""
REV001364,PH033,Vivo T5x 5G,Amazon,"""Good condition."""
REV001365,PH033,Vivo T5x 5G,Amazon,"""Very slow working. Need 5 to 10 seconds to open applications and camera."""
REV001366,PH033,Vivo T5x 5G,Amazon,"""Very good phone."""
REV001367,PH033,Vivo T5x 5G,Amazon,"""Camera quality is good."""
REV001368,PH033,Vivo T5x 5G,Amazon,"""Super mobile, all good functions."""
REV001369,PH033,Vivo T5x 5G,Amazon,"""Phone had a few minor scratches."""
REV001370,PH033,Vivo T5x 5G,Amazon,"""Nice look."""
REV001371,PH033,Vivo T5x 5G,Amazon,"""Value for money. Camera is decent. Sound is decent."""
REV001372,PH033,Vivo T5x 5G,Amazon,"""Good performance phone."""
REV001373,PH033,Vivo T5x 5G,Amazon,"""Average phone, it is hanging."""
REV001374,PH033,Vivo T5x 5G,Amazon,"""It's a good phone."""
REV001375,PH033,Vivo T5x 5G,Amazon,"""Photo camera is beautiful."""
REV001376,PH033,Vivo T5x 5G,Amazon,"""Good."""
REV001377,PH033,Vivo T5x 5G,Amazon,"""Excellent performance."""
REV001378,PH033,Vivo T5x 5G,Amazon,"""Very good."""
REV001379,PH033,Vivo T5x 5G,Amazon,"""Quick delivery."""
REV001380,PH033,Vivo T5x 5G,Amazon,"""Best phone."""
REV001381,PH033,Vivo T5x 5G,Amazon,"""Very good packaging."""
REV001382,PH033,Vivo T5x 5G,Amazon,"""Not a good phone. Slow after a month of use."""
REV001383,PH033,Vivo T5x 5G,Amazon,"""Phone is slow and hangs."""
REV001384,PH033,Vivo T5x 5G,Amazon,"""Processor speed is very low. Not recommended for ₹22,000."""
REV001385,PH033,Vivo T5x 5G,Amazon,"""Cellphone is not working properly and I need to replace it. Do not buy this phone."""
REV001386,PH033,Vivo T5x 5G,Amazon,"""Phone is heating after only 2 days of purchase. Charging is slow in this range."""
REV001387,PH033,Vivo T5x 5G,Amazon,"""Very bad mobile. Memory card slot not available. Mobile works slowly and is expensive. Don't purchase."""
REV001388,PH033,Vivo T5x 5G,Amazon,"""This is the worst phone I have ever used. Even with such a powerful processor, it hangs and lags a lot. I regret buying it."""
REV001389,PH033,Vivo T5x 5G,Amazon,"""Worst service. Exchange phone was not accepted even though it was in working condition."""
REV001390,PH033,Vivo T5x 5G,Amazon,"""Warning: Do NOT buy the Vivo T5x. Within one week the phone hangs frequently and is extremely slow. Worst performance I’ve experienced. Very disappointed."""
REV001391,PH033,Vivo T5x 5G,Amazon,"""Please don't buy it. The camera is very bad and the battery is average. Vivo cheated me for ₹23,000. Useless product."""
REV001392,PH034,Oppo K14 5G,Flipkart,"""Very good product"""
REV001393,PH034,Oppo K14 5G,Flipkart,"""Very nice 🙂 phone"""
REV001394,PH034,Oppo K14 5G,Flipkart,"""Good"""
REV001395,PH034,Oppo K14 5G,Flipkart,"""Recently bought K14 6-128, average phone performance, battery, refresh rate wise good and value for money also the main difference is camera and display camera has average picture clarity which can't ... more"""
REV001396,PH034,Oppo K14 5G,Flipkart,"""Very good"""
REV001397,PH034,Oppo K14 5G,Flipkart,"""Camera was bad don't buy this product it's below average phone try another series"""
REV001398,PH034,Oppo K14 5G,Flipkart,"""Value for money"""
REV001399,PH034,Oppo K14 5G,Flipkart,"""Best value for money"""
REV001400,PH034,Oppo K14 5G,Flipkart,"""Very nice product for normal use."""
REV001401,PH034,Oppo K14 5G,Flipkart,"""Good mobile"""
REV001402,PH034,Oppo K14 5G,Flipkart,"""Good product"""
REV001403,PH034,Oppo K14 5G,Flipkart,"""Good camera"
REV001404,PH034,Oppo K14 5G,Flipkart,Good battery
REV001405,PH034,Oppo K14 5G,Flipkart,"But display is so bad in this price range"""
REV001406,PH034,Oppo K14 5G,Flipkart,"""Very nice looking for good thank uu flipkart"""
REV001407,PH034,Oppo K14 5G,Flipkart,"""Very good product. Even one should purchase it. It's Ai erazer feature also very ohsam."""
REV001408,PH034,Oppo K14 5G,Flipkart,"""Very good phone in this range"""
REV001409,PH034,Oppo K14 5G,Flipkart,"""Ok"""
REV001410,PH034,Oppo K14 5G,Flipkart,"""Very nice"""
REV001411,PH034,Oppo K14 5G,Flipkart,"""Nice"""
REV001412,PH034,Oppo K14 5G,Flipkart,"""Very good phone.This is working well"""
REV001413,PH034,Oppo K14 5G,Flipkart,"""Good photo good phone"""
REV001414,PH034,Oppo K14 5G,Flipkart,"""Nice product"""
REV001415,PH034,Oppo K14 5G,Flipkart,"""Not very good performance and camera also not good in this price"""
REV001416,PH034,Oppo K14 5G,Flipkart,"""Overall best mobile..."
REV001417,PH034,Oppo K14 5G,Flipkart,Oppo k 14 5G
REV001418,PH034,Oppo K14 5G,Flipkart,"Mobile is good quality product picture and sound smoothly working with the video and"""
REV001419,PH034,Oppo K14 5G,Flipkart,"""Very nice project"""
REV001420,PH034,Oppo K14 5G,Flipkart,"""Darun"""
REV001421,PH034,Oppo K14 5G,Flipkart,"""very good for gaming and battery usage is very long"""
REV001422,PH034,Oppo K14 5G,Flipkart,"""Exllent Overall Good"""
REV001423,PH034,Oppo K14 5G,Flipkart,"""Nice and worth for money"""
REV001424,PH034,Oppo K14 5G,Flipkart,"""Plz don't buy any product e Cart beaz there are cheeting customer and"""
REV001425,PH034,Oppo K14 5G,Flipkart,"""Phone is good but too heavy to carry."""
REV001426,PH034,Oppo K14 5G,Flipkart,"""Just an average phone"""
REV001427,PH034,Oppo K14 5G,Flipkart,"""Very bad phone, there is no return now please think before buy, otherwise you guys will bad. Compare to this old phones best."
REV001428,PH034,Oppo K14 5G,Flipkart,"Note the camera is not properly working..."""
REV001429,PH034,Oppo K14 5G,Flipkart,"""CAMERA Quality is average"""
REV001430,PH034,Oppo K14 5G,Flipkart,"""Very nice phone quality"""
REV001431,PH034,Oppo K14 5G,Flipkart,"""Good 👍"""
REV001432,PH034,Oppo K14 5G,Flipkart,"""Super"""
REV001433,PH034,Oppo K14 5G,Flipkart,"""All is wael"""
REV001434,PH034,Oppo K14 5G,Flipkart,"""Hai i am Nanaji i recently OPPO k14 mobile 2 days working after very heat the mobile and very worst the mobile"
REV001435,PH034,Oppo K14 5G,Flipkart,"Please everyone don't purchase the OPPO mobile....😔😔🥲🥲"""
REV001436,PH034,Oppo K14 5G,Flipkart,"""Very Nice. Good product."""
REV001437,PH034,Oppo K14 5G,Flipkart,"""Average phone"""
REV001438,PH034,Oppo K14 5G,Flipkart,"""Display not good. Camera quality is very poor. When I tried to return it , it doesn't work. Just Trash"""
REV001439,PH034,Oppo K14 5G,Flipkart,"""Front camera is ok but rear camera (back camera) is not a good quality and not satisfied with rear camera"""
REV001440,PH034,Oppo K14 5G,Flipkart,"""Overall a good phone ..... You can go for it blindly."""
REV001441,PH034,Oppo K14 5G,Flipkart,"""Nice phone. Battery back very good.."""
REV001442,PH034,Oppo K14 5G,Flipkart,"""Value For Munny Pro"""
REV001443,PH034,Oppo K14 5G,Flipkart,"""Camera quality was very poor 💩"""
REV001444,PH034,Oppo K14 5G,Flipkart,"""Best phone under this segment."""
REV001445,PH034,Oppo K14 5G,Flipkart,"""Camera quality is not as expected."""
REV001446,PH034,Oppo K14 5G,Flipkart,"""Camera is very bad."
REV001447,PH034,Oppo K14 5G,Flipkart,"Not good"""
REV001448,PH034,Oppo K14 5G,Flipkart,"""Good Product"""
REV001449,PH034,Oppo K14 5G,Flipkart,"""The quality and performance of mobile is very unsatisfactory"
REV001450,PH034,Oppo K14 5G,Flipkart,"Mobile is getting hot even if we charge for 15 minutes."""
REV001451,PH034,Oppo K14 5G,Flipkart,"""Good nice"""
REV001452,PH034,Oppo K14 5G,Flipkart,"""Besttt"""
REV001453,PH034,Oppo K14 5G,Flipkart,"""Camera quality bad"""
REV001454,PH034,Oppo K14 5G,Flipkart,"""Very nice pardoct"""
REV001455,PH034,Oppo K14 5G,Flipkart,"""Camera is too bad and too blur photos , battery is better it will be use one full day, display is better performance is ok,"
REV001456,PH034,Oppo K14 5G,Flipkart,"Building quality is ok but too weight,"
REV001457,PH034,Oppo K14 5G,Flipkart,"And lastly phone is heated ...."""
REV001458,PH034,Oppo K14 5G,Flipkart,"""Camera quality is very poor just like VGA camera"""
REV001459,PH034,Oppo K14 5G,Flipkart,"""Camera is very bad is not god"""
REV001460,PH034,Oppo K14 5G,Flipkart,"""Mic is not working properly"""
REV001461,PH034,Oppo K14 5G,Flipkart,"""Excellent"""
REV001462,PH034,Oppo K14 5G,Flipkart,"""Super 👌 👍 😍 🥰"""
REV001463,PH034,Oppo K14 5G,Flipkart,"""Good but price high"""
REV001464,PH034,Oppo K14 5G,Flipkart,"""Ok report"""
REV001465,PH034,Oppo K14 5G,Flipkart,"""Over heating issue"""
REV001466,PH034,Oppo K14 5G,Flipkart,"""V Good"""
REV001467,PH034,Oppo K14 5G,Flipkart,"""Side mount print not working within 4days"""
REV001468,PH034,Oppo K14 5G,Flipkart,"""Overall, the OPPO K14 is a good value-for-money smartphone with balanced performance and useful features. .The battery life is impressive and easily lasts through a full day of regular use."""
REV001469,PH034,Oppo K14 5G,Flipkart,"""Phn hang"""
REV001470,PH034,Oppo K14 5G,Flipkart,"""Nice phone"""
REV001471,PH034,Oppo K14 5G,Flipkart,"""Camera quality very very poor"""
REV001472,PH034,Oppo K14 5G,Flipkart,"""Best mobile with good features, value for money."""
REV001473,PH034,Oppo K14 5G,Flipkart,"""It was not suitable for gam"""
REV001474,PH034,Oppo K14 5G,Flipkart,"""Good product"""
REV001475,PH034,Oppo K14 5G,Flipkart,"""Very nice product"""
REV001476,PH034,Oppo K14 5G,Flipkart,"""Superr product"""
REV001477,PH034,Oppo K14 5G,Flipkart,"""Fantastic"""
REV001478,PH034,Oppo K14 5G,Amazon,"""Camera are not good camera quality is good back and front camera quality is very poor and also speaker are not good."""
REV001479,PH034,Oppo K14 5G,Amazon,"""PLEASE JUST DON'T GO FOR THIS SCRAP…"""
REV001480,PH034,Oppo K14 5G,Amazon,"""Good"""
REV001481,PH035,LAVA Bold 2 5G,Amazon,"""The packaging of the product was good and received exactly as described and on the same delivery day. The design of the phone is quite impressive, I liked it. The amoled display is impressive with the dual speaker which is loud and decent. But the camera quality is not that good and I noticed the battery drains quickly as compared to my previous phone and heats up too. I also noticed slight lag in the UI sometimes ,other then that no issue at all and you can go for this phone. Around one hour,it almost full charges if we don't use the phone while charging but it takes more time if we use the phone while charging. I hope the battery draining issue resolves soon in a new software update and the camera quality gets better too. Overall, it's an Indian brand and we all should keep supporting to make a better future. Thankyou"""
REV001482,PH035,LAVA Bold 2 5G,Amazon,"""For the price- it is a very good phone. Clean software, nice display, sufficient features. Although camera is average, but in my case it was never a priority. Battery life is decent but it's been only a day so will test it more. Processor is good enough for daily tasks not gaming or high intensity activity. Design is nice. Headphone jack (3.5mm) is missing, it should have been given. As for software update (1 year). Security update (2 years) could have been more than 1 and 2 years. I would recommend this phone for daily use and heavy tasks. The amazon service has gotten worse in the few past years. I ordered this phone on 14 may it showed delivery on 20 may, but when I completed the payment the delivery date changed to 26 may. Phone was dispatched on 21 may evening. Although I got it on 25 a day before the changed delivery date. The delivery experience was not good at all, had me worried if I was going to get the phone itself or not. Everybody knows how many types of scams are going on in our country."""
REV001483,PH035,LAVA Bold 2 5G,Amazon,"""This phone is just amazing! in this price range. I was worried at first and could not find much review online of this phone and its photo but I purchased it just by looking at its features. It has a good processor, enough ram (6Gb) and moderate cameras. Front camera provides good selfie in day in good light but not very clear in dim light. It's amazing how they have bundled together so many features in this price range. I tried playing NFS game it runs smoothly. Display is HDR supported tried on youtube hdr videos. It was launched in April, 2026 so it has around 2 years of system updates. I really wish Lava tops the market in future. Thank you lava for bringing this amazing phone."""
REV001484,PH035,LAVA Bold 2 5G,Amazon,"""Other than some heating issues in the peak summer months, everything other is more than expected. I can't imagine this display, speaker, and processor in this price. The display, performance, speaker, everything is good. Even the camera is decent as of its price. I loved the background stream feature and the in display fingerprint sensor is working well. Appearance is good but i would suggest buying the black one ignoring the official images. Charging and battery is same as stated, easily lasts one day."""
REV001485,PH035,LAVA Bold 2 5G,Amazon,"""This is a very good product for the price . It's slim and light weight but build is good . Its display is good and day to day task is easy . Little slow to respond but still good enough .it came with a BIS certified fast charger and cable , both are of very good quality . Specially the power cable is thick and durable 👌.overall very happy with purchase till now . I bought it for navigation on motorcycle, will wait and see how it performs. Big thumbs up 👍 to team lava and make in India 🇮🇳!"""
REV001486,PH035,LAVA Bold 2 5G,Amazon,"""Considering the Price and the specs that this brand offered is what many brand lacks now a days solely for cost-cuttings, and fit themselves in a specific price bracket with definitely low features than this one. Punch-Hole Amoled Display, Indisplay fingerprint sensor, Android 15 out of box with Android 16 Assured and 2 years of security patch software updates, 50 MP rear camera which gives good quality photos, 8 MP front average quality photos, the processor is great for normal everyday tasks without any lags or gitters, battery and the 33w fast charging is great at this price. Overall a great device to consider under this budget of 11500-12500 price bracket. I'm a Galaxy S24 Ultra user, for me the software and camera are the top priorities, I found this phone perfectly fitting in bridging the gap between low range and mid range phones. Few things I didn't liked in terms of software more refinement is needed to organize it more categorically. For other things, basic software level fine tuning with future updates would definitely turn this phone as a budget best. Got to know this a rebranded version of previously launched phone Lava Blaze Amoled 2. Don't know why they have to rebrand it again as Lava Bold 2. Rest, currently I'm testing the phone very minutely in day-to-day real world scenarios. I'll further tune this review accordingly and add HQ Pictures after a week or so."""
REV001487,PH035,LAVA Bold 2 5G,Amazon,"""Looking at the price theres not much to complain. Its just that i didnt find the camera good. Although i am not sure how cameras are supposed to be in this proce range. Low light photos are grainy and not sharp. Also i feel that they should also give better battery packs. Since everyone's goving 6-7k mah"""
REV001488,PH035,LAVA Bold 2 5G,Amazon,"""Been 17 days of use. Sound, camera, fingerprint reader, performance, and screen resolution are very good. No heating issues. It takes almost 1.5 hrs for a full charge. The only disappointment is that the battery drain is faster than expected."""
REV001489,PH035,LAVA Bold 2 5G,Amazon,"""Good"""
REV001490,PH035,LAVA Bold 2 5G,Amazon,"""I receive genuine product from amazon. Smartphone review. Display- Excellent with Indisplay fingerprint. Battery-Good with no heating. Storage-Very Good. Camera- Good. Connectivity-Very good. Sound- Excellent."""
REV001491,PH035,LAVA Bold 2 5G,Amazon,"""best camera phone look also good with indian brand"""
REV001492,PH035,LAVA Bold 2 5G,Amazon,"""Good mobile"""
REV001493,PH035,LAVA Bold 2 5G,Amazon,"""Other than camera, overall phone is good and best in this price sagement. Camera is very low than other phone. Except camera, i must recommended to buy this phone for daily use."""
REV001494,PH035,LAVA Bold 2 5G,Amazon,"""Good at price, camera okay, display ok speed good, battery ok"""
REV001495,PH035,LAVA Bold 2 5G,Amazon,"""Amazing"""
REV001496,PH035,LAVA Bold 2 5G,Amazon,"""It's a good phone, no doubt, but the screen protector is neither factory applied nor does it come with the box. (It's a scam) Very disappointing. Please don't spoil your reputation over a screen protector."""
REV001497,PH035,LAVA Bold 2 5G,Amazon,"""Mobile 📱 good"""
REV001498,PH035,LAVA Bold 2 5G,Amazon,"""Good 👍"""
REV001499,PH035,LAVA Bold 2 5G,Amazon,"""Good phone"""
REV001500,PH035,LAVA Bold 2 5G,Amazon,"""A good phone in the budget. Good things - 1 - AMOLED screen 2 - low weight 3 - network connectivity is excellent 4 - clean user interface/stock Android 5 - camera according to budget 6 - average design is fine. Fine - 1 - battery 5000 mah whereas other companies are currently offering 6000-7000 mah. 2- The refresh rate is 120 but only in the user interface. The app gets 60 Hz, which absolutely spoils the mood. 3- Software updates are nothing special. Must be at least 3+2. It's an average phone. If you improve the software, you can become fantastic."""
REV001501,PH035,LAVA Bold 2 5G,Amazon,"""Our relatives and we have been using Lava smartphones for last 4-5 years. Lava phones' quality and durability is very good. They do not become sluggish or lose battery capacity. The only issues I see is that they are slow in providing security updates. And they have extremely few service centers as they provide home service, which is a bit costly. About this phone Lava Bold 2 5 G .. This is a relaunched version of Lava Amoled 2. The phone's AMOLED display, stereo speakers, and overall fit and finish is very good. It takes around 90 minutes to charge from 0 to 100 % i.e., around one minute for every one percent of charge using the Lava charger that comes with the phone. The camera is decent, tuned for low-light photos and provides true colors. The phone comes with Android 15 with 1 year OS and 2 years security upgrades. Lava should add a battery protection feature to avoid the battery getting overcharged. The phone has background streaming feature and call recording. Overall, I highly recommend this phone. Good job by Lava..."""
REV001502,PH035,LAVA Bold 2 5G,Amazon,"""I bought the Lava Bold 2 on 28/09/2026. I have checked all the overall functions. The phone is good, though not excellent. A drawback is that there is no noise cancellation option during calls. The phone is lightweight and looks good. I am not concerned about the camera quality, so it is fine for me. I mainly prefer stock Android and smooth performance, and in that aspect, this mobile performs well. I bought the Lava Bold 2 mobile on 28/09/2026. I saw all the functions of this mobile. The mobile is good, but not very good. One drawback is that there is no noise cancellation feature when talking. This mobile is light and with a good appearance. I don't care about the camera, so it is just right. I mainly saw stock Android and performance. In that sense this mobile offers good performance."""
REV001503,PH035,LAVA Bold 2 5G,Amazon,"""Very nice 👍"""
REV001504,PH035,LAVA Bold 2 5G,Amazon,"""Everything is good but no screen guard. In the box, screen guard is mentioned in product page, should not mention if not providing, everything is okay."""
REV001505,PH035,LAVA Bold 2 5G,Amazon,"""Phone Good but batry backup not good"""
REV001506,PH035,LAVA Bold 2 5G,Amazon,"""Price worth it. Not any single company give you 5g phone with 6 gb ram and 128 gb storage... shopkeeper also said that many mobile phones prices raises in this year so thank you lava company. original product given by amazon phone looks good with this price."""
REV001507,PH035,LAVA Bold 2 5G,Amazon,"""Very clean stock android experience with good performance phone in this price range and display was so good and bright colour accuracy with this price range and value for money."""
REV001508,PH035,LAVA Bold 2 5G,Amazon,"""Super Phone 📱"""
REV001509,PH035,LAVA Bold 2 5G,Amazon,"""Charging is too slow but performance good, good phone in this price segment."""
REV001510,PH035,LAVA Bold 2 5G,Amazon,"""I don't understand if the screen of this mobile is covered with glass or will it have to be installed separately? By the way, the performance of the phone is tremendous."""
REV001511,PH035,LAVA Bold 2 5G,Amazon,"""First impression is good. In this price range they give amoled display and 120hz refresh rate is unbelievable battery is good and the sound quality is great, So totally i feel worth with this product (Actually i bought this mobile for my sister and this is her honest review).......!"""
REV001512,PH035,LAVA Bold 2 5G,Amazon,"""The handset is good. But, back side sum hitting issue, I don't know this issue is battery Or prosser. When a video play in hand set a full volume then after sometime this issue filled. So. Please take some modified against this issue. Thanks 👍"""
REV001513,PH035,LAVA Bold 2 5G,Amazon,"""Best mobile in this Price range."""
REV001514,PH035,LAVA Bold 2 5G,Amazon,"""Very nice in this price range."""
REV001515,PH035,LAVA Bold 2 5G,Amazon,"""Good phone under 12500"""
REV001516,PH035,LAVA Bold 2 5G,Amazon,"""After using it for few days i can say that it is a good product at the price it is offered. Nice ui, very smooth. Every thing is great except the camera. If camera is not your priority then you can definitely go for it! Edit: after using it for 2.5 months i have experienced software glitches. Lava should improve the software experience."""
REV001517,PH035,LAVA Bold 2 5G,Amazon,"""Except the camera... Everything is good. Light weight, no bloatware, Android 15, easy handling, good display, decent amount of storage. Perfect for a simple user."""
REV001518,PH035,LAVA Bold 2 5G,Amazon,"""If you want this phone to take photos then it is useless because it has like 2mp result.zero class camera.it has light weight and has in display fingerprint 🫆 that is the reason to buy it.earlier i bought lava play ultra that too had the worst camera so overall lava has zero camera quality"""
REV001519,PH035,LAVA Bold 2 5G,Amazon,"""Good quality"""
REV001520,PH035,LAVA Bold 2 5G,Amazon,"""Phone bahut badhiya hai lekin Battery 🪫 jaldi down 👎 hoti hai"""
REV001521,PH035,LAVA Bold 2 5G,Amazon,"""My real use experience : Display - 10/10 (amoled+120hz refresh rate works almost everywhere unlike my realme). Battery - 10/10 (as per capacity, lasts around 7hrs on normal use). Performance - 7/10 (showed yellowish-red graph in 20 min throttle test but no issue in real life use). Speaker is loud but no bass. Use Nova launcher, it will make the experience even better."""
REV001522,PH035,LAVA Bold 2 5G,Amazon,"""Mast phone Hai. Proudly Indian Brand"""
REV001523,PH035,LAVA Bold 2 5G,Amazon,"""GOOD BEST BETTER TQ"""
REV001524,PH035,LAVA Bold 2 5G,Amazon,"""Phone is good for the price range but I did not received the screen protector which they mentioned in box screen protector will be given and also battery give sot of 6-7 hours otherwise everything is good with phone i request lava team to compensate me for screen protector which they mentioned but not provided with phone."""
REV001525,PH035,LAVA Bold 2 5G,Amazon,"""Value for money product. Camera quality is low but when used AI editing the image quality is enhanced greatly compared with other mobiles within this budget. There is no lag and no heat concern, except charging from below 20% but that's at par with other fast charging comparable mobiles"""
REV001526,PH035,LAVA Bold 2 5G,Amazon,"""Sim ejector pin missing h"""
REV001527,PH035,LAVA Bold 2 5G,Amazon,"""more features than the rivals. Amoled full HD display with 6 gb ram is pretty good. phone is running smoothly as of now. 120Hz is actually there."""
REV001528,PH035,LAVA Bold 2 5G,Amazon,"""Shandar phone, still no problem yet.. M using since last a month, Feature which I like veruky much: always on display work 24hrs., IR blaster, sound, display quality, looks, battery good, charging super. Feature which is not good not bad : it's camera, rear camera is good but front ok ok"""
REV001529,PH035,LAVA Bold 2 5G,Amazon,"""Phone is good but lava has not provided the screen protector in the box which they mentioned is provided in the box. Please compensate me for not providing the screen protector with the phone."""
REV001530,PH035,LAVA Bold 2 5G,Amazon,"""Very good I am very happy with product everything will be good.."""
REV001531,PH035,LAVA Bold 2 5G,Amazon,"""Overall experience still now best"""
REV001532,PH035,LAVA Bold 2 5G,Amazon,"""For normal use phone is Awesome & budget phone. Camera, Processor, Fingerprint are good, Battery should be more powerful."""
REV001533,PH035,LAVA Bold 2 5G,Amazon,"""Everything is ok...but having issue with back button.. thinking about to return this product if this issue raises more"""
REV001534,PH035,LAVA Bold 2 5G,Amazon,"""Well, Comfortable Surely Setisfication Naturally Feelings Rights ok! With in Lava Sony Japan Tokiyo Company Best New Version Latest Model Likes My Budget Very Sensitive Feeling With in Very Different Metters Bettery 5000 Capacity But Naturally Strong Power Bettery Sony Japan Tokiyo Company Nice 👍 like me Really ok! With in Customer service Providers Calling Me Now! My Free 🎁🧧 Hemplers Register By Post Parcel 📦 Dispatch Urgently Quickly now ok"""
REV001535,PH035,LAVA Bold 2 5G,Amazon,"""Features they provided with phone are awesome but problem is they have to also provide the application to run them easily in operative way with class look"""
REV001536,PH035,LAVA Bold 2 5G,Amazon,"""Nice product made in India thank you Lava and Amazon facilities"""
REV001537,PH035,LAVA Bold 2 5G,Amazon,"""Best budget phone | Good Battery Life | Good Durability | Best Speed | Good Features | But No Fingerprint"""
REV001538,PH035,LAVA Bold 2 5G,Amazon,"""Got the phone for its stock Android software.working great with no bloatware.strongly recommended if you want no bloatware smartphone"""
REV001539,PH035,LAVA Bold 2 5G,Amazon,"""Nice phone 📱 👍💯🥰🔥👌😘♥️ Nice Display 😍✨🫣🤩🥳👌😱🥰 Nice Brand LAVA BOLD2 Awesome 👍 ALL ROUNDER PHONE 📱 THANKS AMAZON NICE DELIVERY RATING ⭐⭐⭐⭐⭐ Nice camera 📸 ⭐⭐⭐⭐⭐"""
REV001540,PH035,LAVA Bold 2 5G,Amazon,"""I just received today, after setup i find the phone is good, camera is just fine, Display, Sound is good, no junk apps, But rubbish exchange policy of Amazon, they fake value your product to sale new Phone.... don't exchange"""
REV001541,PH035,LAVA Bold 2 5G,Amazon,"""Amazing budget phone at this price ram 6gb, latest media tech processor and stock UI. Lastly it’s made in India makes the phone stand out at this price. Con- camera not that great but okish."""
REV001542,PH035,LAVA Bold 2 5G,Amazon,"""Wow 😲 Awesome Phone.. Everything is good 👍 Keep it up Lava🫶"""
REV001543,PH035,LAVA Bold 2 5G,Amazon,"""Been using this phone for a while now. I can confidently say this is the best 5g phone under 15k segment with lots of features like in-display fingerprint, MediaTek Dimensity 7000 series processor and good camera."""
REV001544,PH035,LAVA Bold 2 5G,Amazon,"""Good product Go for it 💯"""
REV001545,PH035,LAVA Bold 2 5G,Amazon,"""Value for money. Consider turning of the touch vibration Taptic sound which consume more power. Good performance and fingerprint reader"""
REV001546,PH035,LAVA Bold 2 5G,Amazon,"""Touchscreen is working very bad 😔😞 Rubbish screen touch"""
REV001547,PH035,LAVA Bold 2 5G,Amazon,"""Normal level quality, battry life too poor, fingerprint sensor working properly, Display not good on this price, hitting issue more than this price, so not by this mobile on this price। Bluetooth not working properly and bluetooth auto off during use"""
REV001548,PH035,LAVA Bold 2 5G,Amazon,"""Android 15 still"""
REV001549,PH035,LAVA Bold 2 5G,Amazon,"""Best option under 15k. Buy it with doubt."""
REV001550,PH035,LAVA Bold 2 5G,Amazon,"""Good"""
REV001551,PH035,LAVA Bold 2 5G,Amazon,"""Good experience with Lava Bold 2 5g"""
REV001552,PH035,LAVA Bold 2 5G,Amazon,"""Very light, very glossy & stylish phone. Lava is doing very good in this sector. It's a small responsibility for us to promote our Indian brand. Very smooth operation, amoled screen superb. Resolution awesome & in this price chain... No other brands are giving such features. Awesome that's it."""
REV001553,PH035,LAVA Bold 2 5G,Amazon,"""Good"""
REV001554,PH035,LAVA Bold 2 5G,Amazon,"""Good product"""
REV001555,PH035,LAVA Bold 2 5G,Amazon,"""It is a very good mobile phone in low budget."""
REV001556,PH035,LAVA Bold 2 5G,Amazon,"""Good Quality and Fast. Camera quality also fine."""
REV001557,PH035,LAVA Bold 2 5G,Amazon,"""Touch not working smoothly."""
REV001558,PH035,LAVA Bold 2 5G,Amazon,"""Lava is doing great. Phone is working soo smooth. No lagggg. Camera Quality is Good."""
REV001559,PH035,LAVA Bold 2 5G,Amazon,"""Hello my my mobile replace place your order is a cancel but your mobile is a unsatiscent review not satisfied your mobile phone mobile problem"""
REV001560,PH035,LAVA Bold 2 5G,Amazon,"""Nice mobile all features are excellent in 14k budget thanks lava"""
REV001561,PH035,LAVA Bold 2 5G,Amazon,"""Excellent phone for the price , The design looks premium and the 5g connectivity work smoothly.👍"""
REV001562,PH035,LAVA Bold 2 5G,Amazon,"""One of the best deal under 14k, I like the processor, smoothness, Refresh Rate and battery capacity of this mobile. The display one of the best in this price range. Camera is ok ok. If you want best performance this is the best deal for you."""
REV001563,PH035,LAVA Bold 2 5G,Amazon,"""I like it design, display, comfort"""
REV001564,PH035,LAVA Bold 2 5G,Amazon,"""They given me someone's returned phone.. charger also old one dust marks atlest polish karke hi de dete....battery backup is really good. Camera bad , audio also bad qaility .. china phones MI vivo me bhi isse acchabajata hai..and Without headphone jack. FM play kaise hoga.. this phone price should be 10k. Charger cable qaulity is good"""
REV001565,PH035,LAVA Bold 2 5G,Amazon,"""Really good i like very much 😊"""
REV001566,PH035,LAVA Bold 2 5G,Amazon,"""One of the best phone under 15000. People always ask a out your phone when you use it outdoor. Everything's awsome. Specially all animations and comfortable app opening animation support 😁. Camera is also great with good stabilization in video. Display is top class with very minimal bezels. Battery is good enough ,easily lasts a day of charged upto 75%. Charging speed is decent. Only cons I think is no support of ,3.5mm jack. May be due to maintaininh slimness nd lightweight. You won't regret anyday. Go for it. Specially for parents"""
REV001567,PH035,LAVA Bold 2 5G,Amazon,"""Best budget Phone."""
REV001568,PH035,LAVA Bold 2 5G,Amazon,"""Good product"""
REV001569,PH035,LAVA Bold 2 5G,Amazon,"""Very nice product"""
REV001570,PH035,LAVA Bold 2 5G,Amazon,"""Best 👍💯all very nice phone This real mony's phone"""
REV001571,PH035,LAVA Bold 2 5G,Amazon,"""Great spec with Value for money with Best build quality and Nice looking phone with good camera as per the price hike product quality and spec is too good go for it"""
REV001572,PH035,LAVA Bold 2 5G,Amazon,"""Best phone in this range. Camera quality impressive, display feel smooth as its has AMOLED display with 120hz refresh rate. Indisplay fingerprint scanner work fast, phone feels light weighted also come with charger in the box,no others brand give this feature, with this budget this phone is best"""
REV001573,PH035,LAVA Bold 2 5G,Amazon,"""Good budget friendly"""
REV001574,PH035,LAVA Bold 2 5G,Amazon,"""The best mobile in this range ."""
REV001575,PH035,LAVA Bold 2 5G,Amazon,"""Budget friendly, but charging getting slowly."""
REV001576,PH035,LAVA Bold 2 5G,Amazon,"""Basat"""
REV001577,PH035,LAVA Bold 2 5G,Amazon,"""Nice"""
REV001578,PH035,LAVA Bold 2 5G,Amazon,"""I m shocked when i saw this phone, it light weight and very fast , i downloaded whatsapp it just take 6 sec to download it, must recommend this phone in this budget , well done lava u made a perfect phone"""
REV001579,PH035,LAVA Bold 2 5G,Amazon,"""Bohot hi badiya"""
REV001580,PH035,LAVA Bold 2 5G,Amazon,"""In this price segment Best pHone Ever ..."""
REV001581,PH035,LAVA Bold 2 5G,Amazon,"""Good phone"""
REV001582,PH035,LAVA Bold 2 5G,Amazon,"""Good value for money"""
REV001583,PH035,LAVA Bold 2 5G,Amazon,"""Excellent display and smooth performance."""
REV001584,PH035,LAVA Bold 2 5G,Amazon,"""Battery backup is decent but camera could have been better."""
REV001585,PH035,LAVA Bold 2 5G,Amazon,"""Very lightweight and easy to use."""
REV001586,PH035,LAVA Bold 2 5G,Amazon,"""Stock Android experience is awesome."""
REV001587,PH035,LAVA Bold 2 5G,Amazon,"""Good performance for daily usage."""
REV001588,PH035,LAVA Bold 2 5G,Amazon,"""Charging speed is satisfactory."""
REV001589,PH035,LAVA Bold 2 5G,Amazon,"""No heating issue till now."""
REV001590,PH035,LAVA Bold 2 5G,Amazon,"""Display quality is excellent."""
REV001591,PH035,LAVA Bold 2 5G,Amazon,"""Fingerprint sensor works fast."""
REV001592,PH035,LAVA Bold 2 5G,Amazon,"""Sound quality is good."""
REV001593,PH035,LAVA Bold 2 5G,Amazon,"""Camera is average."""
REV001594,PH035,LAVA Bold 2 5G,Amazon,"""Nice phone in this budget."""
REV001595,PH035,LAVA Bold 2 5G,Amazon,"""Overall satisfied with the purchase."""
REV001596,PH035,LAVA Bold 2 5G,Amazon,"""Value for money."""
REV001597,PH035,LAVA Bold 2 5G,Amazon,"""Good build quality."""
REV001598,PH035,LAVA Bold 2 5G,Amazon,"""Recommended for normal users."""
REV001599,PH035,LAVA Bold 2 5G,Amazon,"""Nice experience so far."""
REV001600,PH036,iQOO Z11x 5G,Flipkart,"""Overall design and working is very good I love the camera quality tooo ... This product worth a buy"""
REV001601,PH036,iQOO Z11x 5G,Flipkart,"""So amazing I'm so very happy very good phone"""
REV001602,PH036,iQOO Z11x 5G,Flipkart,"""Phone is so beautiful ❤️ Battery 🔋 backup"""
REV001603,PH036,iQOO Z11x 5G,Flipkart,"""Nice product.... 👍👍👍"""
REV001604,PH036,iQOO Z11x 5G,Flipkart,"""Value for money 💰, suitable for those who are normal daily basis uses and decent gaming performance also come out"""
REV001605,PH036,iQOO Z11x 5G,Flipkart,"""Nice phone"""
REV001606,PH036,iQOO Z11x 5G,Flipkart,"""Excellent Phone 📱🤳📱"""
REV001607,PH036,iQOO Z11x 5G,Flipkart,"""Good"""
REV001608,PH036,iQOO Z11x 5G,Flipkart,"""The phone is really good! It's not bad at all! It offers a great value for the price. I'm genuinely impressed. The features and performance are excellent. It's definitely a worthwhile purchase. Highly recommended!"""
REV001609,PH036,iQOO Z11x 5G,Flipkart,"""Wonderful phone ❤️"""
REV001610,PH036,iQOO Z11x 5G,Flipkart,"""Camera quality good"""
REV001611,PH036,iQOO Z11x 5G,Flipkart,"""Good product"""
REV001612,PH036,iQOO Z11x 5G,Flipkart,"""The phone is really awesome according to its price, camera is also awesome and battery backup is also excellent. Display quality is also good."""
REV001613,PH036,iQOO Z11x 5G,Flipkart,"""Very nice mobile in this price range."""
REV001614,PH036,iQOO Z11x 5G,Flipkart,"""Super mobile. Worth for money."""
REV001615,PH036,iQOO Z11x 5G,Flipkart,"""Excellent performance."""
REV001616,PH036,iQOO Z11x 5G,Flipkart,"""Good battery backup."""
REV001617,PH036,iQOO Z11x 5G,Flipkart,"""Camera is very good."""
REV001618,PH036,iQOO Z11x 5G,Flipkart,"""Best phone under this budget."""
REV001619,PH036,iQOO Z11x 5G,Flipkart,"""Very smooth performance."""
REV001620,PH036,iQOO Z11x 5G,Flipkart,"""Nice design and display."""
REV001621,PH036,iQOO Z11x 5G,Flipkart,"""Very fast charging."""
REV001622,PH036,iQOO Z11x 5G,Flipkart,"""Good quality."""
REV001623,PH036,iQOO Z11x 5G,Flipkart,"""Awesome phone."""
REV001624,PH036,iQOO Z11x 5G,Flipkart,"""Display is excellent."""
REV001625,PH036,iQOO Z11x 5G,Flipkart,"""Processor is very fast."""
REV001626,PH036,iQOO Z11x 5G,Flipkart,"""Good gaming performance."""
REV001627,PH036,iQOO Z11x 5G,Flipkart,"""Very nice experience."""
REV001628,PH036,iQOO Z11x 5G,Flipkart,"""Overall excellent mobile."""
REV001629,PH036,iQOO Z11x 5G,Flipkart,"""Worth buying."""
REV001630,PH036,iQOO Z11x 5G,Flipkart,"""Good camera and battery."""
REV001631,PH036,iQOO Z11x 5G,Flipkart,"""Excellent product."""
REV001632,PH036,iQOO Z11x 5G,Flipkart,"""Very good mobile."""
REV001633,PH036,iQOO Z11x 5G,Flipkart,"""Amazing phone."""
REV001634,PH036,iQOO Z11x 5G,Flipkart,"""Premium look."""
REV001635,PH036,iQOO Z11x 5G,Flipkart,"""Best value for money."""
REV001636,PH036,iQOO Z11x 5G,Flipkart,"""Very good display quality."""
REV001637,PH036,iQOO Z11x 5G,Flipkart,"""Performance is outstanding."""
REV001638,PH036,iQOO Z11x 5G,Flipkart,"""Battery lasts long."""
REV001639,PH036,iQOO Z11x 5G,Flipkart,"""Good sound quality."""
REV001640,PH036,iQOO Z11x 5G,Amazon,"""Nice product The product will not drain the battery fastly For normal users the charge may come for 3 days There are having AI feature The photo are clear The phone will not heat when we play more games"""
REV001641,PH036,iQOO Z11x 5G,Amazon,"""Build quality is good but sometimes the phone lags while multitasking, 5g works well, superb battery life, ok ok camera, good sound, bit heavy, good display for an LCD, no major heating, one can also go for one plus ce6lite for better interface experience."""
REV001642,PH036,iQOO Z11x 5G,Amazon,"""Good product in reasonable budget"""
REV001643,PH036,iQOO Z11x 5G,Amazon,"""Fantastic smooth speedy mobile and best service by Amazon dilivery"""
REV001644,PH036,iQOO Z11x 5G,Amazon,"""Mobile is in good but budget seems bit high"""
REV001645,PH036,iQOO Z11x 5G,Amazon,"""Very nice product very smooth and fast everything is best and battery life is super good and just camera is not so good I didn't like photos"""
REV001646,PH036,iQOO Z11x 5G,Amazon,"""It's a good smartphone hello for money and its working perfectly and smoothly h i can't not explain sound quality is good double speaker and display is looking like just as required of premium device . The appearance of the device is awesome and display HD Plus"""
REV001647,PH036,iQOO Z11x 5G,Amazon,"""Spec wise its a great phone, but experience wise its not better than nothing mobiles. Speed and battery life is good."""
REV001648,PH036,iQOO Z11x 5G,Amazon,"""Battery best hai lekin mobile fast nahin Hai"""
REV001649,PH036,iQOO Z11x 5G,Amazon,"""Overall good product. The only negative thing is processing speed a bit slow."""
REV001650,PH036,iQOO Z11x 5G,Amazon,"""Best budget phone."""
REV001651,PH036,iQOO Z11x 5G,Amazon,"""Good battery backup don't expect more from this device"""
REV001652,PH036,iQOO Z11x 5G,Amazon,"""Ok but the delivery boy not deliverable in my location he delivered in 7km away from my location"""
REV001653,PH036,iQOO Z11x 5G,Amazon,"""The phone seems to be a good one ! Has held upto the expectations as claimed ! I accidentally dropped in a bucket of water and still it is running without any problems! Sturdy phone !"""
REV001654,PH036,iQOO Z11x 5G,Amazon,"""Nice product"""
REV001655,PH036,iQOO Z11x 5G,Amazon,"""It's good for daily use and for elderly people who use for only calls and text .. device performance is good .. but the camara is not that good on this device compare to other devices in this segment.. camara cannot take motion images"""
REV001656,PH036,iQOO Z11x 5G,Amazon,"""Nice"""
REV001657,PH036,iQOO Z11x 5G,Amazon,"""value for money"""
REV001658,PH036,iQOO Z11x 5G,Amazon,"""Overall good mobile"""
REV001659,PH036,iQOO Z11x 5G,Amazon,"""Camera quality vary bad"""
REV001660,PH036,iQOO Z11x 5G,Amazon,"""Nice phone budget friendly"""
REV001661,PH036,iQOO Z11x 5G,Amazon,"""Good"""
REV001662,PH036,iQOO Z11x 5G,Amazon,"""Good phone in 20k range. Bit heavy and can’t use with single hand. Battery backup is too good. Camera is also good but not great. I wish it had AMOLED display. Speakers sound is loud for calls and listening videos but not good for listening music."""
REV001663,PH036,iQOO Z11x 5G,Amazon,"""Very Good Processor mediatek 7400 Speakers(stereo) IP69 rating with wet touch Battery (7200mAH) Average: Display Camera Charging (44W max) Bad: Lots of bloatware apps which need to be manually deleted or disabled. Overall one of the very few value for money handsets in today's market of inflating costs"""
REV001664,PH036,iQOO Z11x 5G,Amazon,"""Very nice"""
REV001665,PH036,iQOO Z11x 5G,Amazon,"""Best"""
REV001666,PH036,iQOO Z11x 5G,Amazon,"""Good"""
REV001667,PH036,iQOO Z11x 5G,Amazon,"""Nice phone"""
REV001668,PH036,iQOO Z11x 5G,Amazon,"""Had lots of problems for transferring data"""
REV001669,PH036,iQOO Z11x 5G,Amazon,"""2 months of usage experience (8gb +256gb, black) *Battery backup is too good but getting heated easily..... *Camera I believe they have AI tools to enhance captured images so that it makes us believe it is highest mega pixel....... *Millitary grade durability is biggest bluff ever... It can't with stand a simple fall from a 2 feet (the frame of mine had got scratches heavily ) * processor is too slow, phone is hanging *Sound quality is good *Appearance is too good *Display is not that impressive"""
REV001670,PH036,iQOO Z11x 5G,Amazon,"""Looking so beautiful battery backup so also very good in this price this phone is extremely good."""
REV001671,PH036,iQOO Z11x 5G,Amazon,"""Battery is too good"""
REV001672,PH036,iQOO Z11x 5G,Amazon,"""Nice one 😀"""
REV001673,PH036,iQOO Z11x 5G,Amazon,"""Good for multi-tasking and binge watch. Some times it gets more hot. Other than that it is a okay phone."""
REV001674,PH036,iQOO Z11x 5G,Amazon,"""Not worth for money 22000 purchase under 18000 is more than enough for this phone"""
REV001675,PH036,iQOO Z11x 5G,Amazon,"""Good ok"""
REV001676,PH036,iQOO Z11x 5G,Amazon,"""Good and satisfied"""
REV001677,PH036,iQOO Z11x 5G,Amazon,"""Good"""
REV001678,PH036,iQOO Z11x 5G,Amazon,"""Met the expectations. Phone is super smooth, decent camera, good display. i liked it. overall good purchase"""
REV001679,PH036,iQOO Z11x 5G,Amazon,"""All features are ok but only display should be amoled display instead LCD at this price"""
REV001680,PH036,iQOO Z11x 5G,Amazon,"""Very nice mobile"""
REV001681,PH036,iQOO Z11x 5G,Amazon,"""Nice phone"""
REV001682,PH036,iQOO Z11x 5G,Amazon,"""Minur scratch on right side on phone ..... But phone is good."""
REV001683,PH036,iQOO Z11x 5G,Amazon,"""Camera quality ⭐⭐⭐⭐ Sound quality ⭐⭐⭐⭐ Processor ⭐⭐⭐⭐⭐ Battery ⭐⭐⭐⭐⭐. All over the phone is very good"""
REV001684,PH036,iQOO Z11x 5G,Amazon,"""🤜🏻🤛🏻"""
REV001685,PH036,iQOO Z11x 5G,Amazon,"""Good phone all way"""
REV001686,PH036,iQOO Z11x 5G,Amazon,"""Fine"""
REV001687,PH036,iQOO Z11x 5G,Amazon,"""Yesterday received same device now it’s working fine calls and WiFi are getting connected as expected without any issues. First order received faulty device from Amazon then went to vivo service center and recieved new device"""
REV001688,PH036,iQOO Z11x 5G,Amazon,"""It's good for everyday use, has a decent battery backup, and everything runs smoothly. The camera just average."""
REV001689,PH036,iQOO Z11x 5G,Amazon,"""Mobile is to bad and after 15 days it's laging very badly. Real camera not to good"""
REV001690,PH036,iQOO Z11x 5G,Amazon,"""All are perfect, but the sound is very low"""
REV001691,PH036,iQOO Z11x 5G,Amazon,"""Awesome"""
REV001692,PH036,iQOO Z11x 5G,Amazon,"""Very good"""
REV001693,PH036,iQOO Z11x 5G,Amazon,"""Super mobile phone 🤳🥰🥰🥰😘😘 Very good quality, very nice ❤️❤️🥰🥰💯✨"""
REV001694,PH036,iQOO Z11x 5G,Amazon,"""Worthy"""
REV001695,PH036,iQOO Z11x 5G,Amazon,"""Decent phone"""
REV001696,PH036,iQOO Z11x 5G,Amazon,"""Last six months, price is too high."""
REV001697,PH036,iQOO Z11x 5G,Amazon,"""Best at this range value for customer"""
REV001698,PH036,iQOO Z11x 5G,Amazon,"""Good"""
REV001699,PH036,iQOO Z11x 5G,Amazon,"""Phone lage"""
REV001700,PH036,iQOO Z11x 5G,Amazon,"""I like very much the product and the colour is very nice"""
REV001701,PH036,iQOO Z11x 5G,Amazon,"""Nice product with good apps.. But many games preloaded which were not needed for few customers"""
REV001702,PH036,iQOO Z11x 5G,Amazon,"""Don't buy if u are looking for photography, Cemara is not good ..."""
REV001703,PH036,iQOO Z11x 5G,Amazon,"""Good product"""
REV001704,PH036,iQOO Z11x 5G,Amazon,"""Well designed device which is user-friendly. Durability to be known Otherwise the mobile is as per the description."""
REV001705,PH036,iQOO Z11x 5G,Amazon,"""Nice"""
REV001706,PH036,iQOO Z11x 5G,Amazon,"""Good one as of now!! Sound quality awesome"""
REV001707,PH036,iQOO Z11x 5G,Amazon,"""Not as per expectation.camera qualitynot good"""
REV001708,PH036,iQOO Z11x 5G,Amazon,"""Nice"""
REV001709,PH036,iQOO Z11x 5G,Amazon,"""Nice phone in under budget."""
REV001710,PH036,iQOO Z11x 5G,Amazon,"""Nice product"""
REV001711,PH036,iQOO Z11x 5G,Amazon,"""Super"""
REV001712,PH036,iQOO Z11x 5G,Amazon,"""Good"""
REV001713,PH036,iQOO Z11x 5G,Amazon,"""I'm using these phone for 2 weeks now. Firstly phone hold charge pretty good but doesn't charge fast takes more 1 half hour to 2 to charge , setting any notification is very difficult, touch screen doesn't work sometimes acts Stange ,cam is good ,when you hold the phone any finger touches the touch sensor it's keep on beeping wrong fingerprint and get time out. Not idle"""
REV001714,PH036,iQOO Z11x 5G,Amazon,"""Good Product"""
REV001715,PH036,iQOO Z11x 5G,Amazon,"""I recommend to buy at least 8gb variant"""
REV001716,PH036,iQOO Z11x 5G,Amazon,"""Good product"""
REV001717,PH036,iQOO Z11x 5G,Amazon,"""All ok but Display should amoled or poled in this price"""
REV001718,PH036,iQOO Z11x 5G,Amazon,"""Good one for daily use. Battery stands for 1.5days in regular use"""
REV001719,PH036,iQOO Z11x 5G,Amazon,"""Battery capacity एक्सीलेंट Soung normal Display good"""
REV001720,PH036,iQOO Z11x 5G,Amazon,"""Smartphone is good at 18k , delivery is fast ,"""
REV001721,PH036,iQOO Z11x 5G,Amazon,"""Good Product"""
REV001722,PH036,iQOO Z11x 5G,Amazon,"""Good phone 👍"""
REV001723,PH036,iQOO Z11x 5G,Amazon,"""Nice 👍"""
REV001724,PH036,iQOO Z11x 5G,Amazon,"""Average battery not exactly as mentioned"""
REV001725,PH036,iQOO Z11x 5G,Amazon,"""Not worthy"""
REV001726,PH036,iQOO Z11x 5G,Amazon,"""Nice smartphone with great features and so handy to operate."""
REV001727,PH036,iQOO Z11x 5G,Amazon,"""Best battery performance mobile body delicate"""
REV001728,PH036,iQOO Z11x 5G,Amazon,"""Not worthy for such amount"""
REV001729,PH036,iQOO Z11x 5G,Amazon,"""Bhut acha phone nice product"""
REV001730,PH036,iQOO Z11x 5G,Amazon,"""good"""
REV001731,PH036,iQOO Z11x 5G,Amazon,"""Nice one but side mont finger print"""
REV001732,PH036,iQOO Z11x 5G,Amazon,"""Very good first mobile"""
REV001733,PH036,iQOO Z11x 5G,Amazon,"""Very good product and very smoothly Sound Quality is very good Battery Life is 48 hours normal use camera Quality super"""
REV001734,PH036,iQOO Z11x 5G,Amazon,"""Best under 18000rs camera not good"""
REV001735,PH036,iQOO Z11x 5G,Amazon,"""Good quality"""
REV001736,PH036,iQOO Z11x 5G,Amazon,"""Good 😊👍"""
REV001737,PH036,iQOO Z11x 5G,Amazon,"""Best product in budget with 7200 mg battery power."""
REV001738,PH036,iQOO Z11x 5G,Amazon,"""Descent software performance and good gaming performance but lacks a bit in camera performance.worth the money"""
REV001739,PH036,iQOO Z11x 5G,Amazon,"""Nice good phone"""
REV001740,PH037,Vivo Y51 Pro,Flipkart,"""looking cool"""
REV001741,PH037,Vivo Y51 Pro,Flipkart,"""nice"""
REV001742,PH037,Vivo Y51 Pro,Flipkart,"""very good"""
REV001743,PH037,Vivo Y51 Pro,Flipkart,"""front camera quality is very poor"""
REV001744,PH037,Vivo Y51 Pro,Flipkart,"""good"""
REV001745,PH037,Vivo Y51 Pro,Amazon,"""Good"""
REV001746,PH037,Vivo Y51 Pro,Amazon,"""My phone not working No one help regarding this even customer"""
REV001747,PH037,Vivo Y51 Pro,Amazon,"""Processor is slow. Vibration mode is not working on call on vibration. Front camera not up to mark"""
REV001748,PH037,Vivo Y51 Pro,Amazon,"""While the camera performance did not meet expectations, the mobile's battery life is exceptionally impressive."""
REV001749,PH037,Vivo Y51 Pro,Amazon,"""Perfect phone no issues camera quality is too good adding camera picture sample see your self pictures taken by vivo y51 5g pro."""
REV001750,PH037,Vivo Y51 Pro,Amazon,"""Vivo y51pro Waste phone camera is worst.. don't buy this phone looking purpose good otherwise chettha phone ....... Hj Hj"""
REV001751,PH037,Vivo Y51 Pro,Amazon,"""I got red 8 gb + 256gb phone battery it's fine camera quality also good and super phone. .... And it's look also super display quality is good.."""
REV001752,PH037,Vivo Y51 Pro,Amazon,"""Ok very smooth but The weight is a bit more and charger is slow 44 ward to 67 ward should"""
REV001753,PH037,Vivo Y51 Pro,Amazon,"""Very bad mobile. Please don't buy it. Its camera quality is very poor. Both sound quality also bad. Overall waste of money."""
REV001754,PH038,Poco C85x 5G,Flipkart,"""CAMERA IS WORST BATTERY IS EXCELLENT PERFORMANCE ONLY DAILY USE IT IS BEST FOR PARENTS CHARGING IT TAKES MORE TIME BECAUSE LONG LASTING OVERALL IT IS A AVERAGE PHONE I WOULD GIVE 3.5/5 RATING"""
REV001755,PH038,Poco C85x 5G,Flipkart,"""Good but heating issue"""
REV001756,PH038,Poco C85x 5G,Flipkart,"""According to price moble is good 😊"""
REV001757,PH038,Poco C85x 5G,Flipkart,"""Value for money product Good price"""
REV001758,PH038,Poco C85x 5G,Flipkart,"""Overall average mobile but look is too good 👍"""
REV001759,PH038,Poco C85x 5G,Flipkart,"""Awesome budget phone!!!"""
REV001760,PH038,Poco C85x 5G,Flipkart,"""The display of the phone is very bad, the performance of the phone is very bad, it is very useless, whatever I say about it, its performance is bad, please I will take care of the phone from my side s... more"""
REV001761,PH038,Poco C85x 5G,Flipkart,"""Superb"""
REV001762,PH038,Poco C85x 5G,Flipkart,"""Ok"""
REV001763,PH038,Poco C85x 5G,Flipkart,"""Good"""
REV001764,PH038,Poco C85x 5G,Flipkart,"""Good phone"""
REV001765,PH038,Poco C85x 5G,Flipkart,"""Good mobile"""
REV001766,PH038,Poco C85x 5G,Flipkart,"""Nice"""
REV001767,PH038,Poco C85x 5G,Flipkart,"""Value for money"""
REV001768,PH038,Poco C85x 5G,Flipkart,"""Good battery backup"""
REV001769,PH038,Poco C85x 5G,Flipkart,"""Camera is average"""
REV001770,PH038,Poco C85x 5G,Flipkart,"""Very nice phone"""
REV001771,PH038,Poco C85x 5G,Flipkart,"""Worth buying"""
REV001772,PH038,Poco C85x 5G,Flipkart,"""Nice display"""
REV001773,PH038,Poco C85x 5G,Flipkart,"""Good for daily use"""
REV001774,PH038,Poco C85x 5G,Flipkart,"""Battery is excellent"""
REV001775,PH038,Poco C85x 5G,Flipkart,"""Performance is smooth"""
REV001776,PH038,Poco C85x 5G,Flipkart,"""Good product"""
REV001777,PH038,Poco C85x 5G,Flipkart,"""Awesome mobile"""
REV001778,PH038,Poco C85x 5G,Flipkart,"""Nice design"""
REV001779,PH038,Poco C85x 5G,Flipkart,"""Good sound quality"""
REV001780,PH038,Poco C85x 5G,Flipkart,"""Fast charging is good"""
REV001781,PH038,Poco C85x 5G,Flipkart,"""Very good"""
REV001782,PH038,Poco C85x 5G,Flipkart,"""Good camera"""
REV001783,PH038,Poco C85x 5G,Flipkart,"""Satisfied with the purchase"""
REV001784,PH038,Poco C85x 5G,Flipkart,"""Excellent phone"""
REV001785,PH038,Poco C85x 5G,Flipkart,"""Best in this budget"""
REV001786,PH038,Poco C85x 5G,Flipkart,"""Looks premium"""
REV001787,PH038,Poco C85x 5G,Flipkart,"""Good performance"""
REV001788,PH038,Poco C85x 5G,Flipkart,"""Battery lasts long"""
REV001789,PH038,Poco C85x 5G,Flipkart,"""Display is good"""
REV001790,PH038,Poco C85x 5G,Flipkart,"""Processor is decent"""
REV001791,PH038,Poco C85x 5G,Flipkart,"""Overall good phone"""
REV001792,PH038,Poco C85x 5G,Flipkart,"""Value for money mobile"""
REV001793,PH038,Poco C85x 5G,Flipkart,"""Very smooth"""
REV001794,PH038,Poco C85x 5G,Flipkart,"""Excellent battery"""
REV001795,PH038,Poco C85x 5G,Flipkart,"""Camera could be better"""
REV001796,PH038,Poco C85x 5G,Flipkart,"""Good quality"""
REV001797,PH038,Poco C85x 5G,Flipkart,"""Super phone"""
REV001798,PH038,Poco C85x 5G,Flipkart,"""Nice mobile"""
REV001799,PH038,Poco C85x 5G,Flipkart,"""Works well"""
REV001800,PH038,Poco C85x 5G,Flipkart,"""Happy with the product"""
REV001801,PH038,Poco C85x 5G,Flipkart,"""Good experience"""
REV001802,PH038,Poco C85x 5G,Flipkart,"""Worth the money"""
REV001803,PH038,Poco C85x 5G,Flipkart,"""Nice build quality"""
REV001804,PH038,Poco C85x 5G,Flipkart,"""Good phone for parents"""
REV001805,PH038,Poco C85x 5G,Flipkart,"""Excellent"""
REV001806,PH038,Poco C85x 5G,Flipkart,"""Very good battery"""
REV001807,PH038,Poco C85x 5G,Flipkart,"""Display quality is nice"""
REV001808,PH038,Poco C85x 5G,Flipkart,"""Phone is lightweight"""
REV001809,PH038,Poco C85x 5G,Flipkart,"""No heating issue"""
REV001810,PH038,Poco C85x 5G,Flipkart,"""Good for normal use"""
REV001811,PH038,Poco C85x 5G,Flipkart,"""Excellent performance"""
REV001812,PH038,Poco C85x 5G,Flipkart,"""Nice camera"""
REV001813,PH038,Poco C85x 5G,Flipkart,"""Good purchase"""
REV001814,PH038,Poco C85x 5G,Flipkart,"""Overall satisfied"""
REV001815,PH038,Poco C85x 5G,Flipkart,"""Best value"""
REV001816,PH038,Poco C85x 5G,Flipkart,"""Amazing phone"""
REV001817,PH038,Poco C85x 5G,Flipkart,"""Nice features"""
REV001818,PH038,Poco C85x 5G,Flipkart,"""Fast performance"""
REV001819,PH038,Poco C85x 5G,Flipkart,"""Smooth UI"""
REV001820,PH038,Poco C85x 5G,Flipkart,"""Battery backup is good"""
REV001821,PH038,Poco C85x 5G,Flipkart,"""Good choice"""
REV001822,PH038,Poco C85x 5G,Flipkart,"""Premium look"""
REV001823,PH038,Poco C85x 5G,Flipkart,"""Very nice experience"""
REV001824,PH038,Poco C85x 5G,Flipkart,"""Decent phone"""
REV001825,PH038,Poco C85x 5G,Flipkart,"""Highly recommended"""
REV001826,PH038,Poco C85x 5G,Flipkart,"""Good in this price range"""
REV001827,PH038,Poco C85x 5G,Flipkart,"""Nice product"""
REV001828,PH038,Poco C85x 5G,Flipkart,"""Awesome performance"""
REV001829,PH038,Poco C85x 5G,Flipkart,"""Very smooth phone"""
REV001830,PH038,Poco C85x 5G,Flipkart,"""Excellent value"""
REV001831,PH038,Poco C85x 5G,Flipkart,"""Good display and battery"""
REV001832,PH038,Poco C85x 5G,Flipkart,"""Nice smartphone"""
REV001833,PH038,Poco C85x 5G,Flipkart,"""Good quality product"""
REV001834,PH038,Poco C85x 5G,Flipkart,"""Very good device"""
REV001835,PH038,Poco C85x 5G,Flipkart,"""Worth every penny"""
REV001836,PH038,Poco C85x 5G,Flipkart,"""Good for everyday use"""
REV001837,PH038,Poco C85x 5G,Flipkart,"""Excellent battery backup"""
REV001838,PH038,Poco C85x 5G,Flipkart,"""Camera is decent"""
REV001839,PH038,Poco C85x 5G,Flipkart,"""Very impressive"""
REV001840,PH038,Poco C85x 5G,Flipkart,"""Best budget phone"""
REV001841,PH038,Poco C85x 5G,Flipkart,"""Good overall"""
REV001842,PH038,Poco C85x 5G,Flipkart,"""Happy with battery"""
REV001843,PH038,Poco C85x 5G,Flipkart,"""Good sound"""
REV001844,PH038,Poco C85x 5G,Flipkart,"""Excellent display"""
REV001845,PH038,Poco C85x 5G,Flipkart,"""Very nice mobile"""
REV001846,PH038,Poco C85x 5G,Flipkart,"""Recommended"""
REV001847,PH038,Poco C85x 5G,Flipkart,"""Good specifications"""
REV001848,PH038,Poco C85x 5G,Flipkart,"""Smooth experience"""
REV001849,PH038,Poco C85x 5G,Flipkart,"""Perfect for normal users"""
REV001850,PH038,Poco C85x 5G,Flipkart,"""Nice battery life"""
REV001851,PH038,Poco C85x 5G,Flipkart,"""Good enough"""
REV001852,PH038,Poco C85x 5G,Flipkart,"""Excellent budget device"""
REV001853,PH038,Poco C85x 5G,Flipkart,"""Satisfied"""
REV001854,PH038,Poco C85x 5G,Flipkart,"""Nice overall"""
REV001855,PH038,Poco C85x 5G,Flipkart,"""Good purchase for the price"""
REV001856,PH038,Poco C85x 5G,Flipkart,"""Very good smartphone"""
REV001857,PH038,Poco C85x 5G,Amazon,"""Not quality 👎 screen and customer care not support.. amazon not support"""
REV001858,PH038,Poco C85x 5G,Amazon,"""1 star is also more for this product. After 2 months only it is strucked and totally failure item. Now I couldn't return."""
REV001859,PH038,Poco C85x 5G,Amazon,"""Good quality"""
REV001860,PH038,Poco C85x 5G,Amazon,"""Mobile has hang problem"""
REV001861,PH038,Poco C85x 5G,Amazon,"""The phone offers good value for money. Its battery life is good as well, so it's worth buying."""
REV001862,PH038,Poco C85x 5G,Amazon,"""Best poco phone c85x"""
REV001863,PH038,Poco C85x 5G,Amazon,"""Worst ever product and received a used one Finger print was ther while unboxing"""
REV001864,PH038,Poco C85x 5G,Amazon,"""Badiya h chalao"""
REV001865,PH038,Poco C85x 5G,Amazon,"""This phone runs very slowly and some apps don't open right away. It takes a while to even open an app."""
REV001866,PH038,Poco C85x 5G,Amazon,"""Phone is continuously hanging waste"""
REV001867,PH038,Poco C85x 5G,Amazon,"""No one should buy this smartphone...it hangs a lot ...also u'll also not get support from amazon ..."""
REV001868,PH038,Poco C85x 5G,Amazon,"""Charging is very slow. Phone hanging frequently. Not worth for atleast 9k. Don't buy and don't waste your money. Phone is heavy overheating and turn off. After turn on stucked. No return and no replacement option. Amazon Said go to service centre. That's it."""
REV001869,PH038,Poco C85x 5G,Amazon,"""Do not buy this product,, multiple app missing"""
REV001870,PH038,Poco C85x 5G,Amazon,"""Worst phone"""
REV001871,PH038,Poco C85x 5G,Amazon,"""not satisfied 2ith product"""
REV001872,PH040,Realme C83 5G,Flipkart,"""camera was not good everything else is good"""
REV001873,PH040,Realme C83 5G,Flipkart,"""nice product good emi process"""
REV001874,PH040,Realme C83 5G,Flipkart,"""this is not good camera quality is poor"""
REV001875,PH040,Realme C83 5G,Flipkart,"""excellent"""
REV001876,PH040,Realme C83 5G,Flipkart,"""over all ok but mobile slow"""
REV001877,PH040,Realme C83 5G,Flipkart,"""camera disappointing"""
REV001878,PH040,Realme C83 5G,Amazon,"""Nice phone, I like it."""
REV001879,PH040,Realme C83 5G,Amazon,"""The worst and most expensive phone is this good Realme c 63 5g 6 128 which was good, which the company did not stop. Please don't take anyone this c 71 c73 c 83 or c85"""
REV001880,PH040,Realme C83 5G,Amazon,"""Worst experience with this phone. Honestly it does not even deserve half a star. The camera quality is very poor. Charging takes too much time which makes daily use frustrating. Considering the price, the performance is disappointing and not worth buying. I would not recommend this phone to anyone."""
REV001881,PH040,Realme C83 5G,Amazon,"""So far everything is working perfectly... nothing to point out"""
REV001882,PH040,Realme C83 5G,Amazon,"""I had a Xiaomi and I changed following a fall of my device and I took this laptop in relation to the shock resistance and the location systems with 4 satellites. On the other hand, I have hearing aids that did not connect to my laptop and with this new laptop everything is great. 👍👌"""
REV001883,PH040,Realme C83 5G,Amazon,"""Quality price I'll buy again great"""
REV001884,PH040,Realme C83 5G,Amazon,"""Great phone, fast and complete"""
REV001885,PH040,Realme C83 5G,Amazon,"""It is a mid-range but it meets all expectations. It's not yet on the manufacturer's website, I've only seen it on Realme India where the launch took place. It's smooth, good storage, and 5G speed. To say the least, I don't really like the gestural launcher and the simple launcher lacks customization."""
REV001886,PH040,Realme C83 5G,Amazon,"""A good phone and it arrived the second day after ordering it with all sincerity it deserves 5 stars"""
REV001887,PH040,Realme C83 5G,Amazon,"""Ok except for the qr reader... it's not part of the package of apps inserted You need to download an additional app"""
REV001888,PH040,Realme C83 5G,Amazon,"""Phone with great performance. Very good and of great quality. The only negative point of the purchase was the carrier; they said that there was an error in the address, when there was none. Then they said that on the date they passed, no one was there when I was at home. They left the package outside the mailbox, on the floor. Lucky it didn't rain, otherwise it was a serious problem. I think that the PAACK carrier should be warned and considered using it."""
REV001889,PH040,Realme C83 5G,Amazon,"""Fantastic cell phone"""
REV001890,PH040,Realme C83 5G,Amazon,"""Very fluid, really perfect for a low price"""
REV001891,PH040,Realme C83 5G,Amazon,"""After six months everything ok, great phone and fantastic lifespan"""
REV001892,PH040,Realme C83 5G,Amazon,"""Excellent smartphone, shock resistance, excellent Ram and Rome capacity and competitive price. Recommended for those who use the smartphone every day but not suitable for extreme gaming"""
REV001893,PH040,Realme C83 5G,Amazon,"""Everything perfect as I expected"""
REV001894,PH040,Realme C83 5G,Amazon,"""Great phone quality/price fast and good photos"""
REV001895,PH040,Realme C83 5G,Amazon,"""performance not up to expectations, especially compared to what is in the description."""
REV001896,PH040,Realme C83 5G,Amazon,"""Good phone"""
REV001897,PH040,Realme C83 5G,Amazon,"""Everything's fine"""
REV001898,PH040,Realme C83 5G,Amazon,"""Everything I was looking for is in this cell phone"""
REV001899,PH040,Realme C83 5G,Amazon,"""Great gift For a person who usually destroys them, it is indestructible and has all the functions of any other mid-high-end product."""
REV001900,PH040,Realme C83 5G,Amazon,"""Very good phone! Great value for money!"""
REV001901,PH040,Realme C83 5G,Amazon,"""Poor quality"""
REV001902,PH040,Realme C83 5G,Amazon,"""Definitely a good buy, it does its job. It comes with the cover and the included film and a charging cable. No charger. The configuration from an old Android phone was very fast, we barely missed a morning."""
REV001903,PH040,Realme C83 5G,Amazon,"""Nice, it gives a sense of solidity but, after just 10 days I am returning it as horizontal lines appear for the entire display that have not gone away even after the reset"""
REV001904,PH040,Realme C83 5G,Amazon,"""Arrived on time. Good camera, very fast in navigation"""
REV001905,PH040,Realme C83 5G,Amazon,"""In line with expectations."""
REV001906,PH041,Motorola Edge 70 Fusion,Flipkart,"""camera 8/10 *Performance 9/10 *Battery backup 10/10 *Display 10/10 No other issues, just have some bugs and no other problem. Highly recommend in this segment"""
REV001907,PH041,Motorola Edge 70 Fusion,Flipkart,"""Good camera Good display Good battery backup Good in gaming 120fps in bgmi Good in charging speed Good in mobile handset feel Con: That would be good if they provide screen guard and back cover, ..."""
REV001908,PH041,Motorola Edge 70 Fusion,Flipkart,"""The battery is too good and the camera is awesome. Perfomance excellent. The design looks pretty."""
REV001909,PH041,Motorola Edge 70 Fusion,Flipkart,"""The camera quality is very nice ❤️ Also the battery have long life ❤️ Everything is too good everyone must buy this phone 📱"""
REV001910,PH041,Motorola Edge 70 Fusion,Flipkart,"""Camera is good 4.5/5 Display 5/5 Battery 4.5/5 Over all 3 days use phone so good..."""
REV001911,PH041,Motorola Edge 70 Fusion,Flipkart,"""Great for gaming and daily use. No lag, very smooth experience."""
REV001912,PH041,Motorola Edge 70 Fusion,Flipkart,"""Super phone everything is good"""
REV001913,PH041,Motorola Edge 70 Fusion,Flipkart,"""Very good balance in mid range. Except the side frame which is plastic, build is pretty good and handy with quite less weight for the massive 7000mah. Display: 5/5 Battery: 5/5 Speakers: 5/5 Build: 4/..."""
REV001914,PH041,Motorola Edge 70 Fusion,Flipkart,"""The phone looks good the moment you're holding it. Display is good but one thing is a curve which will enable unwanted touch even while watching content. Speakers are good but you'll feel your hand..."""
REV001915,PH041,Motorola Edge 70 Fusion,Flipkart,"""Awesome Phone 📱🤳"""
REV001916,PH041,Motorola Edge 70 Fusion,Flipkart,"""Overall good purchase as compared to other devices at this time"""
REV001917,PH041,Motorola Edge 70 Fusion,Flipkart,"""I love moto.💚"""
REV001918,PH041,Motorola Edge 70 Fusion,Flipkart,"""Ignore the negative reviews. The camera, battery, performance and display are awesome. There is no doubt about it. Although there is a little heating issue while charging (but don't worry because it..."""
REV001919,PH041,Motorola Edge 70 Fusion,Flipkart,"""This segment best phone All out off 5/5"""
REV001920,PH041,Motorola Edge 70 Fusion,Flipkart,"""📱It has good Functions, Nice Look, Light weight, Battery is good, Camera wants Improvement, Speakers is very nice, Want's a Performance Improvement, I think it will be fixed in The Upcoming Updates..."""
REV001921,PH041,Motorola Edge 70 Fusion,Flipkart,"""📱It has good Functions, Nice Look, Light weight, Battery is good, Camera wants Improvement, Speakers is very nice, Want's a Performance Improvement, I think it will be fixed in The Upcoming Updates..."""
REV001922,PH041,Motorola Edge 70 Fusion,Flipkart,"""Phone is good, but the primary protection is not given in the box like the back pouch and the screen guard, when I try to buy them, not available in the market as this is a newly launched mobile. Moto..."""
REV001923,PH041,Motorola Edge 70 Fusion,Flipkart,"""Camra 4.5/5 Bettry 5/5 Display 5/5 Design 5/5 Performance 5/5😘"""
REV001924,PH041,Motorola Edge 70 Fusion,Flipkart,"""Exllent mobile camera super display super performance also super overall good mobile"""
REV001925,PH041,Motorola Edge 70 Fusion,Flipkart,"""Bought today but so far so good. The only issue is it is surprisingly laggy. And heating up a bit but maybe cause it's first day"""
REV001926,PH041,Motorola Edge 70 Fusion,Flipkart,"""This is definitely an all-rounder phone if you are looking for a phone that will provide a good camera with a good battery and decent performance then go for it . It's been a month since I am using ..."""
REV001927,PH041,Motorola Edge 70 Fusion,Flipkart,"""Overall good"""
REV001928,PH041,Motorola Edge 70 Fusion,Flipkart,"""Nice in hand feel and camera are good in low light performance in gaming is also good no lag no frame drop if your budget is under30000 you will definitely buy this phone"""
REV001929,PH041,Motorola Edge 70 Fusion,Flipkart,"""Best Camera, Performance, Battery, Design Looking premium, Value for money"""
REV001930,PH041,Motorola Edge 70 Fusion,Flipkart,"""Value for Money. Battery quality is best Camera Quality Best Back is made from Rubber easy to handle Curved Glass. Eye protection Good Over all very good phone"""
REV001931,PH041,Motorola Edge 70 Fusion,Flipkart,"""Finally as I expected it's worth it All over Good phone📱👍😊 I Upgrade to Edge 40 Neo to Edge 70 Fusion"""
REV001932,PH041,Motorola Edge 70 Fusion,Flipkart,"""I love moto big fan of edge series mobile .... unlimited battery life up to 2days ....camara super..overall 10/10 my suggestion"""
REV001933,PH041,Motorola Edge 70 Fusion,Flipkart,"""Excellent"""
REV001934,PH041,Motorola Edge 70 Fusion,Flipkart,"""Good 👍"""
REV001935,PH041,Motorola Edge 70 Fusion,Flipkart,"""The charger gets very hot while charging and the phone also gets hot little by little. What is the reason for this? Please answer me soon."""
REV001936,PH041,Motorola Edge 70 Fusion,Flipkart,"""MY BEST LOVING MOBILE, BEAUTIFUL DESIGN, DISPLAY AND SLIM MOBILE... SO HAPPY 😊"""
REV001937,PH041,Motorola Edge 70 Fusion,Flipkart,"""I have been using this phone for about 15 days now , absolutely loving this phone Performance is great Camera and display are top class Very good experience overall Many users including me were fac..."""
REV001938,PH041,Motorola Edge 70 Fusion,Flipkart,"""Nice phone 📱"""
REV001939,PH041,Motorola Edge 70 Fusion,Flipkart,"""Back side shouldn't be leather finish.. Battery 🌟🌟🌟🌟🌟 Back camera 🌟🌟🌟🌟 Selfie cam🌟🌟🌟🌟🌟 Display 🌟🌟🌟🌟🌟"""
REV001940,PH041,Motorola Edge 70 Fusion,Flipkart,"""Overall good device but camera was more Beauty tipe picture I don't like this and front camera was not good"""
REV001941,PH041,Motorola Edge 70 Fusion,Flipkart,"""Before buying this phone i also had many doubts about how it would be , but after using 5 days i can just say it's perfect in this price. Take a risk and go for it , i swear you will enjoy it😊"""
REV001942,PH041,Motorola Edge 70 Fusion,Flipkart,"""Amazing battery... Amazing display... Amazing camera... Simply Amazing. Worth every penny"""
REV001943,PH041,Motorola Edge 70 Fusion,Flipkart,"""Just outstanding. Excellent cameras, nice battery backup, flawless UI and light weight. Worth buying."""
REV001944,PH041,Motorola Edge 70 Fusion,Flipkart,"""Best all-rounder phone in this range"""
REV001945,PH041,Motorola Edge 70 Fusion,Flipkart,"""Excellent camera, smooth performance and battery backup is also very good."""
REV001946,PH041,Motorola Edge 70 Fusion,Flipkart,"""Premium look and feel. Display quality is awesome."""
REV001947,PH041,Motorola Edge 70 Fusion,Flipkart,"""Phone is very smooth and clean UI is excellent."""
REV001948,PH041,Motorola Edge 70 Fusion,Flipkart,"""Charging speed is good and battery lasts long."""
REV001949,PH041,Motorola Edge 70 Fusion,Flipkart,"""Very good phone for daily use."""
REV001950,PH041,Motorola Edge 70 Fusion,Flipkart,"""Camera performance is excellent in daylight."""
REV001951,PH041,Motorola Edge 70 Fusion,Flipkart,"""Best Motorola phone in this price segment."""
REV001952,PH041,Motorola Edge 70 Fusion,Flipkart,"""This phone is awesome. Camera quality is superb, battery backup is excellent and the display is really vibrant. Performance is smooth and there are no major issues."""
REV001953,PH041,Motorola Edge 70 Fusion,Flipkart,"""After using it for a week I can say it is one of the best phones in this budget. Clean UI, no bloatware, excellent display and decent cameras."""
REV001954,PH041,Motorola Edge 70 Fusion,Flipkart,"""The phone is lightweight and premium. Battery backup is fantastic and charging speed is also good."""
REV001955,PH041,Motorola Edge 70 Fusion,Flipkart,"""Very smooth experience. Gaming performance is also very good without noticeable heating."""
REV001956,PH041,Motorola Edge 70 Fusion,Flipkart,"""Excellent display and camera. Motorola has done a great job."""
REV001957,PH041,Motorola Edge 70 Fusion,Flipkart,"""Battery backup is amazing. Easily lasts for two days with normal usage."""
REV001958,PH041,Motorola Edge 70 Fusion,Flipkart,"""The curved display looks premium. Camera quality is very good."""
REV001959,PH041,Motorola Edge 70 Fusion,Flipkart,"""Excellent phone for multimedia and gaming."""
REV001960,PH041,Motorola Edge 70 Fusion,Flipkart,"""Good camera, great battery and stock Android experience is the best part."""
REV001961,PH041,Motorola Edge 70 Fusion,Flipkart,"""Very satisfied with the purchase."""
REV001962,PH041,Motorola Edge 70 Fusion,Flipkart,"""Performance is excellent. Display is bright and colors are vibrant."""
REV001963,PH041,Motorola Edge 70 Fusion,Flipkart,"""Best value for money."""
REV001964,PH041,Motorola Edge 70 Fusion,Flipkart,"""Everything is perfect except the availability of accessories."""
REV001965,PH041,Motorola Edge 70 Fusion,Flipkart,"""The software experience is very smooth and clean."""
REV001966,PH041,Motorola Edge 70 Fusion,Flipkart,"""Worth buying if you want a clean Android experience."""
REV001967,PH041,Motorola Edge 70 Fusion,Flipkart,"""Excellent battery life and premium design."""
REV001968,PH041,Motorola Edge 70 Fusion,Amazon,"""The Moto Fusion 70 is a great value-for-money phone with a smooth display, long battery life, and clean Android experience. It handles daily tasks well, though heavy gaming performance is average. Very happy with my purchase of the Moto Fusion 70. Smooth performance make it totally worth it."""
REV001969,PH041,Motorola Edge 70 Fusion,Amazon,"""The product is good and have been very much satisfied with it"""
REV001970,PH041,Motorola Edge 70 Fusion,Amazon,"""Battery: After one month of usage, I can give you genuine review about the battery. It will help you in decision making. I unplugged the charger at exactly 8 AM. After that I used all Apps for entertainment, office work app like google meet, excel, camera(atleast 500 times), oken scanner, whatsapp calls, msg, video calls, insta, x. Exactly - the mobile shutdown at 0% after 16 hours 40 minutes. The last 3% stood 37 minutes when I was watching YouTube. The last one minute still stood 16 minutes. 100% Charging it takes about about 1 hour. In 8 minutes, the battery charges 0 to 12%. Camera : Great, Dual Video Capture. Speaker: Mind blowing. Dolby Atmos. Display: Superb Grip: Fear of loosing if not used too of slim phone. Mobile very thin. Durability: Always use ring 💍 holder on back cover and a military grade back cover. Software: A MAJOR GLITCH- WHEN YOU SCROLL TWITTER VIDEOS IN CHROME, THEN PREVIOUS VIDEO SOUND KEEP COMING IN YOUR CURRENT VIDEO UNTIL OR UNLESS YOU GO BACK AND PAUSE THAT VIDEO AND THEN COME BACK TO PLAY YOUR CURRENT VIDEO. I THINK MOTOROLA NEEDS TO FIX THIS. Overall 3.8/5 just because of Camera, Battery, and Sound."""
REV001971,PH041,Motorola Edge 70 Fusion,Amazon,"""Camera quality is below avg specifically the selfie part... unnecessary default saturation of the photos which is very irritating and you can't do anything about it"""
REV001972,PH041,Motorola Edge 70 Fusion,Amazon,"""Overall very average phone one can get better phones in this range...I bought this phone after seeing all the reviews and now i am hell upset because there is no return policy"""
REV001973,PH041,Motorola Edge 70 Fusion,Amazon,"""Best all rounder phone"""
REV001974,PH041,Motorola Edge 70 Fusion,Amazon,"""Nice"""
REV001975,PH041,Motorola Edge 70 Fusion,Amazon,"""When I bought Motorola handset in past and now, I always faced the software problem in every handset. I don't know Why ?? The screen blinked many times and automatic apps closed."""
REV001976,PH041,Motorola Edge 70 Fusion,Amazon,"""Lovely display great battery life"""
REV001977,PH041,Motorola Edge 70 Fusion,Amazon,"""Good product"""
REV001978,PH041,Motorola Edge 70 Fusion,Amazon,"""Very nice , love the product it is good for this price, pretty strong, also battery life and charging is good ,nice finish and rigid too. This is my first time using moto after years of gap and I am happy with the purchase."""
REV001979,PH041,Motorola Edge 70 Fusion,Amazon,"""Good"""
REV001980,PH041,Motorola Edge 70 Fusion,Amazon,"""Good"""
REV001981,PH041,Motorola Edge 70 Fusion,Amazon,"""Excellent"""
REV001982,PH041,Motorola Edge 70 Fusion,Amazon,"""Good"""
REV001983,PH041,Motorola Edge 70 Fusion,Amazon,"""Moto-70 edge fusion is value for money. Great camera and features and great price. Delivery was done within time."""
REV001984,PH041,Motorola Edge 70 Fusion,Amazon,"""Camera quality is not good"""
REV001985,PH041,Motorola Edge 70 Fusion,Amazon,"""Nice"""
REV001986,PH041,Motorola Edge 70 Fusion,Amazon,"""good"""
REV001987,PH041,Motorola Edge 70 Fusion,Amazon,"""Nice product"""
REV001988,PH041,Motorola Edge 70 Fusion,Amazon,"""Worth it"""
REV001989,PH041,Motorola Edge 70 Fusion,Amazon,"""Worth the price in terms of built, specs, features, and performance as well as feel. I think it ticks all the boxes well and value for money too"""
REV001990,PH041,Motorola Edge 70 Fusion,Amazon,"""Nice phone"""
REV001991,PH041,Motorola Edge 70 Fusion,Amazon,"""Mobile is awesome"""
REV001992,PH041,Motorola Edge 70 Fusion,Amazon,"""Phone is super gud. Display is superb camera also better"""
REV001993,PH041,Motorola Edge 70 Fusion,Amazon,"""Wrost delivery. Package was open. They send me a used phone. The didn't give me any replacement. They have wasted hours of my time during the customer care call. The caller was spoken very much with attitude. Without giving me any support they hung up on me. Worst from the amazon. Skip amazon."""
REV001994,PH041,Motorola Edge 70 Fusion,Amazon,"""Grate phone love it. Camera and battery is too good. Only thing I don't like that there is no gallery we have to use Google photos. Otherwise phone is good and value for money"""
REV001995,PH041,Motorola Edge 70 Fusion,Amazon,"""Tow days used Motorola edge 70 fusion camera video recorder zoom leg 👎👎👎"""
REV001996,PH041,Motorola Edge 70 Fusion,Amazon,"""Screen freezing unable to restart or shutdown"""
REV001997,PH041,Motorola Edge 70 Fusion,Amazon,"""मोटोरोला Edge 70 charging issue. Not charging"""
REV001998,PH041,Motorola Edge 70 Fusion,Amazon,"""Really do not know why every time, companies try to complit and for that they put false camera do attract the customer... It is really disappointing to see afterwards that one of my edge 70 fusion camera doesn't work it's a false one ... Though other 2 works fine but still no need to pritend that you offer 3 cams at back"""
REV001999,PH041,Motorola Edge 70 Fusion,Amazon,"""Not working properly after 2 days! Auto restarting contineus."""
REV002000,PH041,Motorola Edge 70 Fusion,Amazon,"""Before you fall for the tempting specs of the new Edge 70 Fusion—like its massive 7000 mAh battery, 1.5K quad-curved display, or premium design—please read this warning. I am writing this because I bought its predecessor, the Moto Edge 50 Fusion, on Amazon in January 2025. It looked like a premium champion on day one, but it hid a critical hardware vulnerability that turned it into a completely useless paperweight right after the warranty ended. My Experience with Motorola Quality: The Sudden Glitch: In May 2026 (just 16 months of very careful use), my phone's screen completely went white. No touch response, no recovery—it completely bricked out of nowhere. The 'Moto Care' Shrug: I took it to an official authorized service center. They didn't even run a deep diagnostic. They took one look at the white screen and immediately declared it a motherboard failure. Zero Accountability: Their exact response was: 'If this happened within 1 year, we would replace it. But since your warranty is over, nothing can be done.' No solutions, no component discounts. A total loss of ₹20K+ in under 1.5 years. Why You Should Hesitate Before Buying the Edge 70 Fusion: Unresolved Hardware Cycles: Online tech forums and community threads are packed with users facing this exact same screen flickering, white screen, and sudden motherboard loop. It points to a serious long-term component optimization issue in Moto's mid-range lineup. Exorbitant Repair Costs: If your Edge 70 Fusion suffers a motherboard breakdown out of warranty, the official repair will cost you nearly as much as the phone itself. No Support Past Day 365: Moto Care will completely abandon you the exact day your 12-month standard warranty expires, leaving you to bear a 100% financial loss. Final Verdict: A phone is an investment that should easily last 2 to 3 years. Motorola has completely lost my trust. Don't risk your hard-earned money on flashy designs; look at brands with proven long-term durability and cooperative post-warranty customer support."""
REV002001,PH041,Motorola Edge 70 Fusion,Amazon,"""Bakwas mobile hai bhai mat kharido mai lekr galti kr di,charger tak kharab ho gya hai iska,"""
REV002002,PH041,Motorola Edge 70 Fusion,Amazon,"""Very bad bad"""
REV002003,PH041,Motorola Edge 70 Fusion,Amazon,"""Good product and good product and good sarvice good बैटरी लाइफ 😊 👍🏻😊👍🏻 वेरी ब्यूटीफुल एंड वेलु of money 🤑"""
REV002004,PH041,Motorola Edge 70 Fusion,Amazon,"""Best camera and the mobile function is very good"""
REV002005,PH041,Motorola Edge 70 Fusion,Amazon,"""The best thing is that you can download gta san Andreas without any problem and the gaming of madout one is awesome"""
REV002006,PH042,Realme Narzo Power 5G,Flipkart,"""Very good Product"""
REV002007,PH042,Realme Narzo Power 5G,Flipkart,"""Battery=8/10 Display=10/10 Network=10/10 5g++ double Plus 5g support both Airtel and Jio Camera=8/10 Rear camera is good in outside but not good in night,, selfie camera need improvement in low light..."""
REV002008,PH042,Realme Narzo Power 5G,Flipkart,"""Battery is not good according to 10001"""
REV002009,PH042,Realme Narzo Power 5G,Flipkart,"""Worst experience ever!"""
REV002010,PH042,Realme Narzo Power 5G,Flipkart,"""Speaker sound quality and battery performance not as expected"""
REV002011,PH042,Realme Narzo Power 5G,Flipkart,"""Charging time taking to long"""
REV002012,PH042,Realme Narzo Power 5G,Flipkart,"""Camera is not at all good upto price and battery drains faster for even normal usage and performance is average"""
REV002013,PH042,Realme Narzo Power 5G,Amazon,"""Videos having out of focus or flickering or blured effect"""
REV002014,PH042,Realme Narzo Power 5G,Amazon,"""Worth for money"""
REV002015,PH042,Realme Narzo Power 5G,Amazon,"""Phone is good But amazon delivery experience is very bad item delivery of 5 days but delivery me 11day after"""
REV002016,PH042,Realme Narzo Power 5G,Amazon,"""Not for money 💰 value, battery 🪫 drine fast, only one day backup poor camera quality, poor battery, not battery backup"""
REV002017,PH042,Realme Narzo Power 5G,Amazon,"""I bought this phone because I was absolutely sick of carrying a power bank everywhere and constantly worrying about my battery dying. After using it for a few weeks, here is my honest, unfiltered review."""
REV002018,PH042,Realme Narzo Power 5G,Amazon,"""Nice phone worth buy"""
REV002019,PH042,Realme Narzo Power 5G,Amazon,"""All other things are good but not satisfied with the performance. From day one I fill I'm using 1 year older phone. Many times it's sticks for second. Sometimes fill phone is hanging even if my storage is not filled 50GB. Battery and camara is good as expected. But perfomance is lower."""
REV002020,PH042,Realme Narzo Power 5G,Amazon,"""Good"""
REV002021,PH042,Realme Narzo Power 5G,Amazon,"""Phone Ram / Camera and security sensor are excellent"""
REV002022,PH042,Realme Narzo Power 5G,Amazon,"""Best budget phone ever under 25 k"""
REV002023,PH042,Realme Narzo Power 5G,Amazon,"""Camera quality not good battery is good"""
REV002024,PH042,Realme Narzo Power 5G,Amazon,"""Not for money 💰 value, battery 🪫 drine fast, only one day backup poor camera quality, poor battery, not battery backup"""
REV002025,PH042,Realme Narzo Power 5G,Amazon,"""Felt like scam user interface is good but battery definitely not 10000 mah after testing with 5000 mah it gives same time. We buyed two phone both had same issues. Instead of buying this you can buy real me p4x where that will be 7000 lesser with same chip tech and features. Planning to file a case against real me for this false battery commitment."""
REV002026,PH042,Realme Narzo Power 5G,Amazon,"""For this budget, the mobile phone is decent; currently, there are no issues with lagging, and the battery backup is also good—it easily lasts for two days."""
REV002027,PH042,Realme Narzo Power 5G,Amazon,"""Dekne me tik tak h Use karne me b tik tak hai Back-up itna kaas nai laga 100 to 6% charged with basic use 27hr chala with 4hr screen off Tik tak laga"""
REV002028,PH042,Realme Narzo Power 5G,Amazon,"""Very good phone, Battery best camara good. My suggestion to But buy 8+256. 2000 rupee bachane k chakkar me mat rahena ye phone kam se kam 5 saal chalega so abhi 2000 jyada daalonge to 5saal tak dekhna nahi padega."""
REV002029,PH042,Realme Narzo Power 5G,Amazon,"""There is a issue during calls, voice is breaking and WhatsApp is not working properly, reinstalled twice but the same issue is still there"""
REV002030,PH042,Realme Narzo Power 5G,Amazon,"""Nice mobile"""
REV002031,PH042,Realme Narzo Power 5G,Amazon,"""Good"""
REV002032,PH042,Realme Narzo Power 5G,Amazon,"""Over All good"""
REV002033,PH042,Realme Narzo Power 5G,Amazon,"""Good Purchase"""
REV002034,PH042,Realme Narzo Power 5G,Amazon,"""Wholesome performance wise satisfied as expected, mainly battery and Camera.."""
REV002035,PH042,Realme Narzo Power 5G,Amazon,"""Don't buy this product"""
REV002036,PH042,Realme Narzo Power 5G,Amazon,"""Battery drain 30min 50%"""
REV002037,PH042,Realme Narzo Power 5G,Amazon,"""Hitting problems"""
REV002038,PH042,Realme Narzo Power 5G,Amazon,"""Everything Topnotch 😘"""
REV002039,PH042,Realme Narzo Power 5G,Amazon,"""Worst phone paid 28000 but it just lags and the battery dies just in 1 day"""
REV002040,PH042,Realme Narzo Power 5G,Amazon,"""Battery scam The company claims that the navigation time is 21 hours, but the battery is empty within 11 hours."""
REV002041,PH042,Realme Narzo Power 5G,Amazon,"""Worst product, software issues, avg cam qualify. Stuck and no response properly."""
REV002042,PH042,Realme Narzo Power 5G,Amazon,"""Software issues, phone light not turning on when getting calls"""
REV002043,PH042,Realme Narzo Power 5G,Amazon,"""Koi phone mat kharid na warrenty jab lene jaoge service centre bolega PRI ACTIVE PHONE HAI bill se match nahi karega . Amazon send pri activation phone like refurbished."""
REV002044,PH042,Realme Narzo Power 5G,Amazon,"""Good overall performance with a smooth display and premium design. Handles daily tasks easily, and battery lasts a full day. Camera is solid in daylight but average in low light. Slight heating during heavy gaming."""
REV002045,PH042,Realme Narzo Power 5G,Amazon,"""Battry easily lasts close to two days with calls, youtube and social media. Fast charging also helps top up quickly. Very reliable for heavy daily use."""
REV002046,PH042,Realme Narzo Power 5G,Amazon,"""Using realme Narzo power has been smooth so far. Apps open quickly and multitasking is easy. Battery life is good. Feels very convenient in daily life use."""
REV002047,PH042,Realme Narzo Power 5G,Amazon,"""The phone feels sturdy with a strong back panel. It’s easy to handles daily use apps and fees durable. 10001 battery backup stays almost two days."""
REV002048,PH042,Realme Narzo Power 5G,Amazon,"""Good battery phone in this price which stays almost two days without charge. Camera is also good in this price range."""
REV002049,PH042,Realme Narzo Power 5G,Amazon,"""Despite the big battery the phone feels slim & comfortable the curved edge and light weight feel make it easy to hold."""
REV002050,PH042,Realme Narzo Power 5G,Amazon,"""The design is good, and feels premium battery's is really a good advantage. The 100001 mah battery stays almost two days"""
REV002051,PH042,Realme Narzo Power 5G,Amazon,"""Loved the product. Long lasting battery works throughout days. Slim phone. Multitasking done so easily on it. A must buy product!"""
REV002052,PH042,Realme Narzo Power 5G,Amazon,"""Amazing phone"""
REV002053,PH042,Realme Narzo Power 5G,Amazon,"""Powerful phone with powerful specs"""
REV002054,PH042,Realme Narzo Power 5G,Amazon,"""10000 mah battery lasts 3 days"""
REV002055,PH042,Realme Narzo Power 5G,Amazon,"""Not very heavy compared to the battery size"""
REV002056,PH042,Realme Narzo Power 5G,Amazon,"""The battery was draining very fast. I submitted my mobile at the Realme service centre, but they said it tested fine. However, after receiving the phone, the battery dropped by 3% within just 10 minutes. I called the same service centre again, but they are not responding.my return policy also closed"""
REV002057,PH042,Realme Narzo Power 5G,Amazon,"""Sound, bluetooth battery ,display, problem,service centere not response"""
REV002058,PH043,Ai+ Pulse 2,Flipkart,"""V Excellent value for money in this price range V Smooth performance for daily use V Good battery backup V Impressive display and design X Camera quality is average X Slow charging (10W charger, arou ... more"""
REV002059,PH043,Ai+ Pulse 2,Flipkart,"""Very good phone"""
REV002060,PH043,Ai+ Pulse 2,Flipkart,"""Its some how good for the Prize, but it is of big in size and sometimes i fill laggy. Battery performance is very good and can able to use it for daily tusks but it takes some times to charge. Thanks ... more"""
REV002061,PH043,Ai+ Pulse 2,Flipkart,"""Product is good at this price point. Camera average and performance is just ok. Battery too good because display average quality. This phone is perfect for aged person. But big blow for only 10 watt a... more"""
REV002062,PH043,Ai+ Pulse 2,Flipkart,"""Good mobile"""
REV002063,PH043,Ai+ Pulse 2,Flipkart,"""Good for normal us"""
REV002064,PH043,Ai+ Pulse 2,Flipkart,"""Good phone at this price range."""
REV002065,PH043,Ai+ Pulse 2,Flipkart,"""Best hai"""
REV002066,PH043,Ai+ Pulse 2,Flipkart,"""What a mobile at this range only 5749 Ai+ gives superb features amazingly"""
REV002067,PH043,Ai+ Pulse 2,Flipkart,"""Nice budget phone for my Papa"""
REV002068,PH043,Ai+ Pulse 2,Flipkart,"""Very good phone for this price"""
REV002069,PH043,Ai+ Pulse 2,Flipkart,"""Value for money"""
REV002070,PH043,Ai+ Pulse 2,Flipkart,"""decent camera battery backup very good"""
REV002071,PH043,Ai+ Pulse 2,Flipkart,"""Thank You So Much Madhav Sheth Sir for making such a good affordable phones for us! Ai+ Pulse 2 is a fantastic smartphone power packed with all advance features. Delivery Partner is also very nice and... more"""
REV002072,PH043,Ai+ Pulse 2,Flipkart,"""Good looks, Camera, Battery, display"""
REV002073,PH043,Ai+ Pulse 2,Flipkart,"""Ai+ Mobile Very good but camera quality not good very bad"""
REV002074,PH043,Ai+ Pulse 2,Flipkart,"""Good value for money"""
REV002075,PH043,Ai+ Pulse 2,Flipkart,"""Charging is slow"""
REV002076,PH043,Ai+ Pulse 2,Flipkart,"""Ok ok...."""
REV002077,PH043,Ai+ Pulse 2,Flipkart,"""Best budget phone in this price range go for it without any doubt battery is awesome overall look is also good"""
REV002078,PH043,Ai+ Pulse 2,Flipkart,"""Good"""
REV002079,PH043,Ai+ Pulse 2,Flipkart,"""Excellent phone and good for budget"""
REV002080,PH043,Ai+ Pulse 2,Flipkart,"""Ok"""
REV002081,PH043,Ai+ Pulse 2,Flipkart,"""Nice phone"""
REV002082,PH043,Ai+ Pulse 2,Flipkart,"""Very good mobile cheap and best good product by ai+ all functions are very good working"""
REV002083,PH043,Ai+ Pulse 2,Flipkart,"""This phone is price ke according better"""
REV002084,PH043,Ai+ Pulse 2,Flipkart,"""Good"""
REV002085,PH043,Ai+ Pulse 2,Flipkart,"""Nice"""
REV002086,PH043,Ai+ Pulse 2,Flipkart,"""Best phone this price range"""
REV002087,PH043,Ai+ Pulse 2,Flipkart,"""This is The Best Option for value conscious Buyers"""
REV002088,PH043,Ai+ Pulse 2,Flipkart,"""At the sale price of 5999 you can't ask for more as it has everything, a good battery, good screen, charger inside, case inside, excellent in-hand f... more"""
REV002089,PH043,Ai+ Pulse 2,Amazon,"""This phone constantly freezes, drops calls, has very poor battery life, and the camera produces blurry photos. It offers no value for money."""
REV002090,PH043,Ai+ Pulse 2,Amazon,"""Never trust this brand. Claimed to be made in India but described as a Chinese phone."""
REV002091,PH043,Ai+ Pulse 2,Amazon,"""Thanks all team."""
REV002092,PH043,Ai+ Pulse 2,Amazon,"""Very bad. Chinese apps are pre-installed. Feels like a rebranded Vivo/Oppo phone with unnecessary apps."""
REV002093,PH043,Ai+ Pulse 2,Amazon,"""Proper scam. False marketing. Do not buy."""
REV002094,PH043,Ai+ Pulse 2,Amazon,"""Misleading advertisement. Marketed as an Indian phone but the software and hardware are Chinese."""
REV002095,PH043,Ai+ Pulse 2,Amazon,"""Useless Chinese phone with very low-quality hardware. Nothing Indian about it."""
REV002096,PH043,Ai+ Pulse 2,Amazon,"""Poor-quality phone. Camera is bad, display hangs, battery claims are false, and the phone has multiple glitches."""
REV002097,PH043,Ai+ Pulse 2,Amazon,"""Scam alert. Claimed to be an Indian brand but described as Chinese. Better to buy established Chinese brands directly."""
REV002098,PH043,Ai+ Pulse 2,Amazon,"""Cheap Chinese product marketed as Indian. Very poor quality. Avoid buying."""
REV002099,PH043,Ai+ Pulse 2,Amazon,"""Chinese phone being sold as an Indian product."""
REV002100,PH043,Ai+ Pulse 2,Amazon,"""False advertising. Not made in India. Rebranded Chinese phone with poor quality. Not recommended."""
REV002101,PH043,Ai+ Pulse 2,Amazon,"""Not worth it. Phone is unstable and disappointing."""
REV002102,PH044,Infinix Note Edge 5G,Flipkart,"""Excellent."""
REV002103,PH044,Infinix Note Edge 5G,Flipkart,"""I really liked the design and the camera. It clicks clear and sharp images, and the battery is good too."""
REV002104,PH044,Infinix Note Edge 5G,Flipkart,"""It's a great product with super features and a superb design."""
REV002105,PH044,Infinix Note Edge 5G,Flipkart,"""Good product."""
REV002106,PH044,Infinix Note Edge 5G,Flipkart,"""Premium design, best choice under budget."""
REV002107,PH044,Infinix Note Edge 5G,Flipkart,"""Very nice product in this price range."""
REV002108,PH044,Infinix Note Edge 5G,Flipkart,"""Best quality. Love Infinix, Love India."""
REV002109,PH044,Infinix Note Edge 5G,Flipkart,"""Superb experience."""
REV002110,PH044,Infinix Note Edge 5G,Flipkart,"""Superb display quality, JBL speakers are awesome, and the camera quality is excellent."""
REV002111,PH044,Infinix Note Edge 5G,Flipkart,"""Good product. Camera is awesome, performance is far better, and the slim, thin design is impressive."""
REV002112,PH044,Infinix Note Edge 5G,Flipkart,"""Excellent mobile under budget."""
REV002113,PH044,Infinix Note Edge 5G,Flipkart,"""Excellent."""
REV002114,PH044,Infinix Note Edge 5G,Flipkart,"""Best mobile at this price."""
REV002115,PH044,Infinix Note Edge 5G,Flipkart,"""Good camera quality, premium design, pocket-friendly, and highly recommended."""
REV002116,PH044,Infinix Note Edge 5G,Flipkart,"""Beautiful product. Amazing camera—you can't get a better product at this price."""
REV002117,PH044,Infinix Note Edge 5G,Flipkart,"""I am very surprised by my Infinix Note Edge 5G. Value for money."""
REV002118,PH044,Infinix Note Edge 5G,Flipkart,"""Best."""
REV002119,PH044,Infinix Note Edge 5G,Flipkart,"""Best phone."""
REV002120,PH044,Infinix Note Edge 5G,Flipkart,"""Value for money."""
REV002121,PH044,Infinix Note Edge 5G,Flipkart,"""Very bad display."""
REV002122,PH044,Infinix Note Edge 5G,Flipkart,"""Nice, but the camera is not good. The battery is good and the design is the best."""
REV002123,PH044,Infinix Note Edge 5G,Flipkart,"""Good phone."""
REV002124,PH044,Infinix Note Edge 5G,Flipkart,"""Battery problem."""
REV002125,PH044,Infinix Note Edge 5G,Flipkart,"""Waste of money."""
REV002126,PH044,Infinix Note Edge 5G,Flipkart,"""Amazing phone. Camera quality is awesome, performance is smooth, and the design is great. Overall, a good phone to buy."""
REV002127,PH045,Tecno Pova Curve 2,Flipkart,"""Mobile is very good, but the cost is very high."""
REV002128,PH045,Tecno Pova Curve 2,Flipkart,"""Battery backup is good and the display refresh rate is very good."""
REV002129,PH045,Tecno Pova Curve 2,Flipkart,"""Beautiful design, brilliant camera, strong 5G connectivity, and value for money."""
REV002130,PH045,Tecno Pova Curve 2,Flipkart,"""100% value for money with excellent battery backup."""
REV002131,PH045,Tecno Pova Curve 2,Flipkart,"""Hanging issue."""
REV002132,PH045,Tecno Pova Curve 2,Flipkart,"""I love Tecno."""
REV002133,PH045,Tecno Pova Curve 2,Flipkart,"""Worth buying if you're tired of charging multiple times a day. Great design and smooth performance."""
REV002134,PH045,Tecno Pova Curve 2,Flipkart,"""Waste mobile. Don't buy it. 5G network is not working."""
REV002135,PH045,Tecno Pova Curve 2,Flipkart,"""Display and performance are good."""
REV002136,PH045,Tecno Pova Curve 2,Flipkart,"""High-performance phone with superb battery life."""
REV002137,PH045,Tecno Pova Curve 2,Flipkart,"""Very, very good 👍"""
REV002138,PH045,Tecno Pova Curve 2,Flipkart,"""Nice."""
REV002139,PH045,Tecno Pova Curve 2,Flipkart,"""Good product."""
REV002140,PH045,Tecno Pova Curve 2,Flipkart,"""Super."""
REV002141,PH045,Tecno Pova Curve 2,Flipkart,"""Performance lags and doesn't justify the price."""
REV002142,PH045,Tecno Pova Curve 2,Flipkart,"""Good quality."""
REV002143,PH045,Tecno Pova Curve 2,Flipkart,"""Excellent camera, battery backup, clear display, and smooth performance."""
REV002144,PH045,Tecno Pova Curve 2,Flipkart,"""Camera performance is poor and the phone overheats, especially while charging."""
REV002145,PH045,Tecno Pova Curve 2,Flipkart,"""Best. I love this Indian mobile."""
REV002146,PH045,Tecno Pova Curve 2,Flipkart,"""Good."""
REV002147,PH045,Tecno Pova Curve 2,Flipkart,"""Bad product. Not worth the price."""
REV002148,PH045,Tecno Pova Curve 2,Flipkart,"""Nice product."""
REV002149,PH045,Tecno Pova Curve 2,Flipkart,"""Don't buy."""
REV002150,PH045,Tecno Pova Curve 2,Flipkart,"""Touch stopped working properly after 3 months."""
REV002151,PH045,Tecno Pova Curve 2,Flipkart,"""Bad phone."""
REV002152,PH045,Tecno Pova Curve 2,Flipkart,"""Worst mobile. Total waste of money. Very poor signal strength and call connectivity issues."""
REV002153,PH045,Tecno Pova Curve 2,Flipkart,"""Overheating and abnormal sound during usage and phone calls."""
REV002154,PH045,Tecno Pova Curve 2,Flipkart,"""Don't buy this phone because it overheats."""
REV002155,PH045,Tecno Pova Curve 2,Flipkart,"""Overhyped product."""
REV002156,PH045,Tecno Pova Curve 2,Flipkart,"""Irritating product with continuous hanging issues."""
REV002157,PH045,Tecno Pova Curve 2,Amazon,"""Kam rate mein bahut Achcha phone hai"""
REV002158,PH045,Tecno Pova Curve 2,Amazon,"""Very worst mobile. I ever seen. Waste off money. Batter backup low. Heading, hanging too much."""
REV002159,PH045,Tecno Pova Curve 2,Amazon,"""Camera quality not good"""
REV002160,PH047,Oppo K14x 5G,Flipkart,"""Very good phone"""
REV002161,PH047,Oppo K14x 5G,Flipkart,"""Selfie camera not good."""
REV002162,PH047,Oppo K14x 5G,Flipkart,"""The camera quality is not good. The selfie camera specifications are not clearly mentioned. My previous Realme 7i had a better camera."""
REV002163,PH047,Oppo K14x 5G,Flipkart,"""Awesome."""
REV002164,PH047,Oppo K14x 5G,Flipkart,"""Phone is slightly wide and feels bulky. The camera module is too big, but the fingerprint sensor is excellent."""
REV002165,PH047,Oppo K14x 5G,Flipkart,"""Very nice."""
REV002166,PH047,Oppo K14x 5G,Flipkart,"""Good product."""
REV002167,PH047,Oppo K14x 5G,Flipkart,"""Camera quality is poor. Photos and videos are not clear."""
REV002168,PH047,Oppo K14x 5G,Flipkart,"""Very good."""
REV002169,PH047,Oppo K14x 5G,Flipkart,"""Camera is not good (2/5), battery is okay, performance is average (3/5)."""
REV002170,PH047,Oppo K14x 5G,Flipkart,"""Scroll experience is very bad."""
REV002171,PH047,Oppo K14x 5G,Flipkart,"""Not bad, but sometimes irritating."""
REV002172,PH047,Oppo K14x 5G,Flipkart,"""Good quality product."""
REV002173,PH047,Oppo K14x 5G,Flipkart,"""Good phone."""
REV002174,PH047,Oppo K14x 5G,Flipkart,"""Worth every penny."""
REV002175,PH047,Oppo K14x 5G,Flipkart,"""Very good experience and good service by Flipkart."""
REV002176,PH047,Oppo K14x 5G,Flipkart,"""Must buy!"""
REV002177,PH047,Oppo K14x 5G,Flipkart,"""Very nice."""
REV002178,PH047,Oppo K14x 5G,Flipkart,"""Worst phone with heavy weight and poor quality configuration."""
REV002179,PH047,Oppo K14x 5G,Flipkart,"""Front camera is blurred and unclear. Back camera is average, but the design is good."""
REV002180,PH047,Oppo K14x 5G,Flipkart,"""Camera is okay."""
REV002181,PH047,Oppo K14x 5G,Flipkart,"""Worth the money."""
REV002182,PH047,Oppo K14x 5G,Flipkart,"""Battery backup is good."""
REV002183,PH047,Oppo K14x 5G,Flipkart,"""Value for money. Camera quality is okay."""
REV002184,PH047,Oppo K14x 5G,Flipkart,"""Not bad."""
REV002185,PH047,Oppo K14x 5G,Flipkart,"""Worth every penny."""
REV002186,PH047,Oppo K14x 5G,Flipkart,"""Very smooth phone with excellent sound quality."""
REV002187,PH047,Oppo K14x 5G,Flipkart,"""Pretty good."""
REV002188,PH047,Oppo K14x 5G,Flipkart,"""Slightly expensive but performance is good."""
REV002189,PH047,Oppo K14x 5G,Flipkart,"""Solid body, powerful battery, strong screen, and a decent camera."""
REV002190,PH047,Oppo K14x 5G,Flipkart,"""Awesome."""
REV002191,PH047,Oppo K14x 5G,Flipkart,"""Very nice product. Bought it for my father. Mobile is good, but camera quality is not great. AI enhances photos after clicking them."""
REV002192,PH047,Oppo K14x 5G,Flipkart,"""Awesome."""
REV002193,PH047,Oppo K14x 5G,Flipkart,"""Good product."""
REV002194,PH047,Oppo K14x 5G,Flipkart,"""Must buy!"""
REV002195,PH047,Oppo K14x 5G,Flipkart,"""Best phone."""
REV002196,PH047,Oppo K14x 5G,Flipkart,"""Good product."""
REV002197,PH047,Oppo K14x 5G,Flipkart,"""Very bad quality. Phone lags and camera performance is poor."""
REV002198,PH047,Oppo K14x 5G,Flipkart,"""Awesome phone in this price range."""
REV002199,PH047,Oppo K14x 5G,Flipkart,"""Best for ladies. Looks great and feels good in hand."""
REV002200,PH047,Oppo K14x 5G,Flipkart,"""Good mobile."""
REV002201,PH047,Oppo K14x 5G,Flipkart,"""Nice phone."""
REV002202,PH047,Oppo K14x 5G,Flipkart,"""Worth every penny."""
REV002203,PH047,Oppo K14x 5G,Flipkart,"""Good 👍"""
REV002204,PH047,Oppo K14x 5G,Flipkart,"""Worth every penny."""
REV002205,PH047,Oppo K14x 5G,Flipkart,"""Good nice phone."""
REV002206,PH047,Oppo K14x 5G,Flipkart,"""Overall best phone."""
REV002207,PH047,Oppo K14x 5G,Flipkart,"""Battery is very good, charging is fast, and design is good. Font style and size need improvement."""
REV002208,PH047,Oppo K14x 5G,Flipkart,"""Awesome camera and good battery."""
REV002209,PH047,Oppo K14x 5G,Flipkart,"""Love it 👍"""
REV002210,PH047,Oppo K14x 5G,Flipkart,"""Front camera needs an upgrade at this price."""
REV002211,PH047,Oppo K14x 5G,Flipkart,"""Simply awesome."""
REV002212,PH047,Oppo K14x 5G,Flipkart,"""Good one."""
REV002213,PH047,Oppo K14x 5G,Flipkart,"""Nice product. Thanks Flipkart for delivering."""
REV002214,PH047,Oppo K14x 5G,Flipkart,"""Excellent phone."""
REV002215,PH047,Oppo K14x 5G,Flipkart,"""Best phone under budget with many features."""
REV002216,PH047,Oppo K14x 5G,Flipkart,"""Very good."""
REV002217,PH047,Oppo K14x 5G,Flipkart,"""Awesome cellphone. Purchased for my son. Free Fire runs very smoothly."""
REV002218,PH047,Oppo K14x 5G,Flipkart,"""Very nice. Best brand Oppo."""
REV002219,PH047,Oppo K14x 5G,Flipkart,"""Good quality."""
REV002220,PH047,Oppo K14x 5G,Flipkart,"""Very bad camera. Totally disappointing from Oppo."""
REV002221,PH047,Oppo K14x 5G,Flipkart,"""All good."""
REV002222,PH047,Oppo K14x 5G,Flipkart,"""Awesome."""
REV002223,PH047,Oppo K14x 5G,Flipkart,"""Good piece."""
REV002224,PH047,Oppo K14x 5G,Flipkart,"""Pretty good."""
REV002225,PH047,Oppo K14x 5G,Flipkart,"""Good quality."""
REV002226,PH047,Oppo K14x 5G,Flipkart,"""Not much worthy phone."""
REV002227,PH047,Oppo K14x 5G,Flipkart,"""Awesome."""
REV002228,PH047,Oppo K14x 5G,Flipkart,"""Worth every penny."""
REV002229,PH047,Oppo K14x 5G,Flipkart,"""Very good. Nice."""
REV002230,PH047,Oppo K14x 5G,Flipkart,"""My phone is not comfortable to use."""
REV002231,PH047,Oppo K14x 5G,Flipkart,"""Worth every penny."""
REV002232,PH047,Oppo K14x 5G,Flipkart,"""Very bad phone."""
REV002233,PH047,Oppo K14x 5G,Flipkart,"""Battery quality is not good."""
REV002234,PH047,Oppo K14x 5G,Flipkart,"""Worth every penny."""
REV002235,PH047,Oppo K14x 5G,Flipkart,"""Good product."""
REV002236,PH047,Oppo K14x 5G,Flipkart,"""Awesome."""
REV002237,PH047,Oppo K14x 5G,Flipkart,"""Must buy!"""
REV002238,PH047,Oppo K14x 5G,Flipkart,"""Very good."""
REV002239,PH047,Oppo K14x 5G,Flipkart,"""Overall good."""
REV002240,PH047,Oppo K14x 5G,Flipkart,"""Poor quality. Don't buy it. No return policy. Waste of money."""
REV002241,PH047,Oppo K14x 5G,Flipkart,"""Awesome."""
REV002242,PH047,Oppo K14x 5G,Flipkart,"""Good product."""
REV002243,PH047,Oppo K14x 5G,Flipkart,"""Very bad product."""
REV002244,PH047,Oppo K14x 5G,Flipkart,"""Very nice Oppo K14x."""
REV002245,PH047,Oppo K14x 5G,Flipkart,"""Bad quality."""
REV002246,PH047,Oppo K14x 5G,Flipkart,"""Phone is not working properly, though the display is good."""
REV002247,PH047,Oppo K14x 5G,Flipkart,"""Camera is not good."""
REV002248,PH047,Oppo K14x 5G,Flipkart,"""Battery is the best."""
REV002249,PH047,Oppo K14x 5G,Flipkart,"""Battery quality is poor and selfie camera is weak."""
REV002250,PH047,Oppo K14x 5G,Flipkart,"""Pretty good."""
REV002251,PH047,Oppo K14x 5G,Flipkart,"""Very bad camera."""
REV002252,PH047,Oppo K14x 5G,Flipkart,"""Very nice phone. All functions work well and it's worth buying."""
REV002253,PH047,Oppo K14x 5G,Flipkart,"""Good phone."""
REV002254,PH047,Oppo K14x 5G,Flipkart,"""Very nice looking."""
REV002255,PH047,Oppo K14x 5G,Flipkart,"""Mobile is good but delivery service was not good."""
REV002256,PH047,Oppo K14x 5G,Flipkart,"""Looking very good."""
REV002257,PH047,Oppo K14x 5G,Flipkart,"""Camera is terrible. Video recording is shaky. Compared to my previous Samsung phone, this camera is disappointing."""
REV002258,PH047,Oppo K14x 5G,Flipkart,"""Front camera is very, very bad."""
REV002259,PH047,Oppo K14x 5G,Flipkart,"""Feels like an iPhone 17 Pro Max."""
REV002260,PH047,Oppo K14x 5G,Flipkart,"""Good quality and performance. Value for money. Recommended."""
REV002261,PH047,Oppo K14x 5G,Flipkart,"""Very nice."""
REV002262,PH047,Oppo K14x 5G,Flipkart,"""Great battery backup, performance, and design."""
REV002263,PH047,Oppo K14x 5G,Amazon,"""Good phone with simple features. Lightweight and suitable for elderly users. Smooth 120Hz display. Large battery. Charging is slow, camera is average, single speaker, and side-mounted fingerprint sensor is not very fast."""
REV002264,PH047,Oppo K14x 5G,Amazon,"""Nice phone."""
REV002265,PH047,Oppo K14x 5G,Amazon,"""Best quality, best price, and good battery life."""
REV002266,PH047,Oppo K14x 5G,Amazon,"""Very very poor camera."""
REV002267,PH047,Oppo K14x 5G,Amazon,"""Awesome phone. Excellent. I loved the OPPO K14x."""
REV002268,PH047,Oppo K14x 5G,Amazon,"""Nice. Battery performance is good."""
REV002269,PH047,Oppo K14x 5G,Amazon,"""Good phone. Received in good condition and working great."""
REV002270,PH047,Oppo K14x 5G,Amazon,"""Good."""
REV002271,PH047,Oppo K14x 5G,Amazon,"""Nice product. Battery is worth the price. Quality is okay. Performance needs improvement."""
REV002272,PH047,Oppo K14x 5G,Amazon,"""Good."""
REV002273,PH047,Oppo K14x 5G,Amazon,"""Good for the price, but the front camera is poor."""
REV002274,PH047,Oppo K14x 5G,Amazon,"""Camera performance is poor."""
REV002275,PH047,Oppo K14x 5G,Amazon,"""Very nice mobile."""
REV002276,PH047,Oppo K14x 5G,Amazon,"""Extra delivery charge was taken for open box delivery."""
REV002277,PH047,Oppo K14x 5G,Amazon,"""Sometimes hangs while gaming."""
REV002278,PH047,Oppo K14x 5G,Amazon,"""Good mobile. Good quality, camera and battery."""
REV002279,PH047,Oppo K14x 5G,Amazon,"""Awesome product. Best budget phone with high productivity."""
REV002280,PH047,Oppo K14x 5G,Amazon,"""Battery charging is very fast."""
REV002281,PH047,Oppo K14x 5G,Amazon,"""No like."""
REV002282,PH047,Oppo K14x 5G,Amazon,"""Not working properly."""
REV002283,PH047,Oppo K14x 5G,Amazon,"""Very good mobile in this price range."""
REV002284,PH047,Oppo K14x 5G,Amazon,"""Thank you."""
REV002285,PH047,Oppo K14x 5G,Amazon,"""Phone is heavy and the camera is nothing special. Only a budget phone."""
REV002286,PH047,Oppo K14x 5G,Amazon,"""Bad mobile. Bad experience. Customer care did not listen. Could not return the phone. Front camera quality is very poor."""
REV002287,PH047,Oppo K14x 5G,Amazon,"""Camera quality is very bad."""
REV002288,PH047,Oppo K14x 5G,Amazon,"""Very bad product. Do not buy."""
REV002289,PH047,Oppo K14x 5G,Amazon,"""Worst experience. Wi-Fi hotspot not working. Battery swollen after 1.2 years. Phone became a nightmare."""
REV002290,PH047,Oppo K14x 5G,Amazon,"""Worst mobile ever. Camera and processor are poor. Customer service is also not good. Don't buy this phone."""
REV002291,PH048,Samsung Galaxy F70e 5G,Flipkart,"""Average product at this price"""
REV002292,PH048,Samsung Galaxy F70e 5G,Flipkart,"""Overall good phone"""
REV002293,PH048,Samsung Galaxy F70e 5G,Flipkart,"""Works well. Sometimes it gets a little slow. Good battery backup."""
REV002294,PH048,Samsung Galaxy F70e 5G,Flipkart,"""Very good smartphone under budget 🫡"""
REV002295,PH048,Samsung Galaxy F70e 5G,Flipkart,"""If you're a normal user and do a little casual gaming, this phone performs very well. Samsung Knox security is also great and battery backup is good."""
REV002296,PH048,Samsung Galaxy F70e 5G,Flipkart,"""Sound gets 4 stars."""
REV002297,PH048,Samsung Galaxy F70e 5G,Flipkart,"""Sound is not loud enough and the processor feels a bit slow while browsing. Other than that, the display is bright, camera is decent, and build is good."""
REV002298,PH048,Samsung Galaxy F70e 5G,Flipkart,"""The design is good and the price range is reasonable. However, the lag is too much."""
REV002299,PH048,Samsung Galaxy F70e 5G,Flipkart,"""Nice 🙂👍"""
REV002300,PH048,Samsung Galaxy F70e 5G,Flipkart,"""Value for money product"""
REV002301,PH048,Samsung Galaxy F70e 5G,Flipkart,"""All-rounder phone"""
REV002302,PH048,Samsung Galaxy F70e 5G,Flipkart,"""Good"""
REV002303,PH048,Samsung Galaxy F70e 5G,Flipkart,"""Super 👍👍"""
REV002304,PH048,Samsung Galaxy F70e 5G,Flipkart,"""Excellent"""
REV002305,PH048,Samsung Galaxy F70e 5G,Flipkart,"""Overall good"""
REV002306,PH048,Samsung Galaxy F70e 5G,Flipkart,"""New phone hanging problem. Very, very bad."""
REV002307,PH048,Samsung Galaxy F70e 5G,Flipkart,"""This mobile is very slow. Not a good product, hangs frequently."""
REV002308,PH048,Samsung Galaxy F70e 5G,Flipkart,"""Very nice."""
REV002309,PH048,Samsung Galaxy F70e 5G,Flipkart,"""This phone hangs. Low-quality phone."""
REV002310,PH048,Samsung Galaxy F70e 5G,Flipkart,"""Samsung's latest device with Android 16 available and good performance."""
REV002311,PH048,Samsung Galaxy F70e 5G,Flipkart,"""Overall it's awesome."""
REV002312,PH048,Samsung Galaxy F70e 5G,Flipkart,"""Ok"""
REV002313,PH048,Samsung Galaxy F70e 5G,Flipkart,"""Mobile will hang."""
REV002314,PH048,Samsung Galaxy F70e 5G,Flipkart,"""Good design. 6 years of software updates."""
REV002315,PH048,Samsung Galaxy F70e 5G,Flipkart,"""Overall good product."""
REV002316,PH048,Samsung Galaxy F70e 5G,Flipkart,"""Product is good and performance is okay."""
REV002317,PH048,Samsung Galaxy F70e 5G,Flipkart,"""Nice 👌"""
REV002318,PH048,Samsung Galaxy F70e 5G,Flipkart,"""I ordered this phone on May 29, 2026, and received it the next day. The phone is really good. I underestimated the 4GB RAM, but it performs well."""
REV002319,PH048,Samsung Galaxy F70e 5G,Flipkart,"""Nice mobile."""
REV002320,PH048,Samsung Galaxy F70e 5G,Flipkart,"""Good."""
REV002321,PH048,Samsung Galaxy F70e 5G,Flipkart,"""Good phone."""
REV002322,PH048,Samsung Galaxy F70e 5G,Flipkart,"""Mobile started lagging after 10 days, but good at this price."""
REV002323,PH048,Samsung Galaxy F70e 5G,Flipkart,"""Mobile has hanging problem."""
REV002324,PH048,Samsung Galaxy F70e 5G,Flipkart,"""Overall good phone but user experience is laggy."""
REV002325,PH048,Samsung Galaxy F70e 5G,Flipkart,"""Mobile suddenly switched off."""
REV002326,PH048,Samsung Galaxy F70e 5G,Flipkart,"""Camera performance is average, battery backup is not one day, processor is average, display is good."""
REV002327,PH048,Samsung Galaxy F70e 5G,Flipkart,"""Nice phone, worth buying at this price."""
REV002328,PH048,Samsung Galaxy F70e 5G,Flipkart,"""Nice phone."""
REV002329,PH048,Samsung Galaxy F70e 5G,Flipkart,"""Very nice."""
REV002330,PH048,Samsung Galaxy F70e 5G,Flipkart,"""Budget-friendly mobile. Best for normal use but not for multitasking."""
REV002331,PH048,Samsung Galaxy F70e 5G,Flipkart,"""Superb."""
REV002332,PH048,Samsung Galaxy F70e 5G,Flipkart,"""Very poor product. Phone lags on every click. Waste of money."""
REV002333,PH048,Samsung Galaxy F70e 5G,Flipkart,"""Within 8–10 days the phone started hanging."""
REV002334,PH048,Samsung Galaxy F70e 5G,Flipkart,"""10/10 in every aspect. Smooth, easy to use, and Samsung Notes is amazing."""
REV002335,PH048,Samsung Galaxy F70e 5G,Flipkart,"""Ok."""
REV002336,PH048,Samsung Galaxy F70e 5G,Flipkart,"""Awesome phone."""
REV002337,PH048,Samsung Galaxy F70e 5G,Flipkart,"""Worth the price."""
REV002338,PH048,Samsung Galaxy F70e 5G,Flipkart,"""Camera and performance are very poor. Skip this product."""
REV002339,PH048,Samsung Galaxy F70e 5G,Flipkart,"""Good phone at this price point."""
REV002340,PH048,Samsung Galaxy F70e 5G,Flipkart,"""Good."""
REV002341,PH048,Samsung Galaxy F70e 5G,Flipkart,"""Nice product."""
REV002342,PH048,Samsung Galaxy F70e 5G,Flipkart,"""Camera does not open. Worst product."""
REV002343,PH048,Samsung Galaxy F70e 5G,Flipkart,"""Samsung is not user-friendly."""
REV002344,PH048,Samsung Galaxy F70e 5G,Flipkart,"""Very nice Samsung smartphone under ₹15K. Value for money."""
REV002345,PH048,Samsung Galaxy F70e 5G,Flipkart,"""Nice phone at a good price 👍"""
REV002346,PH048,Samsung Galaxy F70e 5G,Flipkart,"""Working excellent."""
REV002347,PH048,Samsung Galaxy F70e 5G,Flipkart,"""Nice phone 😘😘 I am so happy ❤️"""
REV002348,PH048,Samsung Galaxy F70e 5G,Flipkart,"""Everything is slow."""
REV002349,PH048,Samsung Galaxy F70e 5G,Flipkart,"""Pathetic front and rear camera. Cheap-looking."""
REV002350,PH048,Samsung Galaxy F70e 5G,Flipkart,"""Don't buy this product. Hanging and heating issues. Don't waste your money."""
REV002351,PH048,Samsung Galaxy F70e 5G,Flipkart,"""Good."""
REV002352,PH048,Samsung Galaxy F70e 5G,Flipkart,"""Good mobile. Screen resolution is compromised. Camera is excellent, but no charger included."""
REV002353,PH048,Samsung Galaxy F70e 5G,Flipkart,"""Hanging problem."""
REV002354,PH048,Samsung Galaxy F70e 5G,Flipkart,"""Camera quality is not good."""
REV002355,PH048,Samsung Galaxy F70e 5G,Flipkart,"""Very good."""
REV002356,PH048,Samsung Galaxy F70e 5G,Flipkart,"""Nice product for users who don't need high-end gaming."""
REV002357,PH048,Samsung Galaxy F70e 5G,Flipkart,"""Worst."""
REV002358,PH048,Samsung Galaxy F70e 5G,Flipkart,"""No charger included. Camera is not clear."""
REV002359,PH048,Samsung Galaxy F70e 5G,Flipkart,"""Nice."""
REV002360,PH048,Samsung Galaxy F70e 5G,Flipkart,"""All very good."""
REV002361,PH048,Samsung Galaxy F70e 5G,Flipkart,"""Nice phone."""
REV002362,PH048,Samsung Galaxy F70e 5G,Flipkart,"""Battery backup is low and there are network issues. Totally a waste of money."""
REV002363,PH048,Samsung Galaxy F70e 5G,Flipkart,"""Good product 👍"""
REV002364,PH048,Samsung Galaxy F70e 5G,Flipkart,"""Network issue despite nearby tower. Overall phone is good."""
REV002365,PH048,Samsung Galaxy F70e 5G,Flipkart,"""Just okay."""
REV002366,PH048,Samsung Galaxy F70e 5G,Flipkart,"""Excellent."""
REV002367,PH048,Samsung Galaxy F70e 5G,Flipkart,"""Overall good experience."""
REV002368,PH048,Samsung Galaxy F70e 5G,Flipkart,"""Worst phone. Very poor build quality."""
REV002369,PH048,Samsung Galaxy F70e 5G,Flipkart,"""Ok."""
REV002370,PH048,Samsung Galaxy F70e 5G,Flipkart,"""FHD would have been better."""
REV002371,PH048,Samsung Galaxy F70e 5G,Flipkart,"""Bad phone."""
REV002372,PH048,Samsung Galaxy F70e 5G,Flipkart,"""Very, very bad. You will regret buying it."""
REV002373,PH048,Samsung Galaxy F70e 5G,Flipkart,"""Camera, display, and build quality are good."""
REV002374,PH048,Samsung Galaxy F70e 5G,Flipkart,"""Good mobile at this price. Battery and camera are good."""
REV002375,PH048,Samsung Galaxy F70e 5G,Flipkart,"""Super collection."""
REV002376,PH048,Samsung Galaxy F70e 5G,Flipkart,"""Slow performance and lock function lags."""
REV002377,PH048,Samsung Galaxy F70e 5G,Flipkart,"""Nice 👍🙂 product."""
REV002378,PH048,Samsung Galaxy F70e 5G,Flipkart,"""Value for money."""
REV002379,PH048,Samsung Galaxy F70e 5G,Flipkart,"""Nice."""
REV002380,PH048,Samsung Galaxy F70e 5G,Flipkart,"""Good quality."""
REV002381,PH048,Samsung Galaxy F70e 5G,Flipkart,"""Best quality at an affordable price."""
REV002382,PH048,Samsung Galaxy F70e 5G,Flipkart,"""Good."""
REV002383,PH048,Samsung Galaxy F70e 5G,Flipkart,"""Good."""
REV002384,PH048,Samsung Galaxy F70e 5G,Flipkart,"""Very poor."""
REV002385,PH048,Samsung Galaxy F70e 5G,Flipkart,"""Camera quality is too poor and the phone runs very slow. Total waste of money."""
REV002386,PH048,Samsung Galaxy F70e 5G,Flipkart,"""Camera quality is poor, video calling experience is bad, performance is poor, and network often drops."""
REV002387,PH048,Samsung Galaxy F70e 5G,Flipkart,"""Very good Samsung Galaxy phone under ₹15K."""
REV002388,PH048,Samsung Galaxy F70e 5G,Flipkart,"""Bad phone."""
REV002389,PH048,Samsung Galaxy F70e 5G,Flipkart,"""Good."""
REV002390,PH048,Samsung Galaxy F70e 5G,Flipkart,"""Good product, thank you."""
REV002391,PH048,Samsung Galaxy F70e 5G,Flipkart,"""Volume button not working properly and sound quality is poor."""
REV002392,PH048,Samsung Galaxy F70e 5G,Flipkart,"""Outstanding phone."""
REV002393,PH048,Samsung Galaxy F70e 5G,Flipkart,"""Superb."""
REV002394,PH048,Samsung Galaxy F70e 5G,Flipkart,"""Very good mobile for the price."""
REV002395,PH048,Samsung Galaxy F70e 5G,Flipkart,"""Battery charging is not working."""
REV002396,PH048,Samsung Galaxy F70e 5G,Flipkart,"""Camera quality is low for this price."""
REV002397,PH048,Samsung Galaxy F70e 5G,Flipkart,"""Not worth the money. Network and call quality issues."""
REV002398,PH048,Samsung Galaxy F70e 5G,Flipkart,"""Phone overheats and hangs."""
REV002399,PH048,Samsung Galaxy F70e 5G,Flipkart,"""Good product."""
REV002400,PH048,Samsung Galaxy F70e 5G,Flipkart,"""Overall the phone is good but the back camera is average."""
REV002401,PH048,Samsung Galaxy F70e 5G,Flipkart,"""Looking nice. Budget-friendly. Camera is good."""
REV002402,PH048,Samsung Galaxy F70e 5G,Flipkart,"""It's good at this price."""
REV002403,PH048,Samsung Galaxy F70e 5G,Flipkart,"""This phone is also good."""
REV002404,PH048,Samsung Galaxy F70e 5G,Flipkart,"""Bad Samsung F70e."""
REV002405,PH048,Samsung Galaxy F70e 5G,Flipkart,"""Very nice."""
REV002406,PH048,Samsung Galaxy F70e 5G,Flipkart,"""Good product."""
REV002407,PH048,Samsung Galaxy F70e 5G,Flipkart,"""Best phone for normal users."""
REV002408,PH048,Samsung Galaxy F70e 5G,Flipkart,"""Hanging issue from day one."""
REV002409,PH048,Samsung Galaxy F70e 5G,Flipkart,"""Value for money. Budget-friendly."""
REV002410,PH048,Samsung Galaxy F70e 5G,Flipkart,"""Product is very good. My brother is very happy with this gift."""
REV002411,PH048,Samsung Galaxy F70e 5G,Flipkart,"""Nice phone in this price range."""
REV002412,PH048,Samsung Galaxy F70e 5G,Flipkart,"""Nice phone."""
REV002413,PH048,Samsung Galaxy F70e 5G,Flipkart,"""Sound is very low."""
REV002414,PH048,Samsung Galaxy F70e 5G,Flipkart,"""Mobile is slow."""
REV002415,PH048,Samsung Galaxy F70e 5G,Flipkart,"""Good phone for this budget."""
REV002416,PH048,Samsung Galaxy F70e 5G,Flipkart,"""Worst mobile. Started hanging within 10 days."""
REV002417,PH048,Samsung Galaxy F70e 5G,Flipkart,"""Nice."""
REV002418,PH048,Samsung Galaxy F70e 5G,Flipkart,"""Works well. Sometimes it gets a little slow. Good battery backup."""
REV002419,PH048,Samsung Galaxy F70e 5G,Flipkart,"""Good."""
REV002420,PH048,Samsung Galaxy F70e 5G,Flipkart,"""Excellent."""
REV002421,PH048,Samsung Galaxy F70e 5G,Flipkart,"""Flipkart reduced the buyback value significantly at delivery. Misleading experience."""
REV002422,PH048,Samsung Galaxy F70e 5G,Flipkart,"""Performance could be better. U-notch feels outdated."""
REV002423,PH048,Samsung Galaxy F70e 5G,Flipkart,"""Sound quality is very low and poor."""
REV002424,PH048,Samsung Galaxy F70e 5G,Flipkart,"""Nice mobile."""
REV002425,PH048,Samsung Galaxy F70e 5G,Flipkart,"""Nice."""
REV002426,PH048,Samsung Galaxy F70e 5G,Flipkart,"""Best product."""
REV002427,PH048,Samsung Galaxy F70e 5G,Flipkart,"""Go for it. Nice product."""
REV002428,PH048,Samsung Galaxy F70e 5G,Flipkart,"""Good."""
REV002429,PH048,Samsung Galaxy F70e 5G,Flipkart,"""Good."""
REV002430,PH048,Samsung Galaxy F70e 5G,Flipkart,"""Already activated product."""
REV002431,PH048,Samsung Galaxy F70e 5G,Flipkart,"""Value for money."""
REV002432,PH048,Samsung Galaxy F70e 5G,Flipkart,"""Good."""
REV002433,PH048,Samsung Galaxy F70e 5G,Flipkart,"""Very best phone at this price."""
REV002434,PH048,Samsung Galaxy F70e 5G,Flipkart,"""Waste of money. Phone started hanging on day one."""
REV002435,PH048,Samsung Galaxy F70e 5G,Flipkart,"""Good quality phone for the mid-range."""
REV002436,PH048,Samsung Galaxy F70e 5G,Flipkart,"""Performance is very slow and laggy."""
REV002437,PH048,Samsung Galaxy F70e 5G,Flipkart,"""Good."""
REV002438,PH048,Samsung Galaxy F70e 5G,Flipkart,"""Best mobile under this price range, though an FHD+ display would have been better."""
REV002439,PH048,Samsung Galaxy F70e 5G,Flipkart,"""Best mobile. Super 👌"""
REV002440,PH048,Samsung Galaxy F70e 5G,Flipkart,"""Ok."""
REV002441,PH048,Samsung Galaxy F70e 5G,Amazon,"""Good mobile."""
REV002442,PH048,Samsung Galaxy F70e 5G,Amazon,"""Average phone, very laggy. Suitable only for basic needs. Not recommended for gaming."""
REV002443,PH048,Samsung Galaxy F70e 5G,Amazon,"""Worth buying under ₹13,000. Excellent in this price range."""
REV002444,PH048,Samsung Galaxy F70e 5G,Amazon,"""Phone is too slow."""
REV002445,PH048,Samsung Galaxy F70e 5G,Amazon,"""Nice colour and nice product."""
REV002446,PH048,Samsung Galaxy F70e 5G,Amazon,"""Nice product."""
REV002447,PH048,Samsung Galaxy F70e 5G,Amazon,"""Super hit."""
REV002448,PH048,Samsung Galaxy F70e 5G,Amazon,"""Worst phone experience. Heats up within 5 minutes. Terrible performance, constant lag and frame drops. Battery drains fast due to heating. Total waste of money."""
REV002449,PH048,Samsung Galaxy F70e 5G,Amazon,"""First Samsung mobile. Experience isn't good. Better alternatives are available. Didn't like the UI/UX."""
REV002450,PH048,Samsung Galaxy F70e 5G,Amazon,"""Charger head is not available in the box."""
REV002451,PH048,Samsung Galaxy F70e 5G,Amazon,"""Product is good, but the adapter is not included."""
REV002452,PH048,Samsung Galaxy F70e 5G,Amazon,"""Nice."""
REV002453,PH048,Samsung Galaxy F70e 5G,Amazon,"""Phone is working well."""
REV002454,PH048,Samsung Galaxy F70e 5G,Amazon,"""Good battery backup. Camera quality, features and charging are good."""
REV002455,PH048,Samsung Galaxy F70e 5G,Amazon,"""Product is very good."""
REV002456,PH048,Samsung Galaxy F70e 5G,Amazon,"""Original and genuine phone. Perfect quality. Loved the colour and feel."""
REV002457,PH048,Samsung Galaxy F70e 5G,Amazon,"""Very bad phone. Camera is not working. I want to return it."""
REV002458,PH048,Samsung Galaxy F70e 5G,Amazon,"""The phone is very slow and lags a lot."""
REV002459,PH048,Samsung Galaxy F70e 5G,Amazon,"""Used phone was delivered. Slow charging. Very slow app performance."""
REV002460,PH048,Samsung Galaxy F70e 5G,Amazon,"""Worst experience. Screen issue."""
REV002461,PH048,Samsung Galaxy F70e 5G,Amazon,"""Phone takes 2 hours to fully charge."""
REV002462,PH048,Samsung Galaxy F70e 5G,Amazon,"""Worst item. Battery quality is very bad. Heats up badly within 2–5 minutes."""
REV002463,PH049,Realme P4 Power,Flipkart,"""Nice mobile."""
REV002464,PH049,Realme P4 Power,Flipkart,"""Got my Realme P4 Power today and my first impression is very good. The design is clean, the display is sharp, performance is smooth for daily tasks, the battery backup looks promising, and charging is fast."""
REV002465,PH049,Realme P4 Power,Flipkart,"""Nice phone with the best camera quality."""
REV002466,PH049,Realme P4 Power,Flipkart,"""Good product with good quality."""
REV002467,PH049,Realme P4 Power,Flipkart,"""Best phone for marketing, traveling, and areas with electricity issues because of its battery performance."""
REV002468,PH049,Realme P4 Power,Flipkart,"""Awesome product."""
REV002469,PH049,Realme P4 Power,Flipkart,"""Battery is not performing like a 10000mAh battery. Please Realme, fix this battery issue. Overall, the phone is good."""
REV002470,PH049,Realme P4 Power,Flipkart,"""Battery backup is not like a 10000mAh battery. It feels more like 6500–7000mAh. Average."""
REV002471,PH049,Realme P4 Power,Flipkart,"""The battery is not perfect."""
REV002472,PH049,Realme P4 Power,Flipkart,"""Awesome phone with awesome photos."""
REV002473,PH049,Realme P4 Power,Flipkart,"""The phone is great, especially the battery. The display is excellent—big, high resolution, and the camera is better than other phones in this price range."""
REV002474,PH049,Realme P4 Power,Flipkart,"""Nice and good quality."""
REV002475,PH049,Realme P4 Power,Flipkart,"""Battery is excellent, but the actual backup feels closer to 8000mAh. Overall, the phone is good."""
REV002476,PH049,Realme P4 Power,Flipkart,"""Superb battery king. Display is super smooth and performance is excellent for normal use. Realme service is good and the 4-year battery warranty is a great benefit."""
REV002477,PH049,Realme P4 Power,Flipkart,"""Nice mobile and battery."""
REV002478,PH049,Realme P4 Power,Flipkart,"""Awesome."""
REV002479,PH049,Realme P4 Power,Flipkart,"""Battery monster."""
REV002480,PH049,Realme P4 Power,Flipkart,"""Awesome device at a budget-friendly price."""
REV002481,PH049,Realme P4 Power,Flipkart,"""Battery: 9/10."""
REV002482,PH049,Realme P4 Power,Flipkart,"""Good phone."""
REV002483,PH049,Realme P4 Power,Flipkart,"""I love the battery."""
REV002484,PH049,Realme P4 Power,Flipkart,"""I got my Realme P4 Power 5G yesterday and I'm impressed. The massive battery easily lasts all day, 5G is very fast, the display is stunning, and the build quality feels premium."""
REV002485,PH049,Realme P4 Power,Flipkart,"""Pros: Great battery. Charge it and forget it. With heavy usage and continuous hotspot, it delivers around 10.5 hours of screen-on time and lasts about 30 hours before needing a recharge."""
REV002486,PH049,Realme P4 Power,Flipkart,"""Using the phone for over two weeks."""
REV002487,PH049,Realme P4 Power,Flipkart,"""Before buying, first clarify your requirements. If your priority is the best battery and display, go for it without thinking too much."""
REV002488,PH049,Realme P4 Power,Flipkart,"""The phone delivers up to two days of battery life, and the 80W fast charging fills it in about 1 hour 30 minutes. Performance is smooth, scrolling is fluid, and the camera is good."""
REV002489,PH049,Realme P4 Power,Flipkart,"""I am absolutely thrilled with this product. The camera captures stunning photos, the battery life is excellent, the display is vibrant, the design is sleek, and performance is smooth."""
REV002490,PH049,Realme P4 Power,Flipkart,"""Value for money. The battery lasts about two straight days. Performance meets all my needs, the display is smooth, but sunlight visibility could be better."""
REV002491,PH049,Realme P4 Power,Flipkart,"""Best battery."""
REV002492,PH049,Realme P4 Power,Flipkart,"""It is a very nice phone and the camera quality is very good."""
REV002493,PH049,Realme P4 Power,Amazon,"""The resolution can be reduced, and with only app updates (not OS updates), the battery backup is very good for the mentioned tasks."""
REV002494,PH049,Realme P4 Power,Amazon,"""The Realme P4 Power is a very good and affordable phone, but the delivery process was poor and the phone was not delivered on the promised date."""
REV002495,PH049,Realme P4 Power,Amazon,"""The phone gets warm automatically while charging, and the charging quality is very poor."""
REV002496,PH049,Realme P4 Power,Amazon,"""Good battery life and medium performance. I mostly use it as a power bank for my primary mobile."""
REV002497,PH049,Realme P4 Power,Amazon,"""Nice product."""
REV002498,PH050,Redmi Note 15 Pro,Flipkart,"""Not value for monwy”"
REV002499,PH050,Redmi Note 15 Pro,Flipkart,“Good phone and good camera quality”
REV002500,PH050,Redmi Note 15 Pro,Flipkart,“Best Phone”
REV002501,PH050,Redmi Note 15 Pro,Flipkart,“Good product”
REV002502,PH050,Redmi Note 15 Pro,Flipkart,“awesome mobile”
REV002503,PH050,Redmi Note 15 Pro,Flipkart,“Good”
REV002504,PH050,Redmi Note 15 Pro,Flipkart,“Very bad”
REV002505,PH050,Redmi Note 15 Pro,Amazon,"""Excellent smartphone with great features. Bright and smooth display, clear camera, impressive battery life, smooth performance, premium design, and excellent value for money."""
REV002506,PH050,Redmi Note 15 Pro,Amazon,"""A fantastic multimedia and travel phone. Excellent battery life, rugged build, stunning display, good main camera. Charging is average, performance is average for gaming, storage is outdated, and secondary cameras are average."""
REV002507,PH050,Redmi Note 15 Pro,Amazon,"""Worst 200MP camera. Battery and appearance are good, but the camera disappointed me. Not value for money."""
REV002508,PH050,Redmi Note 15 Pro,Amazon,"""Nice product with good quality and build."""
REV002509,PH050,Redmi Note 15 Pro,Amazon,"""Good compact-size phone. Smooth display and performance. Slim feel. Battery easily lasts a day with heavy use. Good connectivity. Camera is good but doesn't feel like 200MP. Price is high."""
REV002510,PH050,Redmi Note 15 Pro,Amazon,"""Value for money. Audio quality is awesome, but the phone gets hot."""
REV002511,PH050,Redmi Note 15 Pro,Amazon,"""Slim body. Very nice product. Battery is good, fast charging, camera is good."""
REV002512,PH050,Redmi Note 15 Pro,Amazon,"""Budget-friendly mobile. Occasionally hangs. Overall good in this segment."""
REV002513,PH050,Redmi Note 15 Pro,Amazon,"""Fast, smooth, reliable battery backup. Price should have been around ₹25k–27k."""
REV002514,PH050,Redmi Note 15 Pro,Amazon,"""Don't buy this phone. Rear camera is worst. Front camera is average. Battery is good. Experienced lagging."""
REV002515,PH050,Redmi Note 15 Pro,Amazon,"""Value for money."""
REV002516,PH050,Redmi Note 15 Pro,Amazon,"""Happy."""
REV002517,PH050,Redmi Note 15 Pro,Amazon,"""Ok."""
REV002518,PH050,Redmi Note 15 Pro,Amazon,"""Battery drains overnight. Camera hangs sometimes. Sound quality is good. Charging takes about an hour. Overall okay, but may not last 3–4 years."""
REV002519,PH050,Redmi Note 15 Pro,Amazon,"""Good phone. Initial performance is good."""
REV002520,PH050,Redmi Note 15 Pro,Amazon,"""Best budget phone with high-end features and durable battery."""
REV002521,PH050,Redmi Note 15 Pro,Amazon,"""Overall good phone, but the camera is below average."""
REV002522,PH050,Redmi Note 15 Pro,Amazon,"""It's okay, not up to the mark."""
REV002523,PH050,Redmi Note 15 Pro,Amazon,"""There is lag while operating certain apps. Curved screen is not as good as the Moto Edge series."""
REV002524,PH050,Redmi Note 15 Pro,Amazon,"""Hanging is the main problem."""
REV002525,PH050,Redmi Note 15 Pro,Amazon,"""Open box delivery charge was unnecessary."""
REV002526,PH050,Redmi Note 15 Pro,Amazon,"""Camera not good."""
REV002527,PH050,Redmi Note 15 Pro,Amazon,"""Nice mobile."""
REV002528,PH050,Redmi Note 15 Pro,Amazon,"""Great."""
REV002529,PH050,Redmi Note 15 Pro,Amazon,"""Charging is slow."""
REV002530,PH050,Redmi Note 15 Pro,Amazon,"""Heavy phone. One-handed use is difficult. Battery draining issue."""
REV002531,PH050,Redmi Note 15 Pro,Amazon,"""Display is too big."""
REV002532,PH050,Redmi Note 15 Pro,Amazon,"""It's a good model."""
REV002533,PH050,Redmi Note 15 Pro,Amazon,"""Good."""
REV002534,PH050,Redmi Note 15 Pro,Amazon,"""Awesome. Very nice."""
REV002535,PH050,Redmi Note 15 Pro,Amazon,"""Slow processor speed. Doesn't support all mobile games."""
REV002536,PH050,Redmi Note 15 Pro,Amazon,"""Performance is disappointing. Phone lags. Screen sometimes goes blank. Battery backup is average. Cameras are average. Display is good."""
REV002537,PH050,Redmi Note 15 Pro,Amazon,"""Product is good. Nice camera and good battery. Exchange delivery service was very poor."""
REV002538,PH050,Redmi Note 15 Pro,Amazon,"""Nice product."""
REV002539,PH050,Redmi Note 15 Pro,Amazon,"""Superb."""
REV002540,PH050,Redmi Note 15 Pro,Amazon,"""Everything is okay, but the phone gets slightly hot."""
REV002541,PH050,Redmi Note 15 Pro,Amazon,"""eSIM is not available even though specifications mention it."""
REV002542,PH050,Redmi Note 15 Pro,Amazon,"""Ok."""
REV002543,PH050,Redmi Note 15 Pro,Amazon,"""Phone is good for a few days of use. Camera doesn't feel like 200MP. Overall okay."""
REV002544,PH050,Redmi Note 15 Pro,Amazon,"""Very good phone in this price range."""
REV002545,PH050,Redmi Note 15 Pro,Amazon,"""Multiple apps cause the phone to hang. Touch response feels rough. 200MP camera lacks clarity when zooming. Too many unnecessary apps."""
REV002546,PH050,Redmi Note 15 Pro,Amazon,"""Good phone but not the best. UI is not smooth. Sometimes lags. Camera is fine."""
REV002547,PH050,Redmi Note 15 Pro,Amazon,"""Received in good condition. Good performance. Battery lasts more than 24 hours."""
REV002548,PH050,Redmi Note 15 Pro,Amazon,"""Battery consumption is high. Wi-Fi disconnects. SIM tray quality is poor."""
REV002549,PH050,Redmi Note 15 Pro,Amazon,"""Nice mobile."""
REV002550,PH050,Redmi Note 15 Pro,Amazon,"""Phone works properly. Recommended under ₹35k."""
REV002551,PH050,Redmi Note 15 Pro,Amazon,"""Great camera. Good touch response. Good battery. Display resolution is good. SIM tray quality is poor. Price is a little high."""
REV002552,PH050,Redmi Note 15 Pro,Amazon,"""Excellent."""
REV002553,PH050,Redmi Note 15 Pro,Amazon,"""Excellent."""
REV002554,PH050,Redmi Note 15 Pro,Amazon,"""Handy, lightweight, comfortable to use. Very satisfied with the purchase."""
REV002555,PH050,Redmi Note 15 Pro,Amazon,"""Nice mobile."""
REV002556,PH050,Redmi Note 15 Pro,Amazon,"""Nice."""
REV002557,PH050,Redmi Note 15 Pro,Amazon,"""Very bad model. UI is compromised."""
REV002558,PH050,Redmi Note 15 Pro,Amazon,"""Mobile looks and feels like an iPhone. Screen and battery are good. Camera is not like 200MP. No microSD card slot. Price is high."""
REV002559,PH050,Redmi Note 15 Pro,Amazon,"""Best."""
REV002560,PH050,Redmi Note 15 Pro,Amazon,"""Nice phone."""
REV002561,PH050,Redmi Note 15 Pro,Amazon,"""Excellent all-round phone. Great display, battery, performance, build quality, and durability."""
REV002562,PH050,Redmi Note 15 Pro,Amazon,"""Premium feel. Value for money. Eye-catching design."""
REV002563,PH050,Redmi Note 15 Pro,Amazon,"""Worst phone. Hangs easily. Slow charging and fast battery drain."""
REV002564,PH050,Redmi Note 15 Pro,Amazon,"""Works perfectly. Fast delivery."""
REV002565,PH050,Redmi Note 15 Pro,Amazon,"""Worth the price."""
REV002566,PH050,Redmi Note 15 Pro,Amazon,"""Good."""
REV002567,PH050,Redmi Note 15 Pro,Amazon,"""Awesome value for money. Camera quality is best."""
REV002568,PH050,Redmi Note 15 Pro,Amazon,"""Price is high. Camera opens slowly."""
REV002569,PH050,Redmi Note 15 Pro,Amazon,"""Price is high and improvements are less than expected."""
REV002570,PH050,Redmi Note 15 Pro,Amazon,"""Good."""
REV002571,PH050,Redmi Note 15 Pro,Amazon,"""Excellent mobile."""
REV002572,PH050,Redmi Note 15 Pro,Amazon,"""Camera is very poor. Phone becomes very slow after two days."""
REV002573,PH050,Redmi Note 15 Pro,Amazon,"""Poor camera for a ₹30k phone."""
REV002574,PH050,Redmi Note 15 Pro,Amazon,"""Worst product."""
REV002575,PH050,Redmi Note 15 Pro,Amazon,"""Product performance is good, but no headphone jack, no memory card slot, and exchange service is poor."""
REV002576,PH050,Redmi Note 15 Pro,Amazon,"""Nice mobile."""
REV002577,PH050,Redmi Note 15 Pro,Amazon,"""Excellent product. Great build quality, performance, battery backup, no heating, good camera."""
REV002578,PH050,Redmi Note 15 Pro,Amazon,"""Battery life is very low. Camera is okay."""
REV002579,PH050,Redmi Note 15 Pro,Amazon,"""All expected features except NFC. Good 200MP camera, rugged battery, attractive design, IR blaster, Gorilla Glass Victus 2, and hibernation mode."""
REV002580,PH050,Redmi Note 15 Pro,Amazon,"""Very nice performance. Camera is average."""
REV002581,PH050,Redmi Note 15 Pro,Amazon,"""Excellent product. 200MP camera captures detailed photos. Excellent durability and battery life."""
REV002582,PH050,Redmi Note 15 Pro,Amazon,"""Mobile speed is slow. Camera is not good."""
REV002583,PH050,Redmi Note 15 Pro,Amazon,"""Touchscreen behaves improperly due to tempered glass compatibility issues."""
REV002584,PH050,Redmi Note 15 Pro,Amazon,"""Super, but Repair Mode is missing after the OS update."""
REV002585,PH050,Redmi Note 15 Pro,Amazon,"""Camera is decent. Front camera is amazing. Display and battery are top in class. Network is good."""
REV002586,PH050,Redmi Note 15 Pro,Amazon,"""Battery drains quickly despite the large battery."""
REV002587,PH050,Redmi Note 15 Pro,Amazon,"""Outstanding phone. Huge battery backup. Lightweight. AMOLED display. Good storage. Feels great in hand."""
REV002588,PH050,Redmi Note 15 Pro,Amazon,"""Excellent performance. Great camera quality. Long battery life."""
REV002589,PH050,Redmi Note 15 Pro,Amazon,"""Don't buy this mobile. It gets hot frequently. Poor performance. Works very slowly."""
REV002590,PH050,Redmi Note 15 Pro,Amazon,"""Amazing camera experience. Touchscreen is very good. One of the best phones."""
REV002591,PH050,Redmi Note 15 Pro,Amazon,"""Superb device with awesome features."""
REV002592,PH050,Redmi Note 15 Pro,Amazon,"""Not happy with the purchase. Phone hangs and is slow after one week."""
REV002593,PH050,Redmi Note 15 Pro,Amazon,"""Worst phone. Lags a lot. Processor is poor."""
REV002594,PH050,Redmi Note 15 Pro,Amazon,"""Beast in this price segment."""
REV002595,PH050,Redmi Note 15 Pro,Amazon,"""Mobile is good."""
REV002596,PH050,Redmi Note 15 Pro,Amazon,"""Great phone. Slim, lightweight, bright screen, and awesome battery."""
REV002597,PH050,Redmi Note 15 Pro,Amazon,"""Worst phone. Software issues. WhatsApp backup problem. Hanging issues."""
REV002598,PH050,Redmi Note 15 Pro,Amazon,"""Value for money. Great exchange deal. Balanced phone."""
REV002599,PH050,Redmi Note 15 Pro,Amazon,"""Best mid-range phone with premium feel. Great design, durability, battery life, and camera performance."""
REV002600,PH050,Redmi Note 15 Pro,Amazon,"""Best."""
REV002601,PH050,Redmi Note 15 Pro,Amazon,"""Camera is very slow and photo quality is poor. Not suitable for photography or videography."""
REV002602,PH050,Redmi Note 15 Pro,Amazon,"""Excellent product. Beautiful design. Excellent camera, battery, and durability."""
REV002603,PH050,Redmi Note 15 Pro,Amazon,"""Superb model. Great design, build quality, battery backup, natural camera, and smooth processor."""
REV002604,PH051,Oppo A6 5G,Flipkart,"""Nice."""
REV002605,PH051,Oppo A6 5G,Flipkart,"""Good."""
REV002606,PH051,Oppo A6 5G,Flipkart,"""Only the battery is good. The camera is very bad. Overall, it's a very bad phone. The price is too high."""
REV002607,PH051,Oppo A6 5G,Flipkart,"""Started lagging within 2 days."""
REV002608,PH051,Oppo A6 5G,Amazon,"""Good."""
REV002609,PH051,Oppo A6 5G,Amazon,"""Smooth operating mobile with good camera clarity."""
REV002610,PH051,Oppo A6 5G,Amazon,"""Camera quality is bad. Display is good. Heating problem. Dialer is bad."""
REV002611,PH051,Oppo A6 5G,Amazon,"""Speaker not working properly. Very bad voice quality."""
REV002612,PH051,Oppo A6 5G,Amazon,"""Camera quality is very bad."""
REV002613,PH051,Oppo A6 5G,Amazon,"""Nice product. Super camera. Very good. 👍"""
REV002614,PH052,Lava Blaze Duo 3 5G,Amazon,"""Got it for ₹15k. Very nice phone in this range."""
REV002615,PH052,Lava Blaze Duo 3 5G,Amazon,"""Shutting down again and again."""
REV002616,PH052,Lava Blaze Duo 3 5G,Amazon,"""Overall a good product. Lava needs to improve the camera quality. Display and looks are very good. Dual display concept looks nice. Design is awesome. Material and finishing are good. Battery lasts enough. Lava should bring its own UI."""
REV002617,PH052,Lava Blaze Duo 3 5G,Amazon,"""Premium touch. Camera is average, battery is above average, quality and user interface are excellent."""
REV002618,PH052,Lava Blaze Duo 3 5G,Amazon,"""Running very smoothly. Battery backup is excellent. Camera quality is quite good. Value for money."""
REV002619,PH052,Lava Blaze Duo 3 5G,Amazon,"""Don't buy this phone. It is a waste of money. It heats up, hangs after some time, speed becomes slow, and quality is poor."""
REV002620,PH052,Lava Blaze Duo 3 5G,Amazon,"""Clean Android UI. Lightweight. Secondary display. Sound quality is very low. Processor feels slow while browsing. Display is difficult to see in bright sunlight. Cannot do multitasking."""
REV002621,PH052,Lava Blaze Duo 3 5G,Amazon,"""Good looking phone but the price is a bit high. Secondary display is a good idea but needs better software support. Primary display and sound quality are excellent. One-day battery life is possible with moderate usage. Performance can improve with software updates."""
REV002622,PH052,Lava Blaze Duo 3 5G,Amazon,"""Good phone for a decent user. Not for heavy users. UI is simple and clean. Display quality is good."""
REV002623,PH052,Lava Blaze Duo 3 5G,Amazon,"""Better processor and 8GB/256GB variant would have made this phone more attractive. ₹17k for 6GB/128GB is not worth it."""
REV002624,PH052,Lava Blaze Duo 3 5G,Amazon,"""Fully satisfied with it. Recommended it to a friend. Quality control issues may exist in some devices, but that does not make the phone bad."""
REV002625,PH052,Lava Blaze Duo 3 5G,Amazon,"""Very good phone. Nice camera and back display. Best Indian phone under ₹18,000."""
REV002626,PH052,Lava Blaze Duo 3 5G,Amazon,"""Nice looking phone with a secondary display. Runs smoothly for daily use. Bought it for the secondary display. Overall, I am happy."""
REV002627,PH053,Tecno Spark Go 3,Flipkart,"""Value for money, but not fully satisfying. Suitable for basic mobile users."""
REV002628,PH053,Tecno Spark Go 3,Flipkart,"""Skin has white patches, and there is no support."""
REV002629,PH053,Tecno Spark Go 3,Flipkart,"""Don't buy this phone. It's the worst phone and a waste of money."""
REV002630,PH053,Tecno Spark Go 3,Flipkart,"""Very good."""
REV002631,PH053,Tecno Spark Go 3,Flipkart,"""Very poor."""
REV002632,PH053,Tecno Spark Go 3,Amazon,"""Camera quality is average but fine for daily photos. Good for the price."""
REV002633,PH053,Tecno Spark Go 3,Amazon,"""Awesome. Best phone ever at the best price. Battery backup is good."""
REV002634,PH053,Tecno Spark Go 3,Amazon,"""Nice mobile."""
REV002635,PH053,Tecno Spark Go 3,Amazon,"""Value for money product."""
REV002636,PH053,Tecno Spark Go 3,Amazon,"""Good product. Display is very clear and scrolling is smooth. Good phone for daily use."""
REV002637,PH053,Tecno Spark Go 3,Amazon,"""WhatsApp, calling and YouTube all work well. Good phone for normal users."""
REV002638,PH053,Tecno Spark Go 3,Amazon,"""Network connectivity issue. Other handsets work fine at the same place. Sometimes it stops working for a while."""
REV002639,PH053,Tecno Spark Go 3,Amazon,"""Phone performance is very smooth. Perfect for daily use. No issues so far."""
REV002640,PH053,Tecno Spark Go 3,Amazon,"""Setup was simple and the phone started easily. No problems in daily use."""
REV002641,PH053,Tecno Spark Go 3,Amazon,"""The standout feature is its design. It looks similar to the iPhone Air."""
REV002642,PH053,Tecno Spark Go 3,Amazon,"""Design is good and comfortable to hold. Good for normal use."""
REV002643,PH053,Tecno Spark Go 3,Amazon,"""Nice phone with many features and a 5000mAh battery. No bugs, smooth interface. Recommended under ₹10,000."""
REV002644,PH053,Tecno Spark Go 3,Amazon,"""Camera quality is average but fine for daily photos. Good phone for the price."""
REV002645,PH053,Tecno Spark Go 3,Amazon,"""Call quality is clear even in noisy areas."""
REV002646,PH053,Tecno Spark Go 3,Amazon,"""The phone stays cool with only minimal temperature rise, making it comfortable for long use."""
REV002647,PH053,Tecno Spark Go 3,Amazon,"""Big screen is great for watching movies."""
REV002648,PH053,Tecno Spark Go 3,Amazon,"""Phone does not heat up and apps run smoothly. Positive experience so far."""
REV002649,PH053,Tecno Spark Go 3,Amazon,"""Best option for hardworking users."""
REV002650,PH053,Tecno Spark Go 3,Amazon,"""Battery easily lasts the whole day. Good for normal usage."""
REV002651,PH053,Tecno Spark Go 3,Amazon,"""Battery easily lasts the whole day."""
REV002652,PH053,Tecno Spark Go 3,Amazon,"""Best smartphone in this price segment."""
REV002653,PH053,Tecno Spark Go 3,Amazon,"""Completely value for money."""
REV002654,PH053,Tecno Spark Go 3,Amazon,"""Looks and feels more expensive than its actual price."""
REV002655,PH053,Tecno Spark Go 3,Amazon,"""Nice product. Best camera phone."""
REV002656,PH053,Tecno Spark Go 3,Amazon,"""Nice battery backup. One-day backup. Overall nice phone."""
REV002657,PH053,Tecno Spark Go 3,Amazon,"""Rough and tough phone."""
REV002658,PH053,Tecno Spark Go 3,Amazon,"""Excellent display."""
REV002659,PH053,Tecno Spark Go 3,Amazon,"""Good phone."""
REV002660,PH053,Tecno Spark Go 3,Amazon,"""Very slow phone. Brightness dims automatically. YouTube like button does not work. Needs an update."""
REV002661,PH053,Tecno Spark Go 3,Amazon,"""Speaker sound is loud and clear. Song sound is very clear."""
REV002662,PH053,Tecno Spark Go 3,Amazon,"""Battery easily lasts the whole day. No need to charge again and again."""
REV002663,PH053,Tecno Spark Go 3,Amazon,"""Top quality device. Amazing. Value for money."""
REV002664,PH053,Tecno Spark Go 3,Amazon,"""Phone design looks very premium in hand."""
REV002665,PH053,Tecno Spark Go 3,Amazon,"""AI image generator is fun to use."""
REV002666,PH053,Tecno Spark Go 3,Amazon,"""Battery performance is stable and charging speed is good."""
REV002667,PH053,Tecno Spark Go 3,Amazon,"""AI Flash Snap captures moving objects clearly."""
REV002668,PH053,Tecno Spark Go 3,Amazon,"""Touch works properly even with wet hands."""
REV002669,PH053,Tecno Spark Go 3,Amazon,"""Screen brightness is good even outdoors."""
REV002670,PH053,Tecno Spark Go 3,Amazon,"""Very nice phone. Performance is smooth. Great for daily use. No issues so far."""
REV002671,PH053,Tecno Spark Go 3,Amazon,"""Excellent phone with good battery backup."""
REV002672,PH053,Tecno Spark Go 3,Amazon,"""120Hz screen makes scrolling super smooth."""
REV002673,PH053,Tecno Spark Go 3,Amazon,"""Outdoor booster is very helpful in sunlight."""
REV002674,PH053,Tecno Spark Go 3,Amazon,"""Low-cost and stylish. Slim, tall and lightweight. Comfortable to hold."""
REV002675,PH053,Tecno Spark Go 3,Amazon,"""AI Photo Solve feature is great for kids' homework."""
REV002676,PH053,Tecno Spark Go 3,Amazon,"""Drop resistance feature gives peace of mind."""
REV002677,PH053,Tecno Spark Go 3,Amazon,"""Design is very good. Comfortable in hand. Good for normal use."""
REV002678,PH053,Tecno Spark Go 3,Amazon,"""Speaker sound is loud and clear."""
REV002679,PH053,Tecno Spark Go 3,Amazon,"""Flash Call feature feels innovative."""
REV002680,PH053,Tecno Spark Go 3,Amazon,"""Network reception is good. No call drop issues."""
REV002681,PH053,Tecno Spark Go 3,Amazon,"""File transfer works without mobile data. Very useful."""
REV002682,PH053,Tecno Spark Go 3,Amazon,"""Camera quality is good for the price."""
REV002683,PH053,Tecno Spark Go 3,Amazon,"""Watching videos on the big display is enjoyable."""
REV002684,PH053,Tecno Spark Go 3,Amazon,"""AI Noise Cancellation actually works."""
REV002685,PH053,Tecno Spark Go 3,Amazon,"""Free Link feature allows sending messages without network."""
REV002686,PH053,Tecno Spark Go 3,Amazon,"""AI Eraser can remove unwanted objects from photos."""
REV002687,PH053,Tecno Spark Go 3,Amazon,"""Build quality feels strong and durable."""
REV002688,PH053,Tecno Spark Go 3,Amazon,"""Good network reception even in crowded areas."""
REV002689,PH053,Tecno Spark Go 3,Amazon,"""Document scan feature is very handy."""
REV002690,PH053,Tecno Spark Go 3,Amazon,"""WhatsApp, calling and YouTube all work well. Good phone for normal users."""
REV002691,PH053,Tecno Spark Go 3,Amazon,"""Song identification feature is useful at parties."""
REV002692,PH053,Tecno Spark Go 3,Amazon,"""Carrier aggregation improves browsing."""
REV002693,PH053,Tecno Spark Go 3,Amazon,"""Tecno Spark Go 3 is a pocket-friendly budget phone."""
REV002694,PH053,Tecno Spark Go 3,Amazon,"""Display is clear and scrolling is smooth. Good video watching experience."""
REV002695,PH053,Tecno Spark Go 3,Amazon,"""Perfect phone for delivery partners and field workers."""
REV002696,PH053,Tecno Spark Go 3,Amazon,"""Good."""
REV002697,PH053,Tecno Spark Go 3,Amazon,"""Wrong item. Too much late and no answer from the seller."""
REV002698,PH054,Samsung Galaxy A07 5G,Flipkart,"""overall good"""
REV002699,PH054,Samsung Galaxy A07 5G,Flipkart,"""okay"""
REV002700,PH054,Samsung Galaxy A07 5G,Amazon,"""Very nice phone."""
REV002701,PH054,Samsung Galaxy A07 5G,Amazon,"""Excellent mobile."""
REV002702,PH054,Samsung Galaxy A07 5G,Amazon,"""Good camera, good RAM, and fast 5G network."""
REV002703,PH054,Samsung Galaxy A07 5G,Amazon,"""Very nice mobile for users who want something simple and practical."""
REV002704,PH054,Samsung Galaxy A07 5G,Amazon,"""The phone looks good but did not meet expectations. The listing mentioned a dedicated 3-in-1 SIM + microSD tray, but the device has a shared SIM tray."""
REV002705,PH054,Samsung Galaxy A07 5G,Amazon,"""Very good phone."""
REV002706,PH054,Samsung Galaxy A07 5G,Amazon,"""Good performance and a good camera."""
REV002707,PH054,Samsung Galaxy A07 5G,Amazon,"""Don't purchase Samsung smartphones."""
REV002708,PH054,Samsung Galaxy A07 5G,Amazon,"""Good phone, but the battery is not very good."""
REV002709,PH054,Samsung Galaxy A07 5G,Amazon,"""Best phone at this price. Camera: 4.2/5. Looks: 4.4/5. Battery: 4.4/5. No heating: 4.3/5. RAM: 4.2/5."""
REV002710,PH054,Samsung Galaxy A07 5G,Amazon,"""Good."""
REV002711,PH054,Samsung Galaxy A07 5G,Amazon,"""Not working properly."""
REV002712,PH054,Samsung Galaxy A07 5G,Amazon,"""The first delivery associate behaved very unprofessionally. The second one was okay."""
REV002713,PH054,Samsung Galaxy A07 5G,Amazon,"""Very good phone for this price. Camera quality is very good."""
REV002714,PH054,Samsung Galaxy A07 5G,Amazon,"""My old phone was working well. The reason for rejecting it during exchange was not explained properly. Highly condemnable."""
REV002715,PH054,Samsung Galaxy A07 5G,Amazon,"""There is a little lag, but the phone is good overall. It is about ₹2,000 overpriced. The camera is okay but could be better. The phone is heavy at around 200g, though it looks good."""
REV002716,PH055,Poco M8,Flipkart,"""For general usage, it is decent enough for daily tasks with no lag. Android 16 HyperOS 3 update arrived on April 1. Smooth performance. Compared to my POCO M7 Pro, the POCO M8 feels better."""
REV002717,PH055,Poco M8,Flipkart,"""Excellent product."""
REV002718,PH055,Poco M8,Flipkart,"""The 50MP rear camera performs well in daylight and the selfie camera captures detailed photos. The Snapdragon 6 Gen 3 processor handles daily tasks smoothly."""
REV002719,PH055,Poco M8,Flipkart,"""Awesome 😎."""
REV002720,PH055,Poco M8,Flipkart,"""I received the phone within one day of ordering from Flipkart. Packaging was secure, delivery was smooth, and the phone has been great to use."""
REV002721,PH055,Poco M8,Flipkart,"""Very nice design."""
REV002722,PH055,Poco M8,Flipkart,"""Very disappointed with the camera. Limited features and poor quality."""
REV002723,PH055,Poco M8,Flipkart,"""Overall a balanced phone. Camera is good for the price, but battery backup needs improvement."""
REV002724,PH055,Poco M8,Flipkart,"""Poor sound quality and low outdoor display brightness."""
REV002725,PH055,Poco M8,Flipkart,"""Nice mobile in this price range. Thanks POCO and Flipkart for fast delivery."""
REV002726,PH055,Poco M8,Flipkart,"""Good budget phone with 4 years of Android updates and 6 years of security updates."""
REV002727,PH055,Poco M8,Flipkart,"""Best budget phone. Love it ❤."""
REV002728,PH055,Poco M8,Flipkart,"""Okay."""
REV002729,PH055,Poco M8,Flipkart,"""Good mobile. Good display, good sound quality, slim design, and budget-friendly."""
REV002730,PH055,Poco M8,Flipkart,"""Value for money."""
REV002731,PH055,Poco M8,Flipkart,"""Super."""
REV002732,PH055,Poco M8,Flipkart,"""Good mobile."""
REV002733,PH055,Poco M8,Flipkart,"""Super slim and lightweight with excellent in-hand feel. Camera is below average, but the display is nice."""
REV002734,PH055,Poco M8,Flipkart,"""Best-in-segment performance, design, and display ❤️."""
REV002735,PH055,Poco M8,Flipkart,"""So far the mobile is excellent. Nice design, good performance, good battery backup, and good camera."""
REV002736,PH055,Poco M8,Flipkart,"""Nice product."""
REV002737,PH055,Poco M8,Flipkart,"""Good quality product."""
REV002738,PH055,Poco M8,Flipkart,"""Super."""
REV002739,PH055,Poco M8,Flipkart,"""Nice."""
REV002740,PH055,Poco M8,Flipkart,"""Excellent for daily use but not for heavy usage. Camera is average."""
REV002741,PH055,Poco M8,Flipkart,"""Phone started hanging after 10 days."""
REV002742,PH055,Poco M8,Flipkart,"""Nice."""
REV002743,PH055,Poco M8,Flipkart,"""Excellent camera with natural daylight photos and amazing night shots. Battery backup is very good. Complete value for money."""
REV002744,PH055,Poco M8,Flipkart,"""Very lightweight with excellent in-hand feel. IP66 dust and water resistance and a great display."""
REV002745,PH055,Poco M8,Flipkart,"""POCO M8 offers Snapdragon 6 Gen 3, 5520mAh battery, 45W charging, and a 120Hz AMOLED display. Great value for money."""
REV002746,PH055,Poco M8,Flipkart,"""Phone started hanging after 10 days."""
REV002747,PH055,Poco M8,Flipkart,"""I like the curved display and camera quality 😍. Some battery drain issues, but overall budget-friendly."""
REV002748,PH055,Poco M8,Flipkart,"""Performance, camera, and battery are awesome ⚡⚡."""
REV002749,PH055,Poco M8,Flipkart,"""Mid-range king 💥. Camera 9.5/10. Battery 9.5/10. Charging speed should be faster—65W would have been better."""
REV002750,PH055,Poco M8,Flipkart,"""Battery backup problem."""
REV002751,PH055,Poco M8,Flipkart,"""Best phone in this budget."""
REV002752,PH055,Poco M8,Flipkart,"""Battery is dead. Phone becomes slow."""
REV002753,PH055,Poco M8,Flipkart,"""Worth it and an excellent product. Lightweight and comfortable to hold for long periods."""
REV002754,PH055,Poco M8,Flipkart,"""Very good performance."""
REV002755,PH055,Poco M8,Flipkart,"""The phone is perfect, but the gaming voice changer feature is not available."""
REV002756,PH055,Poco M8,Flipkart,"""Phone automatically wakes up while kept in the pocket."""
REV002757,PH055,Poco M8,Flipkart,"""Okay, good mobile."""
REV002758,PH055,Poco M8,Flipkart,"""A professional mobile at a cheap price."""
REV002759,PH055,Poco M8,Flipkart,"""Wonderful."""
REV002760,PH055,Poco M8,Flipkart,"""Best product."""
REV002761,PH055,Poco M8,Flipkart,"""Nice."""
REV002762,PH055,Poco M8,Flipkart,"""Good camera quality."""
REV002763,PH055,Poco M8,Flipkart,"""Display is awesome."""
REV002764,PH055,Poco M8,Flipkart,"""Performance is smooth."""
REV002765,PH055,Poco M8,Flipkart,"""Battery backup is good."""
REV002766,PH055,Poco M8,Flipkart,"""Worth buying."""
REV002767,PH055,Poco M8,Flipkart,"""Value for money."""
REV002768,PH055,Poco M8,Flipkart,"""Excellent phone."""
REV002769,PH055,Poco M8,Flipkart,"""Superb phone."""
REV002770,PH055,Poco M8,Flipkart,"""Good."""
REV002771,PH055,Poco M8,Flipkart,"""Very nice phone. I am very happy. Display is very nice."""
REV002772,PH055,Poco M8,Flipkart,"""Really nice."""
REV002773,PH055,Poco M8,Flipkart,"""Wonderful."""
REV002774,PH055,Poco M8,Flipkart,"""Nice phone."""
REV002775,PH055,Poco M8,Flipkart,"""Good product."""
REV002776,PH055,Poco M8,Flipkart,"""Excellent."""
REV002777,PH055,Poco M8,Flipkart,"""Superb."""
REV002778,PH055,Poco M8,Flipkart,"""Best in this price."""
REV002779,PH055,Poco M8,Flipkart,"""Awesome mobile."""
REV002780,PH055,Poco M8,Flipkart,"""Nice design."""
REV002781,PH055,Poco M8,Flipkart,"""Worth every penny."""
REV002782,PH055,Poco M8,Flipkart,"""Excellent camera."""
REV002783,PH055,Poco M8,Flipkart,"""Good battery backup."""
REV002784,PH055,Poco M8,Flipkart,"""Smooth performance."""
REV002785,PH055,Poco M8,Flipkart,"""Premium look."""
REV002786,PH055,Poco M8,Flipkart,"""Happy with the purchase."""
REV002787,PH055,Poco M8,Flipkart,"""Good choice."""
REV002788,PH055,Poco M8,Flipkart,"""Amazing phone."""
REV002789,PH055,Poco M8,Flipkart,"""Loved it."""
REV002790,PH055,Poco M8,Flipkart,"""Nice display."""
REV002791,PH055,Poco M8,Flipkart,"""Fast charging is good."""
REV002792,PH055,Poco M8,Flipkart,"""Curved display is beautiful."""
REV002793,PH055,Poco M8,Flipkart,"""Overall excellent."""
REV002794,PH055,Poco M8,Flipkart,"""Satisfied."""
REV002795,PH055,Poco M8,Flipkart,"""Best budget phone."""
REV002796,PH055,Poco M8,Flipkart,"""Nice build quality."""
REV002797,PH055,Poco M8,Flipkart,"""Excellent value for money."""
REV002798,PH055,Poco M8,Flipkart,"""Good performance."""
REV002799,PH055,Poco M8,Flipkart,"""Nice product."""
REV002800,PH055,Poco M8,Flipkart,"""Super phone."""
REV002801,PH055,Poco M8,Flipkart,"""Very good."""
REV002802,PH055,Poco M8,Flipkart,"""Wonderful."""
REV002803,PH055,Poco M8,Flipkart,"""Amazing display."""
REV002804,PH055,Poco M8,Flipkart,"""Excellent performance."""
REV002805,PH055,Poco M8,Flipkart,"""Good camera."""
REV002806,PH055,Poco M8,Flipkart,"""Best purchase."""
REV002807,PH055,Poco M8,Flipkart,"""Happy."""
REV002808,PH055,Poco M8,Flipkart,"""Superb quality."""
REV002809,PH055,Poco M8,Flipkart,"""Excellent battery."""
REV002810,PH055,Poco M8,Flipkart,"""Great phone."""
REV002811,PH055,Poco M8,Flipkart,"""Nice experience."""
REV002812,PH055,Poco M8,Flipkart,"""Very satisfied."""
REV002813,PH055,Poco M8,Flipkart,"""Best mobile."""
REV002814,PH055,Poco M8,Flipkart,"""Good quality."""
REV002815,PH055,Poco M8,Flipkart,"""Excellent choice."""
REV002816,PH055,Poco M8,Flipkart,"""Loved the phone."""
REV002817,PH055,Poco M8,Flipkart,"""Awesome experience."""
REV002818,PH055,Poco M8,Flipkart,"""Good budget phone."""
REV002819,PH055,Poco M8,Flipkart,"""Nice phone."""
REV002820,PH055,Poco M8,Flipkart,"""Wonderful."""
REV002821,PH055,Poco M8,Amazon,"""I purchased it on 30 March. It's working excellent. Camera quality is good. It gets a little warm after 3–4 hours of continuous use, which is normal. Display is good. Battery life is okay. Easy to use."""
REV002822,PH055,Poco M8,Amazon,"""Mobile looks premium, is lightweight, has a very good display, decent camera, and good battery life for normal usage. Value for money."""
REV002823,PH055,Poco M8,Amazon,"""Simply superb phone under this budget."""
REV002824,PH055,Poco M8,Amazon,"""Exchange value was not applied by the delivery person. Battery charges fast but also drains fast. Overall, buying through Amazon felt risky."""
REV002825,PH055,Poco M8,Amazon,"""Dual camera is not available. Double-tap to turn off the screen is missing. Phone heats up after continuous use. Battery life is average. Display is good. Camera quality is good. Phone has not lagged yet."""
REV002826,PH055,Poco M8,Amazon,"""So bad. Heating issue, slow charging, and no return option."""
REV002827,PH055,Poco M8,Amazon,"""Best budget phone with the latest features."""
REV002828,PH055,Poco M8,Amazon,"""I've been using it for nearly a month. Comes with Android 15 and already received Android 16. Looks good, but the OS is not up to Samsung's standard. Lots of preinstalled apps. Biggest drawback is battery drain. Camera performs well in sunlight."""
REV002829,PH055,Poco M8,Amazon,"""I like the processor and design. The only disappointment is the curved display and average camera."""
REV002830,PH055,Poco M8,Amazon,"""Phone performance is good. Back camera makes photos look too white. Front camera is good. Overall excellent except for the camera."""
REV002831,PH055,Poco M8,Amazon,"""Value for money phone."""
REV002832,PH055,Poco M8,Amazon,"""Good."""
REV002833,PH055,Poco M8,Amazon,"""The specifications matched my needs and budget. Performance is good, though scrolling feels slightly slow."""
REV002834,PH055,Poco M8,Amazon,"""Camera quality is very bad. Otherwise, the phone is good."""
REV002835,PH055,Poco M8,Amazon,"""Phone is good, but the exchange offer is just for namesake."""
REV002836,PH055,Poco M8,Amazon,"""Good."""
REV002837,PH055,Poco M8,Amazon,"""Amazing phone. Performance and battery life are excellent."""
REV002838,PH055,Poco M8,Amazon,"""Perfect mobile, only the price is high."""
REV002839,PH055,Poco M8,Amazon,"""Budget-friendly, but apps like YouTube, Amazon, and Flipkart don't support the 120Hz refresh rate."""
REV002840,PH055,Poco M8,Amazon,"""Budget-friendly with a nice display. Sometimes has heating issues."""
REV002841,PH055,Poco M8,Amazon,"""Very thin and lightweight curved phone. Fast charging. HyperOS 3.0 is amazing."""
REV002842,PH055,Poco M8,Amazon,"""Good phone."""
REV002843,PH055,Poco M8,Amazon,"""Nice product."""
REV002844,PH055,Poco M8,Amazon,"""Good."""
REV002845,PH055,Poco M8,Amazon,"""Excellent mobile. Only a slight issue with the camera."""
REV002846,PH055,Poco M8,Amazon,"""Value for money."""
REV002847,PH055,Poco M8,Amazon,"""Good value-for-money phone."""
REV002848,PH055,Poco M8,Amazon,"""Very good phone."""
REV002849,PH055,Poco M8,Amazon,"""Good. Camera 8/10. Display 9/10. Brightness 10/10. Sound 7/10. Battery 8/10. Battery drains a bit fast. Charging is slightly slow. Not meant for gaming."""
REV002850,PH055,Poco M8,Amazon,"""I received a sealed-box phone and faced no issues. Seller service was very good."""
REV002851,PH055,Poco M8,Amazon,"""Amazing mobile phone. Thanks Amazon for the best exchange offer."""
REV002852,PH055,Poco M8,Amazon,"""Good quality, nice battery backup, slim phone."""
REV002853,PH055,Poco M8,Amazon,"""Battery life is good."""
REV002854,PH055,Poco M8,Amazon,"""Battery drains fast. Overall battery life is not good."""
REV002855,PH055,Poco M8,Amazon,"""Handy, lightweight, slim, with good battery and good speed for the price."""
REV002856,PH055,Poco M8,Amazon,"""Very good smartphone. Will receive four major Android updates. Hardware is good."""
REV002857,PH055,Poco M8,Amazon,"""Good quality mobile phone at this price."""
REV002858,PH055,Poco M8,Amazon,"""Product is good."""
REV002859,PH055,Poco M8,Amazon,"""Battery life is very poor. Camera is useless. Only the display and 5G are positives. Software feels slow."""
REV002860,PH055,Poco M8,Amazon,"""Awesome offer. Product quality is good. Value for money."""
REV002861,PH055,Poco M8,Amazon,"""Okay."""
REV002862,PH055,Poco M8,Amazon,"""Good specification handset with lots of features."""
REV002863,PH055,Poco M8,Amazon,"""Battery is not good. Display reflections are annoying. Network coverage is weak. Camera lens scratches easily. Not satisfied."""
REV002864,PH055,Poco M8,Amazon,"""Good."""
REV002865,PH055,Poco M8,Amazon,"""Good product."""
REV002866,PH055,Poco M8,Amazon,"""Another masterpiece from Redmi. Battery backup is moderate. Phone is very smooth and looks premium."""
REV002867,PH055,Poco M8,Amazon,"""Nice."""
REV002868,PH055,Poco M8,Amazon,"""I received a completely dead POCO M8 that would not switch on. Very poor experience."""
REV002869,PH055,Poco M8,Amazon,"""Nice product, but slightly expensive."""
REV002870,PH055,Poco M8,Amazon,"""Delivery process was poor, though the product was good."""
REV002871,PH055,Poco M8,Amazon,"""Sleek phone with smooth overall performance, decent speakers, and a good camera."""
REV002872,PH055,Poco M8,Amazon,"""The handset hangs frequently. Many apps do not work properly. Not satisfied. Not recommended."""
REV002873,PH055,Poco M8,Amazon,"""Bekar phone hai."""
REV002874,PH055,Poco M8,Amazon,"""Very bad touchscreen. Don't buy. Touch stopped working the very next day."""
REV002875,PH055,Poco M8,Amazon,"""Not good. It hangs sometimes and struggles with multitasking."""
REV002876,PH055,Poco M8,Amazon,"""Worst mobile in my opinion."""
REV002877,PH055,Poco M8,Amazon,"""Too much bloatware. Heating issue is present. Charging takes too long."""
REV002878,PH055,Poco M8,Amazon,"""Very good-looking phone but poor performance. Instagram lags badly."""
REV002879,PH055,Poco M8,Amazon,"""Very disappointing exchange delivery experience."""
REV002880,PH055,Poco M8,Amazon,"""Amazing camera. I am very happy."""
REV002881,PH055,Poco M8,Amazon,"""Battery life is good. Value for money. Speed is excellent for this segment. Build quality is average, but the display and in-hand feel are awesome."""
REV002882,PH056,Redmi Note 15,Flipkart,"""Good product but overpriced."""
REV002883,PH056,Redmi Note 15,Flipkart,"""Good product."""
REV002884,PH056,Redmi Note 15,Flipkart,"""Good."""
REV002885,PH056,Redmi Note 15,Flipkart,"""Good product."""
REV002886,PH056,Redmi Note 15,Flipkart,"""Good. Lightweight."""
REV002887,PH056,Redmi Note 15,Flipkart,"""Camera is above average for the ₹20K segment. Design is superb."""
REV002888,PH056,Redmi Note 15,Flipkart,"""Super good mobile."""
REV002889,PH056,Redmi Note 15,Flipkart,"""Pure gold for a mid-range device. Loving it 🥰."""
REV002890,PH056,Redmi Note 15,Flipkart,"""Super quality and very good camera performance."""
REV002891,PH056,Redmi Note 15,Flipkart,"""Very good 😊."""
REV002892,PH056,Redmi Note 15,Flipkart,"""Good."""
REV002893,PH056,Redmi Note 15,Flipkart,"""Good so far."""
REV002894,PH056,Redmi Note 15,Flipkart,"""Very good product. Worth it."""
REV002895,PH056,Redmi Note 15,Flipkart,"""Nice product."""
REV002896,PH056,Redmi Note 15,Flipkart,"""Everything is fine!"""
REV002897,PH056,Redmi Note 15,Flipkart,"""I am fully satisfied. Best phone in the lower budget segment."""
REV002898,PH056,Redmi Note 15,Flipkart,"""Nice."""
REV002899,PH056,Redmi Note 15,Flipkart,"""Wonderful mobile."""
REV002900,PH056,Redmi Note 15,Flipkart,"""Received in very good condition."""
REV002901,PH056,Redmi Note 15,Flipkart,"""Very good at this price."""
REV002902,PH056,Redmi Note 15,Flipkart,"""I am very, very happy."""
REV002903,PH056,Redmi Note 15,Flipkart,"""Thank you, Flipkart."""
REV002904,PH056,Redmi Note 15,Amazon,"""It's a masterclass in balancing premium aesthetics with rugged durability."""
REV002905,PH056,Redmi Note 15,Amazon,"""The phone is good. Slim and sleek. Value for money if you are exchanging your old device. Charging speed is good. Camera quality is good. Easy to set up."""
REV002906,PH056,Redmi Note 15,Amazon,"""I’ve been using the Redmi Note 15 5G as my daily driver, and over time it stops feeling like just another phone and starts feeling like part of my routine."""
REV002907,PH056,Redmi Note 15,Amazon,"""This review is after using the phone for two weeks and I am very satisfied with it. The display is crisp and clear even in sunlight. Sound quality is very good, but the 108MP camera is not as sharp as expected, especially when zooming. Video quality is excellent with 4K 30fps support. Battery lasts around 1.5 days with heavy usage. No heating or hanging issues even with multiple apps. Overall, value for money."""
REV002908,PH056,Redmi Note 15,Amazon,"""Product was good and functioning properly with a good camera, but within 10 days green pixel dots appeared on the screen, indicating a possible display or motherboard issue."""
REV002909,PH056,Redmi Note 15,Amazon,"""Good phone for normal users other than gaming. Value for money."""
REV002910,PH056,Redmi Note 15,Amazon,"""Lightweight, slim, good camera, good sound quality, decent price, and value for money. Charging is not very fast but acceptable. No heating so far, though the phone sometimes hangs or responds slowly."""
REV002911,PH056,Redmi Note 15,Amazon,"""Good display and speakers. Charging speed is moderate. Suitable for medium usage but not heavy performance. Calls, video clarity, camera, speakers, and display are overall good."""
REV002912,PH056,Redmi Note 15,Amazon,"""The phone heats up while charging, especially on the first day. It becomes difficult to take calls during charging because of the heat. Software is outdated, HRMS files do not open, and the camera quality is poor with unclear rear photos."""
REV002913,PH056,Redmi Note 15,Amazon,"""Great looks and curved display, but performance is disappointing."""
REV002914,PH056,Redmi Note 15,Amazon,"""Good quality."""
REV002915,PH056,Redmi Note 15,Amazon,"""Device gets hot after some usage. Other than that, everything is good."""
REV002916,PH056,Redmi Note 15,Amazon,"""Nice phone."""
REV002917,PH056,Redmi Note 15,Amazon,"""Not so great but okay."""
REV002918,PH056,Redmi Note 15,Amazon,"""Good phone."""
REV002919,PH056,Redmi Note 15,Amazon,"""Good phone for the price."""
REV002920,PH056,Redmi Note 15,Amazon,"""Ok."""
REV002921,PH056,Redmi Note 15,Amazon,"""Good."""
REV002922,PH056,Redmi Note 15,Amazon,"""Camera is not up to the mark and did not meet my expectations. Everything else is okay for the price."""
REV002923,PH056,Redmi Note 15,Amazon,"""I upgraded from the Redmi Note 11 Pro. Camera is good, but the phone started hanging on the second day."""
REV002924,PH056,Redmi Note 15,Amazon,"""Mobile is working very well, but there is an issue with the screen protector provided."""
REV002925,PH056,Redmi Note 15,Amazon,"""Best."""
REV002926,PH056,Redmi Note 15,Amazon,"""Good."""
REV002927,PH056,Redmi Note 15,Amazon,"""Rear camera is good, front camera is average. Sound quality is excellent, processor performs well, screen is large, fingerprint reader is good, and overall it is value for money."""
REV002928,PH056,Redmi Note 15,Amazon,"""Good phone for the price. Benchmark scores are lower than competing phones, although the camera is better."""
REV002929,PH056,Redmi Note 15,Amazon,"""The phone is okay for the price. Lightweight, but heats up during heavy usage. Camera is average, charging speed is okay, sound output is good, and there is no lag so far."""
REV002930,PH056,Redmi Note 15,Amazon,"""Too costly for the features."""
REV002931,PH056,Redmi Note 15,Amazon,"""The product may be fine, but Amazon incorrectly mentioned eSIM support. The phone does not support eSIM."""
REV002932,PH056,Redmi Note 15,Amazon,"""Mobile is decent. Camera and battery are good. The only issue is that the display turns black for a few seconds in bright sunlight."""
REV002933,PH056,Redmi Note 15,Amazon,"""The phone is very good, but the volume automatically becomes very low."""
REV002934,PH056,Redmi Note 15,Amazon,"""Purchased an iron box disguised as a mobile."""
REV002935,PH056,Redmi Note 15,Amazon,"""Not suitable for listening to music. Sound system is poor."""
REV002936,PH056,Redmi Note 15,Amazon,"""It's very slim and user-friendly. Quite happy with the mobile."""
REV002937,PH056,Redmi Note 15,Amazon,"""This site is trustworthy and the product quality is superb."""
REV002938,PH056,Redmi Note 15,Amazon,"""The phone is lightweight, easy to handle, and has an amazing design. However, the battery drains quickly on 5G and the camera quality could be better."""
REV002939,PH056,Redmi Note 15,Amazon,"""Best."""
REV002940,PH056,Redmi Note 15,Amazon,"""Good quality, features, and performance. Value for money."""
REV002941,PH056,Redmi Note 15,Amazon,"""Superb picture quality."""
REV002942,PH056,Redmi Note 15,Amazon,"""Good mobile."""
REV002943,PH056,Redmi Note 15,Amazon,"""Very good mobile."""
REV002944,PH056,Redmi Note 15,Amazon,"""Good."""
REV002945,PH056,Redmi Note 15,Amazon,"""I am not satisfied with the battery. Everything else is good."""
REV002946,PH056,Redmi Note 15,Amazon,"""Very nice."""
REV002947,PH056,Redmi Note 15,Amazon,"""Looks stylish and modern. Performance is good, but charging speed is slower than expected."""
REV002948,PH056,Redmi Note 15,Amazon,"""The phone is lightweight, slim, and looks premium. The AMOLED display is excellent, the rear camera performs well even in low light, there are no heating issues, and the battery lasts more than a day with moderate use."""
REV002949,PH056,Redmi Note 15,Amazon,"""Camera quality is poor for this price, and battery performance became worse after the update."""
REV002950,PH056,Redmi Note 15,Amazon,"""Very nice product. Value for money."""
REV002951,PH056,Redmi Note 15,Amazon,"""Received on time and the product was in good condition."""
REV002952,PH056,Redmi Note 15,Amazon,"""The product is awesome. Sleek, well-designed, and hassle-free. The only issue is that the SIM ejector tool was missing."""
REV002953,PH056,Redmi Note 15,Amazon,"""The product is very good and affordable."""
REV002954,PH056,Redmi Note 15,Amazon,"""Excellent features. Very nice product."""
REV002955,PH056,Redmi Note 15,Amazon,"""Great phone. Battery still has some issues, but performance is excellent."""
REV002956,PH056,Redmi Note 15,Amazon,"""Good product."""
REV002957,PH056,Redmi Note 15,Amazon,"""Not worth the price. There are better options available in this price range."""
REV002958,PH056,Redmi Note 15,Amazon,"""Happy with the phone and the service."""
REV002959,PH056,Redmi Note 15,Amazon,"""Nice product."""
REV002960,PH056,Redmi Note 15,Amazon,"""Amazing product. Value for money."""
REV002961,PH056,Redmi Note 15,Amazon,"""The Redmi Note 15 5G is very slim and easy to handle. Camera performs very well in daylight, though the selfie camera is only average."""
REV002962,PH056,Redmi Note 15,Amazon,"""Redmi never disappoints."""
REV002963,PH056,Redmi Note 15,Amazon,"""Lightweight and nice, but battery needs improvement."""
REV002964,PH056,Redmi Note 15,Amazon,"""Very nice smartphone."""
REV002965,PH056,Redmi Note 15,Amazon,"""Value for money phone from Xiaomi. Display is awesome, camera quality is good, and it looks and feels premium."""
REV002966,PH056,Redmi Note 15,Amazon,"""Not up to the expectations of a Redmi Note phone, especially in terms of camera."""
REV002967,PH056,Redmi Note 15,Amazon,"""Very nice mobile. Slim and lightweight."""
REV002968,PH056,Redmi Note 15,Amazon,"""The phone is nice, but Amazon delivery was poor."""
REV002969,PH056,Redmi Note 15,Amazon,"""Everything except the battery and touch screen is okay."""
REV002970,PH056,Redmi Note 15,Amazon,"""A bit costly compared to other products in the same category, but the quality is good."""
REV002971,PH056,Redmi Note 15,Amazon,"""Very good."""
REV002972,PH056,Redmi Note 15,Amazon,"""The device looks good and is very lightweight. There is no dedicated microSD card slot."""
REV002973,PH056,Redmi Note 15,Amazon,"""The display and processor are the highlights. Camera is just above average."""
REV002974,PH056,Redmi Note 15,Amazon,"""Everything is great at this budget."""
REV002975,PH056,Redmi Note 15,Amazon,"""Overall good, but the camera could have been better."""
REV002976,PH056,Redmi Note 15,Amazon,"""Good."""
REV002977,PH056,Redmi Note 15,Amazon,"""Nice phone. Very slim."""
REV002978,PH056,Redmi Note 15,Amazon,"""I’ve been using the Redmi Note 15 for a while now, and I’m extremely satisfied with its performance and overall experience."""
REV002979,PH056,Redmi Note 15,Amazon,"""Value for money and recommended."""
REV002980,PH056,Redmi Note 15,Amazon,"""Good."""
REV002981,PH056,Redmi Note 15,Amazon,"""So far no problems. It's a good phone."""
REV002982,PH056,Redmi Note 15,Amazon,"""Camera is not good."""
REV002983,PH056,Redmi Note 15,Amazon,"""Very slim and sleek mobile. Performance is okay but not the best in this price range. The worst part is the sound."""
REV002984,PH056,Redmi Note 15,Amazon,"""Very good product. Slim and lightweight."""
REV002985,PH056,Redmi Note 15,Amazon,"""Front selfie camera is decent, battery does not last a full day, but the phone does not hang."""
REV002986,PH056,Redmi Note 15,Amazon,"""Camera quality deserves 3 stars. Everything else is good."""
REV002987,PH056,Redmi Note 15,Amazon,"""Excellent product with excellent performance."""
REV002988,PH056,Redmi Note 15,Amazon,"""I am very happy with the Redmi Note 15. The display is bright and smooth, performance is fast with no lag in normal use, the camera is very good in daylight, and the battery easily lasts a full day. Value for money."""
REV002989,PH056,Redmi Note 15,Amazon,"""The phone feels overpriced considering its features, though the build quality is good."""
REV002990,PH056,Redmi Note 15,Amazon,"""There is no dedicated memory card slot."""
REV002991,PH056,Redmi Note 15,Amazon,"""Mobile quality was fantastic, but the delivery person did not contact the customer."""
REV002992,PH056,Redmi Note 15,Amazon,"""There is a hotspot connectivity issue with other phones."""
REV002993,PH056,Redmi Note 15,Amazon,"""Camera performance is disappointing. Portrait mode blur has issues, low-light photos are poor, and 4K video stabilization is unavailable."""
REV002994,PH056,Redmi Note 15,Amazon,"""Performance is not good. Hanging issues continue."""
REV002995,PH056,Redmi Note 15,Amazon,"""Good item."""
REV002996,PH056,Redmi Note 15,Amazon,"""Good purchase for the price offered."""
REV002997,PH056,Redmi Note 15,Amazon,"""Very useful phone for daily work."""
REV002998,PH056,Redmi Note 15,Amazon,"""Nice."""
REV002999,PH056,Redmi Note 15,Amazon,"""Battery should be better for a ₹25,000 phone. It only has 45W charging while other brands offer better battery performance in this price range."""
REV003000,PH056,Redmi Note 15,Amazon,"""Not satisfied. Quality issues."""
REV003001,PH057,Oppo A6 Pro 5G,Flipkart,"""Happy with 📱"""
REV003002,PH057,Oppo A6 Pro 5G,Flipkart,"""Good."""
REV003003,PH057,Oppo A6 Pro 5G,Flipkart,"""Nice."""
REV003004,PH057,Oppo A6 Pro 5G,Flipkart,"""Nice."""
REV003005,PH057,Oppo A6 Pro 5G,Flipkart,"""Excellent."""
REV003006,PH057,Oppo A6 Pro 5G,Flipkart,"""Good."""
REV003007,PH057,Oppo A6 Pro 5G,Flipkart,"""Good."""
REV003008,PH057,Oppo A6 Pro 5G,Amazon,"""Good experience"""
REV003009,PH057,Oppo A6 Pro 5G,Amazon,"""Smooth and adorable product with long battery and processor."""
REV003010,PH057,Oppo A6 Pro 5G,Amazon,"""Very good product."""
REV003011,PH057,Oppo A6 Pro 5G,Amazon,"""I have been using the Oppo A6 Pro 5G for a while now, and it’s been a reliable companion for daily use. The battery life is honestly the standout—it easily lasts more than a day without any stress. Performance is smooth for regular tasks like calls, browsing, and social media, and the display feels nice and fluid. The camera does a decent job in good lighting, though it’s not the best in low light. Overall, it’s a practical and dependable phone, especially if long battery life is your priority."""
REV003012,PH057,Oppo A6 Pro 5G,Amazon,"""Camera quality, battery life, and value for money are good."""
REV003013,PH057,Oppo A6 Pro 5G,Amazon,"""Nice phone in this price range."""
REV003014,PH057,Oppo A6 Pro 5G,Amazon,"""One of the worst phones for photo clarity. Even close-up shots have broken pixels. Amazon is the worst platform to buy mobiles from. Better to buy from local markets."""
REV003015,PH057,Oppo A6 Pro 5G,Amazon,"""Received a new product. No other issues."""
REV003016,PH057,Oppo A6 Pro 5G,Amazon,"""Very good."""
REV003017,PH057,Oppo A6 Pro 5G,Amazon,"""Not satisfied with the camera."""
REV003018,PH057,Oppo A6 Pro 5G,Amazon,"""Good."""
REV003019,PH057,Oppo A6 Pro 5G,Amazon,"""Good service."""
REV003020,PH057,Oppo A6 Pro 5G,Amazon,"""Nice."""
REV003021,PH057,Oppo A6 Pro 5G,Amazon,"""Good."""
REV003022,PH057,Oppo A6 Pro 5G,Amazon,"""Nice item."""
REV003023,PH057,Oppo A6 Pro 5G,Amazon,"""Good."""
REV003024,PH057,Oppo A6 Pro 5G,Amazon,"""The phone is very heavy, and the camera does not capture true colors. Photos appear brighter and whiter than they actually are."""
REV003025,PH057,Oppo A6 Pro 5G,Amazon,"""Overall it's a good product with good battery backup and storage, but the camera quality is not worth the price. The appearance is nice, though the phone feels a little heavy compared to others."""
REV003026,PH057,Oppo A6 Pro 5G,Amazon,"""Everything is good except the phone gets a bit hot. The camera is very good in daylight but not suitable for night photography. Apps run very smoothly. Overall, it's okay for the price, but the night camera could be better."""
REV003027,PH057,Oppo A6 Pro 5G,Amazon,"""Good phone. I purchased it and it runs smoothly. The design and looks are very attractive. It's a good choice."""
REV003028,PH057,Oppo A6 Pro 5G,Amazon,"""Good-looking phone with a good camera. However, frequent updates make it frustrating. Overall, it's a disappointing phone."""
REV003029,PH057,Oppo A6 Pro 5G,Amazon,"""Please don't buy this phone. It's heavily overpriced. I bought it offline after being influenced by the salesman and regret the purchase. Apart from the battery, there's nothing impressive. Better options like the Vivo T4 or Motorola Edge 60 Fusion are available."""
REV003030,PH057,Oppo A6 Pro 5G,Amazon,"""Overpriced. The processor is similar to what you get in ₹10,000–12,000 phones. Don't buy it—other brands offer much better value."""
REV003031,PH057,Oppo A6 Pro 5G,Amazon,"""Good product with a good camera, very fast charging, big battery, clear display, and loud speakers. Highly recommended."""
