review_id,phone_id,phone_name,platform,review_text,clean_review,review_length,word_count,quality_flag,is_duplicate,sentiment,sentiment_confidence
REV000001,PH002,Realme P4R 5G,Flipkart,"""It is a very good phone. Battery, display, camera is also very good.""","""It is a very good phone. Battery, display, camera is also very good.""",70,13,Good,False,Positive,0.9862
REV000002,PH002,Realme P4R 5G,Flipkart,"""Please don't buy. The phone quality and camera, software, ram is not upto the mark.""","""Please don't buy. The phone quality and camera, software, ram is not upto the mark.""",85,15,Good,False,Negative,0.8751
REV000003,PH002,Realme P4R 5G,Flipkart,"""Battery backup awesome""","""Battery backup awesome""",24,3,Short Review,False,Positive,0.9698
REV000004,PH002,Realme P4R 5G,Flipkart,"""Superb""","""Superb""",8,1,Very Short,False,Positive,0.8744
REV000005,PH002,Realme P4R 5G,Flipkart,"""Battery performance good""","""Battery performance good""",26,3,Short Review,False,Positive,0.8573
REV000006,PH002,Realme P4R 5G,Flipkart,"""This is the best phone at this price.""","""This is the best phone at this price.""",39,8,Good,False,Positive,0.9787
REV000007,PH002,Realme P4R 5G,Flipkart,"""All in All super""","""All in All super""",18,4,Good,False,Neutral,0.6933
REV000008,PH002,Realme P4R 5G,Flipkart,"""I'm happy""","""I'm happy""",11,2,Short Review,False,Positive,0.9708
REV000009,PH002,Realme P4R 5G,Flipkart,"""Best super""","""Best super""",12,2,Short Review,False,Positive,0.8573
REV000010,PH002,Realme P4R 5G,Flipkart,"""Worth The Choice Was comparing multiple phones in this budget. Finally chose this one because of the battery and fast charging. After a week of use, I feel it was worth it.""","""Worth The Choice Was comparing multiple phones in this budget. Finally chose this one because of the battery and fast charging. After a week of use, I feel it was worth it.""",174,32,Good,False,Positive,0.962
REV000011,PH002,Realme P4R 5G,Flipkart,"""Campus Friendly This phone felt a bit larger than my previous device at first, but I got used to it within a few days. Battery backup and charging speed have been excellent for long days on campus.""","""Campus Friendly This phone felt a bit larger than my previous device at first, but I got used to it within a few days. Battery backup and charging speed have been excellent for long days on campus.""",199,37,Good,False,Positive,0.9393
REV000012,PH002,Realme P4R 5G,Flipkart,"""Fast Charging Advantage As a field worker, my previous phone used to take almost 3 hours to charge, which was frustrating during long workdays. After using this one, I've realized how much of a differ...""","""Fast Charging Advantage As a field worker, my previous phone used to take almost 3 hours to charge, which was frustrating during long workdays. After using this one, I've realized how much of a differ...""",205,35,Good,False,Neutral,0.4537
REV000013,PH002,Realme P4R 5G,Flipkart,"""Great Deal For the price, this is a great deal. Design looks premium, screen is bright and performance is good enough for multitasking.""","""Great Deal For the price, this is a great deal. Design looks premium, screen is bright and performance is good enough for multitasking.""",137,23,Good,False,Positive,0.9859
REV000014,PH002,Realme P4R 5G,Flipkart,"""Campus Ready Been using it on campus for a week now. Between online classes, BGMI sessions with friends, and regular social media use, the phone handles everything smoothly. The display looks great in...""","""Campus Ready Been using it on campus for a week now. Between online classes, BGMI sessions with friends, and regular social media use, the phone handles everything smoothly. The display looks great in...""",205,33,Good,False,Positive,0.951
REV000015,PH002,Realme P4R 5G,Flipkart,"""Budget wise good mobile phone, and average camera, but in low light camera performance is not better. Build quality better in this budget.and battery backup don't feel like 8000mah.""","""Budget wise good mobile phone, and average camera, but in low light camera performance is not better. Build quality better in this budget.and battery backup don't feel like 8000mah.""",183,29,Good,False,Negative,0.647
REV000016,PH002,Realme P4R 5G,Flipkart,"""Ok ok""","""Ok ok""",7,2,Short Review,False,Neutral,0.5813
REV000017,PH002,Realme P4R 5G,Flipkart,"""The sound issue is very low volume especially calling time""","""The sound issue is very low volume especially calling time""",60,10,Good,False,Negative,0.8307
REV000018,PH002,Realme P4R 5G,Flipkart,"""I like a lot of things about this mobile.👍""","""I like a lot of things about this mobile.👍""",44,9,Good,False,Positive,0.9841
REV000019,PH002,Realme P4R 5G,Flipkart,"""Okay product""","""Okay product""",14,2,Short Review,False,Neutral,0.7863
REV000020,PH002,Realme P4R 5G,Flipkart,"""Good phone""","""Good phone""",12,2,Short Review,False,Positive,0.87
REV000021,PH002,Realme P4R 5G,Flipkart,"""Awesome phone in this price. I ordered 128/6 GB. I used Realme 7X or X7 Pro for more than 5 years in a very rough condition but Realme phones are very strong built.""","""Awesome phone in this price. I ordered 128/6 GB. I used Realme 7X or X7 Pro for more than 5 years in a very rough condition but Realme phones are very strong built.""",166,33,Good,False,Positive,0.9694
REV000022,PH002,Realme P4R 5G,Flipkart,"""I'm happy""","""I'm happy""",11,2,Short Review,True,Positive,0.9708
REV000023,PH002,Realme P4R 5G,Flipkart,"""Greet phone""","""Greet phone""",13,2,Short Review,False,Neutral,0.8572
REV000024,PH002,Realme P4R 5G,Flipkart,"""Good""","""Good""",6,1,Very Short,False,Positive,0.7658
REV000025,PH002,Realme P4R 5G,Flipkart,"""Worth it""","""Worth it""",10,2,Short Review,False,Positive,0.7926
REV000026,PH002,Realme P4R 5G,Flipkart,"""Satisfied phone""","""Satisfied phone""",17,2,Short Review,False,Neutral,0.5721
REV000027,PH002,Realme P4R 5G,Flipkart,"""Very nice experience""","""Very nice experience""",22,3,Short Review,False,Positive,0.9798
REV000028,PH002,Realme P4R 5G,Flipkart,"""Battery 8000 mh but feels 5000Mh Low Battery backup""","""Battery 8000 mh but feels 5000Mh Low Battery backup""",53,9,Good,False,Neutral,0.4889
REV000029,PH002,Realme P4R 5G,Amazon,No visible comments,No visible comments,19,3,Short Review,False,Neutral,0.7804
REV000030,PH003,Infinix SMART 20,Flipkart,"""Dont buy 4g phone in 2026, push ur budget upgrade to a 5g phone""","""Dont buy 4g phone in 2026, push ur budget upgrade to a 5g phone""",65,14,Good,False,Neutral,0.6821
REV000031,PH003,Infinix SMART 20,Flipkart,"""velu for money""","""velu for money""",16,3,Short Review,False,Neutral,0.7585
REV000032,PH003,Infinix SMART 20,Flipkart,"""don’t buy phone no camera performance""","""don’t buy phone no camera performance""",39,6,Good,False,Negative,0.6063
REV000033,PH006,Oppo A6c,Flipkart,"""The battery backup of the phone is very bad, the battery of the phone is going dead after opening the camera, the camera quality is usesless""","""The battery backup of the phone is very bad, the battery of the phone is going dead after opening the camera, the camera quality is usesless""",142,26,Good,False,Negative,0.9358
REV000034,PH007,Realme 16T 5G,Flipkart,"""Mobile display quality not upto mark. More weight""","""Mobile display quality not upto mark. More weight""",51,8,Good,False,Negative,0.7193
REV000035,PH007,Realme 16T 5G,Flipkart,"""⭐⭐⭐⭐⭐ beautiful ❤️😍 Mobile""","""⭐⭐⭐⭐⭐ beautiful ❤️😍 Mobile""",28,4,Good,False,Positive,0.9815
REV000036,PH007,Realme 16T 5G,Flipkart,"""Terrible display, no clarity, speaker quality also worst, not value for money""","""Terrible display, no clarity, speaker quality also worst, not value for money""",79,12,Good,False,Negative,0.9451
REV000037,PH007,Realme 16T 5G,Flipkart,"""Mobile is too slow to operate""","""Mobile is too slow to operate""",31,6,Good,False,Negative,0.7883
REV000038,PH007,Realme 16T 5G,Flipkart,"""All good product""","""All good product""",18,3,Short Review,False,Positive,0.9393
REV000039,PH007,Realme 16T 5G,Flipkart,"""Nice mobile""","""Nice mobile""",13,2,Short Review,False,Positive,0.9029
REV000040,PH007,Realme 16T 5G,Flipkart,"""Good product in this segment""","""Good product in this segment""",30,5,Good,False,Positive,0.9634
REV000041,PH007,Realme 16T 5G,Flipkart,"""Worst experience""","""Worst experience""",18,2,Short Review,False,Negative,0.9178
REV000042,PH007,Realme 16T 5G,Flipkart,"""Veri nice""","""Veri nice""",11,2,Short Review,False,Positive,0.8938
REV000043,PH007,Realme 16T 5G,Flipkart,"""Very bad mobile""","""Very bad mobile""",17,3,Short Review,False,Negative,0.9019
REV000044,PH007,Realme 16T 5G,Amazon,"""I gave this Realme 12 Pro 5G smartphone to my mother-in-law for Christmas, and she is absolutely delighted. That is to say if it is an excellent product, because satisfying a mother-in-law is the ultimate proof of quality!""","""I gave this Realme 12 Pro 5G smartphone to my mother-in-law for Christmas, and she is absolutely delighted. That is to say if it is an excellent product, because satisfying a mother-in-law is the ultimate proof of quality!""",224,38,Good,False,Positive,0.9858
REV000045,PH007,Realme 16T 5G,Amazon,"""This phone is a real favorite. The manufacturing quality and the finishes are impeccable, and the aesthetics are really elegant, especially in this Navigator Beige color. The quality-price ratio is exceptional: for a very reasonable price, we have performances worthy of much more expensive phones.""","""This phone is a real favorite. The manufacturing quality and the finishes are impeccable, and the aesthetics are really elegant, especially in this Navigator Beige color. The quality-price ratio is exceptional: for a very reasonable price, we have performances worthy of much more expensive phones.""",300,45,Good,False,Positive,0.9776
REV000046,PH007,Realme 16T 5G,Amazon,"""Autonomy is another strong point. With moderate use, it's easily two days without having to worry about the battery. The Snapdragon 6 Gen 1 5G processor ensures perfect fluidity and the 8GB RAM memory allows multiple applications to be used at the same time without any slowdown.""","""Autonomy is another strong point. With moderate use, it's easily two days without having to worry about the battery. The Snapdragon 6 Gen 1 5G processor ensures perfect fluidity and the 8GB RAM memory allows multiple applications to be used at the same time without any slowdown.""",281,47,Good,False,Positive,0.8786
REV000047,PH007,Realme 16T 5G,Amazon,"""The 6.7-inch curved screen is just beautiful. With a resolution of 2340 x 1080 and a refresh rate of 120Hz, the display is incredibly sharp and smooth, perfect for viewing photos or videos. The 256GB storage capacity is more than enough for all the apps, photos, and vacation memories.""","""The 6.7-inch curved screen is just beautiful. With a resolution of 2340 x 1080 and a refresh rate of 120Hz, the display is incredibly sharp and smooth, perfect for viewing photos or videos. The 256GB storage capacity is more than enough for all the apps, photos, and vacation memories.""",287,49,Good,False,Positive,0.9787
REV000048,PH007,Realme 16T 5G,Amazon,"""Finally, the photo quality is amazing! The Sony IMX882 OIS main sensor and telephoto lens are perfect for portraits, and the photos are sharp and bright.""","""Finally, the photo quality is amazing! The Sony IMX882 OIS main sensor and telephoto lens are perfect for portraits, and the photos are sharp and bright.""",155,26,Good,False,Positive,0.9869
REV000049,PH007,Realme 16T 5G,Amazon,"""In short, this phone is a real success. It combines aesthetics, performance and autonomy at a very competitive price. If you are looking for a reliable and efficient smartphone, you can go for it with your eyes closed. Even for your mother-in-law!""","""In short, this phone is a real success. It combines aesthetics, performance and autonomy at a very competitive price. If you are looking for a reliable and efficient smartphone, you can go for it with your eyes closed. Even for your mother-in-law!""",249,42,Good,False,Positive,0.9783
REV000050,PH007,Realme 16T 5G,Amazon,"""For having had the Realme 7 (which was already good at the time), the Realme 12 Pro 5G is simply excellent! It doesn't get hot! It takes great photos! IT IS FLUID! The OS is easy, simple and the stereo sound is just perfect, the sound is clear, accurate and when I listen to a video I am really immersed.""","""For having had the Realme 7 (which was already good at the time), the Realme 12 Pro 5G is simply excellent! It doesn't get hot! It takes great photos! IT IS FLUID! The OS is easy, simple and the stereo sound is just perfect, the sound is clear, accurate and when I listen to a video I am really immersed.""",306,60,Good,False,Positive,0.9787
REV000051,PH007,Realme 16T 5G,Amazon,"""It is just perfect for my use and with an excellent quality ratio. The protective case is provided as well as the protective glass already installed on the phone.""","""It is just perfect for my use and with an excellent quality ratio. The protective case is provided as well as the protective glass already installed on the phone.""",164,29,Good,False,Positive,0.978
REV000052,PH007,Realme 16T 5G,Amazon,"""That's why I love Realme! An excellent quality ratio and good performance! I can play video games in medium/high quality without it bugging or getting too hot!""","""That's why I love Realme! An excellent quality ratio and good performance! I can play video games in medium/high quality without it bugging or getting too hot!""",161,27,Good,False,Positive,0.9665
REV000053,PH007,Realme 16T 5G,Amazon,"""The only problem is the battery is a bit weak. You can easily last 1 day with intensive use and 2 days with classic use, and not to mention that it has a fast charge of 67W, in 25 min it goes from 30 to 100%.""","""The only problem is the battery is a bit weak. You can easily last 1 day with intensive use and 2 days with classic use, and not to mention that it has a fast charge of 67W, in 25 min it goes from 30 to 100%.""",210,46,Good,False,Negative,0.6454
REV000054,PH007,Realme 16T 5G,Amazon,"""It's the phone of my dreams! I recommend it!""","""It's the phone of my dreams! I recommend it!""",46,9,Good,False,Positive,0.9864
REV000055,PH007,Realme 16T 5G,Amazon,"""I have always been from Xiaomi, a nest of bugs and errors everywhere, updates every month that fix one thing and break another. What made me look for another brand was the terrible proximity sensor. I switched to Realme and it's another world. The best of Xiaomi but without those errors. The cell phone works very smoothly, the camera is the strong point, everything works as it should. Fast charging, good fluidity, great camera, the cell phone is beautiful, and the proximity sensor works. Android 14 with 2 major updates guaranteed. If they continue like this, I can't get out of Realme.""","""I have always been from Xiaomi, a nest of bugs and errors everywhere, updates every month that fix one thing and break another. What made me look for another brand was the terrible proximity sensor. I switched to Realme and it's another world. The best of Xiaomi but without those errors. The cell phone works very smoothly, the camera is the strong point, everything works as it should. Fast charging, good fluidity, great camera, the cell phone is beautiful, and the proximity sensor works. Android 14 with 2 major updates guaranteed. If they continue like this, I can't get out of Realme.""",593,102,Good,False,Negative,0.4702
REV000056,PH007,Realme 16T 5G,Amazon,"""Buying for about 3 weeks, so far nothing to complain about. Superb photo quality, smooth, good battery life, to see over time.""","""Buying for about 3 weeks, so far nothing to complain about. Superb photo quality, smooth, good battery life, to see over time.""",128,22,Good,False,Positive,0.9555
REV000057,PH007,Realme 16T 5G,Amazon,"""Realme 12 Pro 5G, a very good smartphone, makes great photos. Dual SIM, sold with its 67W charger and cable, a transparent plastic shell and a screen protector already installed on the phone. Too bad there is no possibility to put an SD card. But transferring data, photos and music from my old Realme 7 was done without a problem. Golden color, in reality is beige, imitation leather that is very soft to the touch. 5G network works great.""","""Realme 12 Pro 5G, a very good smartphone, makes great photos. Dual SIM, sold with its 67W charger and cable, a transparent plastic shell and a screen protector already installed on the phone. Too bad there is no possibility to put an SD card. But transferring data, photos and music from my old Realme 7 was done without a problem. Golden color, in reality is beige, imitation leather that is very soft to the touch. 5G network works great.""",442,79,Good,False,Positive,0.951
REV000058,PH007,Realme 16T 5G,Amazon,"""I've been using my old phone for a long time and the difference in response is much better. In this price range, there are certainly cell phones that have a better camera or a slightly better processor, but I really liked the design. I also had a good experience with this brand. They run stably for years and the battery is retained for a long time. Ah yes, the RAM can be expanded in the settings with the internal memory plus 8GB, so it would then be 16GB RAM. So great for me.""","""I've been using my old phone for a long time and the difference in response is much better. In this price range, there are certainly cell phones that have a better camera or a slightly better processor, but I really liked the design. I also had a good experience with this brand. They run stably for years and the battery is retained for a long time. Ah yes, the RAM can be expanded in the settings with the internal memory plus 8GB, so it would then be 16GB RAM. So great for me.""",482,93,Good,False,Positive,0.9122
REV000059,PH007,Realme 16T 5G,Amazon,"""Best mobile phone I've owned so far. Large enough memory, battery lasts properly and recharges quickly. Photo quality tiptop. It feels good in the hand.""","""Best mobile phone I've owned so far. Large enough memory, battery lasts properly and recharges quickly. Photo quality tiptop. It feels good in the hand.""",154,25,Good,False,Positive,0.9801
REV000060,PH007,Realme 16T 5G,Amazon,"""Good product and very fast delivery, recommended.""","""Good product and very fast delivery, recommended.""",51,7,Good,False,Positive,0.9743
REV000061,PH007,Realme 16T 5G,Amazon,"""I love this phone. I really recommend it. Very nice photo quality and speed, with an affordable price.""","""I love this phone. I really recommend it. Very nice photo quality and speed, with an affordable price.""",104,18,Good,False,Positive,0.9877
REV000062,PH007,Realme 16T 5G,Amazon,"""I already have my third and would buy it again and again. It has a powerful battery and charges very fast. Appearance is very important to me and it looks great. You don't need Samsung and Co.""","""I already have my third and would buy it again and again. It has a powerful battery and charges very fast. Appearance is very important to me and it looks great. You don't need Samsung and Co.""",194,37,Good,False,Positive,0.9455
REV000063,PH007,Realme 16T 5G,Amazon,"""Absolutely top-notch phone. The icing on the cake is the camera; the photos are stunning. I highly recommend it because the price-to-performance ratio is incredible.""","""Absolutely top-notch phone. The icing on the cake is the camera; the photos are stunning. I highly recommend it because the price-to-performance ratio is incredible.""",167,25,Good,False,Positive,0.9849
REV000064,PH007,Realme 16T 5G,Amazon,"""Fatal this model of smartphone, I do not recommend it to anyone. It gets very hot, the battery does not last for a day, it gets dirty easily, and it disconnects from the Wi-Fi at home.""","""Fatal this model of smartphone, I do not recommend it to anyone. It gets very hot, the battery does not last for a day, it gets dirty easily, and it disconnects from the Wi-Fi at home.""",186,36,Good,False,Negative,0.9346
REV000065,PH007,Realme 16T 5G,Amazon,"""I've been using this smartphone for over a year and a half, and I find it still works very well. For the price, it's satisfactory; the photos aren't the best quality, but they do the job. And the battery is good.""","""I've been using this smartphone for over a year and a half, and I find it still works very well. For the price, it's satisfactory; the photos aren't the best quality, but they do the job. And the battery is good.""",214,41,Good,False,Positive,0.9712
REV000066,PH007,Realme 16T 5G,Amazon,"""The charging connector is already faulty.""","""The charging connector is already faulty.""",43,6,Good,False,Negative,0.8621
REV000067,PH007,Realme 16T 5G,Amazon,"""Good phone quality at a low price.""","""Good phone quality at a low price.""",36,7,Good,False,Positive,0.9342
REV000068,PH007,Realme 16T 5G,Amazon,"""I have enjoyed much of the material imitating the skin finish, the curved screen, and the agility in handling. Easy to install and includes a screen protector and case.""","""I have enjoyed much of the material imitating the skin finish, the curved screen, and the agility in handling. Easy to install and includes a screen protector and case.""",170,29,Good,False,Positive,0.9628
REV000069,PH007,Realme 16T 5G,Amazon,"""I'm very happy with it.""","""I'm very happy with it.""",25,5,Good,False,Positive,0.984
REV000070,PH007,Realme 16T 5G,Amazon,"""Excellent product.""","""Excellent product.""",20,2,Short Review,False,Positive,0.9711
REV000071,PH007,Realme 16T 5G,Amazon,"""Exclusive product. Recommended 100%.""","""Exclusive product. Recommended 100%.""",38,4,Good,False,Positive,0.9049
REV000072,PH007,Realme 16T 5G,Amazon,"""The smartphone is very efficient, the operating system is very fluid and it continuously improves and maintains its stability.""","""The smartphone is very efficient, the operating system is very fluid and it continuously improves and maintains its stability.""",128,19,Good,False,Positive,0.9427
REV000073,PH007,Realme 16T 5G,Amazon,"""The phone is impressive in its appearance, features, functions and camera, etc. but the keyboard stopped working and I had to return the device.""","""The phone is impressive in its appearance, features, functions and camera, etc. but the keyboard stopped working and I had to return the device.""",146,24,Good,False,Neutral,0.3732
REV000074,PH007,Realme 16T 5G,Amazon,"""Good camera. The mobile after use is not bad although sometimes it gets blocked.""","""Good camera. The mobile after use is not bad although sometimes it gets blocked.""",82,14,Good,False,Positive,0.8565
REV000075,PH007,Realme 16T 5G,Amazon,"""Comes without a screen protector and without a SIM tool. It is not reliable in its valuation.""","""Comes without a screen protector and without a SIM tool. It is not reliable in its valuation.""",95,17,Good,False,Negative,0.8732
REV000076,PH007,Realme 16T 5G,Amazon,"""It took 10 months and the phone is fine.""","""It took 10 months and the phone is fine.""",42,9,Good,False,Positive,0.7523
REV000077,PH007,Realme 16T 5G,Amazon,"""Excellent phone, spectacular photos, good battery life that easily lasts until the end of the day with frequent use.""","""Excellent phone, spectacular photos, good battery life that easily lasts until the end of the day with frequent use.""",118,19,Good,False,Positive,0.9828
REV000078,PH007,Realme 16T 5G,Amazon,"""Aesthetically a beautiful and functional phone. It respects the announced characteristics. The audio is really bad for calls and there is no headphone jack.""","""Aesthetically a beautiful and functional phone. It respects the announced characteristics. The audio is really bad for calls and there is no headphone jack.""",158,24,Good,False,Positive,0.7998
REV000079,PH007,Realme 16T 5G,Amazon,"""Compact and very practical. Only the 3.5 mm headphone jack is missing.""","""Compact and very practical. Only the 3.5 mm headphone jack is missing.""",72,12,Good,False,Positive,0.8427
REV000080,PH007,Realme 16T 5G,Amazon,"""I love it, it's a very beautiful phone. The features are top-notch.""","""I love it, it's a very beautiful phone. The features are top-notch.""",69,12,Good,False,Positive,0.9895
REV000081,PH007,Realme 16T 5G,Amazon,"""One for me and one for my son, we're both very happy.""","""One for me and one for my son, we're both very happy.""",55,12,Good,False,Positive,0.9843
REV000082,PH007,Realme 16T 5G,Amazon,"""A large telephone with an adjusted price. If you don't want to spend more than 600 euros, this phone covers everything you need, with a very premium feel. The only negative is the excessive camera module.""","""A large telephone with an adjusted price. If you don't want to spend more than 600 euros, this phone covers everything you need, with a very premium feel. The only negative is the excessive camera module.""",206,36,Good,False,Positive,0.7104
REV000083,PH007,Realme 16T 5G,Amazon,"""Price-to-performance ratio is difficult to match.""","""Price-to-performance ratio is difficult to match.""",51,6,Good,False,Negative,0.6762
REV000084,PH007,Realme 16T 5G,Amazon,"""It is a mobile that responds very well. Nothing negative considering the price. The design is attractive, the screen is bright and looks very good. I especially enjoyed the user interface. The sound is very decent. The battery lasted for days under normal use. I recommend it without hesitation.""","""It is a mobile that responds very well. Nothing negative considering the price. The design is attractive, the screen is bright and looks very good. I especially enjoyed the user interface. The sound is very decent. The battery lasted for days under normal use. I recommend it without hesitation.""",297,49,Good,False,Positive,0.9752
REV000085,PH007,Realme 16T 5G,Amazon,"""I bought it to replace a Realme 7 Pro. The battery lasts longer and the overall battery endurance is even better. It's a pity that headphone jacks have disappeared from modern smartphones.""","""I bought it to replace a Realme 7 Pro. The battery lasts longer and the overall battery endurance is even better. It's a pity that headphone jacks have disappeared from modern smartphones.""",190,32,Good,False,Positive,0.8099
REV000086,PH007,Realme 16T 5G,Amazon,"""Excellent quality for the price.""","""Excellent quality for the price.""",34,5,Good,False,Positive,0.9597
REV000087,PH007,Realme 16T 5G,Amazon,"""The mobile is perfect. The only thing is that the screen doesn't look very bright under certain conditions.""","""The mobile is perfect. The only thing is that the screen doesn't look very bright under certain conditions.""",109,18,Good,False,Positive,0.6479
REV000088,PH007,Realme 16T 5G,Amazon,"""I have used this phone for a week and I am satisfied. Beautiful, fast, efficient, easy to use and has innovative functions.""","""I have used this phone for a week and I am satisfied. Beautiful, fast, efficient, easy to use and has innovative functions.""",125,22,Good,False,Positive,0.9883
REV000089,PH008,HMD Vibe 2 5G,Flipkart,"""Actually, there is a major software glitch. Duplicate/clone for every app is being created automatically after the app usage. I request you to solve this glitch/bug""","""Actually, there is a major software glitch. Duplicate/clone for every app is being created automatically after the app usage. I request you to solve this glitch/bug""",166,26,Good,False,Negative,0.8625
REV000090,PH008,HMD Vibe 2 5G,Flipkart,"""Good product""","""Good product""",14,2,Short Review,False,Positive,0.8975
REV000091,PH008,HMD Vibe 2 5G,Flipkart,"""Best in the indi""","""Best in the indi""",18,4,Good,False,Positive,0.9008
REV000092,PH008,HMD Vibe 2 5G,Flipkart,"""Charging not fast take a 3 hour above . camera not good 😔😔😔""","""Charging not fast take a 3 hour above . camera not good 😔😔😔""",61,13,Good,False,Negative,0.9424
REV000093,PH008,HMD Vibe 2 5G,Flipkart,"""Good""","""Good""",6,1,Very Short,False,Positive,0.7658
REV000094,PH008,HMD Vibe 2 5G,Flipkart,"""It's very nice phone. Battery is too good, looks premium, overall good budget phone""","""It's very nice phone. Battery is too good, looks premium, overall good budget phone""",85,14,Good,False,Positive,0.9836
REV000095,PH008,HMD Vibe 2 5G,Flipkart,"""Camera not good. Battery 1day. Display lcd not good. Performance fast but gaming fail. Build quality not good""","""Camera not good. Battery 1day. Display lcd not good. Performance fast but gaming fail. Build quality not good""",111,18,Good,False,Negative,0.9159
REV000096,PH008,HMD Vibe 2 5G,Flipkart,"""Don't but this mobile, Hanging issue, Heat issues, Camera 📸 worst, First day only getting very disappointed""","""Don't but this mobile, Hanging issue, Heat issues, Camera 📸 worst, First day only getting very disappointed""",109,17,Good,False,Negative,0.9338
REV000097,PH008,HMD Vibe 2 5G,Flipkart,"""Super""","""Super""",7,1,Very Short,False,Neutral,0.6928
REV000098,PH008,HMD Vibe 2 5G,Flipkart,"""Good product thankyou flipkart""","""Good product thankyou flipkart""",32,4,Good,False,Positive,0.9677
REV000099,PH008,HMD Vibe 2 5G,Flipkart,"""Must buy this phone. It is value for money product. I am very happy for buying this phone.""","""Must buy this phone. It is value for money product. I am very happy for buying this phone.""",92,18,Good,False,Positive,0.9894
REV000100,PH008,HMD Vibe 2 5G,Flipkart,"""Very good""","""Very good""",11,2,Short Review,False,Positive,0.9648
REV000101,PH008,HMD Vibe 2 5G,Flipkart,"""Very good mobile phone""","""Very good mobile phone""",24,4,Good,False,Positive,0.9655
REV000102,PH008,HMD Vibe 2 5G,Flipkart,"""Full almost working and Nice value for money""","""Full almost working and Nice value for money""",46,8,Good,False,Positive,0.9433
REV000103,PH008,HMD Vibe 2 5G,Flipkart,"""Honestly according to budget it's good but camera as not as expected average camera not clear and good to capture but again it's cool as budget""","""Honestly according to budget it's good but camera as not as expected average camera not clear and good to capture but again it's cool as budget""",145,26,Good,False,Positive,0.9258
REV000104,PH008,HMD Vibe 2 5G,Flipkart,"""RAM should be 8GB new phone is hanging""","""RAM should be 8GB new phone is hanging""",40,8,Good,False,Negative,0.699
REV000105,PH008,HMD Vibe 2 5G,Flipkart,"""its good for aged people in home. overall its ok ish phone. for this price""","""its good for aged people in home. overall its ok ish phone. for this price""",76,15,Good,False,Positive,0.8954
REV000106,PH008,HMD Vibe 2 5G,Flipkart,"""Display quality not satisfied camera just ok battery backup and Speed good but there's is no UI otherwise it is good for economy users""","""Display quality not satisfied camera just ok battery backup and Speed good but there's is no UI otherwise it is good for economy users""",136,24,Good,False,Negative,0.7125
REV000107,PH008,HMD Vibe 2 5G,Flipkart,"""Ok overall good phone but display avarage""","""Ok overall good phone but display avarage""",43,7,Good,False,Positive,0.7195
REV000108,PH008,HMD Vibe 2 5G,Flipkart,"""Speakers very low........""","""Speakers very low........""",27,3,Short Review,False,Negative,0.8311
REV000109,PH008,HMD Vibe 2 5G,Flipkart,"""Camera is ok ok .video quality is not ok.and network connectivity not good""","""Camera is ok ok .video quality is not ok.and network connectivity not good""",76,13,Good,False,Negative,0.8506
REV000110,PH008,HMD Vibe 2 5G,Flipkart,"""Display hanging time hanging""","""Display hanging time hanging""",30,4,Good,False,Neutral,0.9286
REV000111,PH008,HMD Vibe 2 5G,Flipkart,"""Good phone""","""Good phone""",12,2,Short Review,False,Positive,0.87
REV000112,PH008,HMD Vibe 2 5G,Flipkart,"""Dont by any one bad quality""","""Dont by any one bad quality""",29,6,Good,False,Negative,0.5034
REV000113,PH008,HMD Vibe 2 5G,Flipkart,"""Best quality at low cost""","""Best quality at low cost""",26,5,Good,False,Positive,0.8976
REV000114,PH008,HMD Vibe 2 5G,Flipkart,"""This is very very slow phone""","""This is very very slow phone""",30,6,Good,False,Negative,0.8562
REV000115,PH008,HMD Vibe 2 5G,Flipkart,"""Under 10 thousand base varient is available it is very helpful for middle budget users.""","""Under 10 thousand base varient is available it is very helpful for middle budget users.""",89,15,Good,False,Positive,0.931
REV000116,PH008,HMD Vibe 2 5G,Flipkart,"""Nice""","""Nice""",6,1,Very Short,False,Positive,0.8956
REV000117,PH008,HMD Vibe 2 5G,Flipkart,"""Very nice Desaing 👌Nokia now HMD""","""Very nice Desaing 👌Nokia now HMD""",34,6,Good,False,Positive,0.979
REV000118,PH008,HMD Vibe 2 5G,Flipkart,"""Seems like a good clean phone for the price without any useless pre-installed apps. It has been 2-3 days of usage.""","""Seems like a good clean phone for the price without any useless pre-installed apps. It has been 2-3 days of usage.""",116,21,Good,False,Positive,0.8226
REV000119,PH008,HMD Vibe 2 5G,Flipkart,"""Great combination of style, and battery life.""","""Great combination of style, and battery life.""",47,7,Good,False,Positive,0.9689
REV000120,PH008,HMD Vibe 2 5G,Flipkart,"""Good battery""","""Good battery""",14,2,Short Review,False,Positive,0.7985
REV000121,PH008,HMD Vibe 2 5G,Flipkart,"""Battery charging speed is impressive.""","""Battery charging speed is impressive.""",39,5,Good,False,Positive,0.9699
REV000122,PH008,HMD Vibe 2 5G,Flipkart,"""The battery life is one of the best features of this phone.""","""The battery life is one of the best features of this phone.""",61,12,Good,False,Positive,0.9847
REV000123,PH008,HMD Vibe 2 5G,Flipkart,"""I've been using it for a few weeks and haven't faced any issues so far.""","""I've been using it for a few weeks and haven't faced any issues so far.""",73,15,Good,False,Positive,0.687
REV000124,PH008,HMD Vibe 2 5G,Flipkart,"""Battery backup is better than my previous phone.""","""Battery backup is better than my previous phone.""",50,8,Good,False,Positive,0.9485
REV000125,PH008,HMD Vibe 2 5G,Flipkart,"""Excellent battery life; easily lasts a full day.""","""Excellent battery life; easily lasts a full day.""",50,8,Good,False,Positive,0.9636
REV000126,PH008,HMD Vibe 2 5G,Flipkart,"""Battery Backup Is Good""","""Battery Backup Is Good""",24,4,Good,False,Positive,0.9067
REV000127,PH008,HMD Vibe 2 5G,Flipkart,"""Battery backup is good to enough. Performance wise average because of lagging use.""","""Battery backup is good to enough. Performance wise average because of lagging use.""",84,13,Good,False,Positive,0.6264
REV000128,PH008,HMD Vibe 2 5G,Flipkart,"""Good budget smartphone for everyday use. Apps run smoothly and the big battery is perfect for heavy users.""","""Good budget smartphone for everyday use. Apps run smoothly and the big battery is perfect for heavy users.""",108,18,Good,False,Positive,0.9727
REV000129,PH008,HMD Vibe 2 5G,Flipkart,"""Worth the money""","""Worth the money""",17,3,Short Review,False,Positive,0.7045
REV000130,PH008,HMD Vibe 2 5G,Flipkart,"""Excellent phone in this price""","""Excellent phone in this price""",31,5,Good,False,Positive,0.9668
REV000131,PH008,HMD Vibe 2 5G,Flipkart,"""Value for money""","""Value for money""",17,3,Short Review,False,Neutral,0.7623
REV000132,PH008,HMD Vibe 2 5G,Flipkart,"""Excellent phone""","""Excellent phone""",17,2,Short Review,False,Positive,0.9571
REV000133,PH008,HMD Vibe 2 5G,Flipkart,"""Worth the money. Good features at this price.""","""Worth the money. Good features at this price.""",47,8,Good,False,Positive,0.9671
REV000134,PH008,HMD Vibe 2 5G,Flipkart,"""I use it every day and it works perfectly.""","""I use it every day and it works perfectly.""",44,9,Good,False,Positive,0.9764
REV000135,PH008,HMD Vibe 2 5G,Flipkart,"""One of the best smartphones I've owned.""","""One of the best smartphones I've owned.""",41,7,Good,False,Positive,0.9824
REV000136,PH008,HMD Vibe 2 5G,Flipkart,"""Great phone for daily use and entertainment.""","""Great phone for daily use and entertainment.""",46,7,Good,False,Positive,0.9823
REV000137,PH008,HMD Vibe 2 5G,Flipkart,"""Excellent value for money. Definitely worth the price.""","""Excellent value for money. Definitely worth the price.""",56,8,Good,False,Positive,0.9789
REV000138,PH008,HMD Vibe 2 5G,Flipkart,"""Very Good product ! Very Fast Delivery ! Very Good Packing ! Value for Money !""","""Very Good product ! Very Fast Delivery ! Very Good Packing ! Value for Money !""",80,16,Good,False,Positive,0.9849
REV000139,PH008,HMD Vibe 2 5G,Flipkart,"""Product is good smooth running,""","""Product is good smooth running,""",33,5,Good,False,Positive,0.9208
REV000140,PH008,HMD Vibe 2 5G,Flipkart,"""Very good, Satisfied, value for money ..""","""Very good, Satisfied, value for money ..""",42,7,Good,False,Positive,0.9689
REV000141,PH008,HMD Vibe 2 5G,Flipkart,"""All rounder phones must buy.""","""All rounder phones must buy.""",30,5,Good,False,Neutral,0.6657
REV000142,PH008,HMD Vibe 2 5G,Flipkart,"""Perfect option for in this budget""","""Perfect option for in this budget""",35,6,Good,False,Positive,0.9503
REV000143,PH008,HMD Vibe 2 5G,Flipkart,"""The Product is super fantastic""","""The Product is super fantastic""",32,5,Good,False,Positive,0.989
REV000144,PH008,HMD Vibe 2 5G,Flipkart,"""Product is fine as per it's price. It is easy to use.""","""Product is fine as per it's price. It is easy to use.""",55,12,Good,False,Positive,0.9415
REV000145,PH008,HMD Vibe 2 5G,Flipkart,"""Good mobile for daily use""","""Good mobile for daily use""",27,5,Good,False,Positive,0.8878
REV000146,PH008,HMD Vibe 2 5G,Flipkart,"""The performance of the phone is good for daily use""","""The performance of the phone is good for daily use""",52,10,Good,False,Positive,0.9436
REV000147,PH008,HMD Vibe 2 5G,Flipkart,"""strong mid-range phone that balances performance, display quality, and long-term value.""","""strong mid-range phone that balances performance, display quality, and long-term value.""",89,11,Good,False,Positive,0.8588
REV000148,PH008,HMD Vibe 2 5G,Flipkart,"""Phone pack in good condition. Almost 2 months still working good no lack no bugs""","""Phone pack in good condition. Almost 2 months still working good no lack no bugs""",82,15,Good,False,Positive,0.9188
REV000149,PH008,HMD Vibe 2 5G,Flipkart,"""Fingerprint unlock works quickly.""","""Fingerprint unlock works quickly.""",35,4,Good,False,Positive,0.8256
REV000150,PH008,HMD Vibe 2 5G,Flipkart,"""The software experience is smooth""","""The software experience is smooth""",35,5,Good,False,Positive,0.704
REV000151,PH008,HMD Vibe 2 5G,Flipkart,"""The phone stays fast even after long hours of use.""","""The phone stays fast even after long hours of use.""",52,10,Good,False,Positive,0.8141
REV000152,PH008,HMD Vibe 2 5G,Flipkart,"""This phone has exceeded my expectations in every way.""","""This phone has exceeded my expectations in every way.""",55,9,Good,False,Positive,0.984
REV000153,PH008,HMD Vibe 2 5G,Flipkart,"""Great performance for gaming and streaming.""","""Great performance for gaming and streaming.""",45,6,Good,False,Positive,0.9832
REV000154,PH008,HMD Vibe 2 5G,Flipkart,"""Everything runs smoothly without any lag.""","""Everything runs smoothly without any lag.""",43,6,Good,False,Positive,0.8249
REV000155,PH008,HMD Vibe 2 5G,Flipkart,"""Lightweight and comfortable to hold.""","""Lightweight and comfortable to hold.""",38,5,Good,False,Positive,0.7565
REV000156,PH008,HMD Vibe 2 5G,Flipkart,"""Smooth scrolling thanks to the high refresh rate.""","""Smooth scrolling thanks to the high refresh rate.""",51,8,Good,False,Positive,0.9372
REV000157,PH008,HMD Vibe 2 5G,Flipkart,"""Network reception is strong.""","""Network reception is strong.""",30,4,Good,False,Positive,0.8786
REV000158,PH008,HMD Vibe 2 5G,Flipkart,"""The mobile performance is really good""","""The mobile performance is really good""",39,6,Good,False,Positive,0.9817
REV000159,PH008,HMD Vibe 2 5G,Flipkart,"""Good phone under budget looks classy""","""Good phone under budget looks classy""",38,6,Good,False,Positive,0.8783
REV000160,PH008,HMD Vibe 2 5G,Flipkart,"""Best product and best raw performance""","""Best product and best raw performance""",39,6,Good,False,Positive,0.9531
REV000161,PH008,HMD Vibe 2 5G,Flipkart,"""I loved it good mobile battery and performance awesome""","""I loved it good mobile battery and performance awesome""",56,9,Good,False,Positive,0.9896
REV000162,PH008,HMD Vibe 2 5G,Flipkart,"""The overall performance of the phone is good and smooth for daily use,""","""The overall performance of the phone is good and smooth for daily use,""",72,13,Good,False,Positive,0.9612
REV000163,PH008,HMD Vibe 2 5G,Flipkart,"""Call quality and network strength is very Good.""","""Call quality and network strength is very Good.""",49,8,Good,False,Positive,0.9675
REV000164,PH008,HMD Vibe 2 5G,Flipkart,"""The display colors are rich and natural.""","""The display colors are rich and natural.""",42,7,Good,False,Positive,0.9374
REV000165,PH008,HMD Vibe 2 5G,Flipkart,"""The display is bright and vibrant. Watching videos is a great experience.""","""The display is bright and vibrant. Watching videos is a great experience.""",75,12,Good,False,Positive,0.9891
REV000166,PH008,HMD Vibe 2 5G,Flipkart,"""Best phone works smoothly best performance. Looks good, battery is good,value for money""","""Best phone works smoothly best performance. Looks good, battery is good,value for money""",89,13,Good,False,Positive,0.9762
REV000167,PH008,HMD Vibe 2 5G,Flipkart,"""Display is absolutely gorgeous.""","""Display is absolutely gorgeous.""",33,4,Good,False,Positive,0.9754
REV000168,PH008,HMD Vibe 2 5G,Flipkart,"""Beautiful Display..Top notch battery life.. excellent feel..""","""Beautiful Display..Top notch battery life.. excellent feel..""",62,7,Good,False,Positive,0.9854
REV000169,PH008,HMD Vibe 2 5G,Flipkart,"""Nice phone, good screen size fasting charging, good value of money, nice durability""","""Nice phone, good screen size fasting charging, good value of money, nice durability""",85,13,Good,False,Positive,0.9565
REV000170,PH008,HMD Vibe 2 5G,Flipkart,"""I've received many compliments on its design.""","""I've received many compliments on its design.""",47,7,Good,False,Positive,0.9744
REV000171,PH008,HMD Vibe 2 5G,Flipkart,"""The design looks modern and stylish.""","""The design looks modern and stylish.""",38,6,Good,False,Positive,0.9555
REV000172,PH008,HMD Vibe 2 5G,Flipkart,"""Premium design that feels expensive.""","""Premium design that feels expensive.""",38,5,Good,False,Negative,0.8099
REV000173,PH008,HMD Vibe 2 5G,Flipkart,"""Looks Is Too Good""","""Looks Is Too Good""",19,4,Good,False,Positive,0.6296
REV000174,PH008,HMD Vibe 2 5G,Flipkart,"""Best Smartphone. Battery Camera all good""","""Best Smartphone. Battery Camera all good""",42,6,Good,False,Positive,0.9739
REV000175,PH008,HMD Vibe 2 5G,Flipkart,"""Nice design and the color looks stylish. Camera quality is decent in daylight and the display is good for watching videos.""","""Nice design and the color looks stylish. Camera quality is decent in daylight and the display is good for watching videos.""",124,21,Good,False,Positive,0.9724
REV000176,PH008,HMD Vibe 2 5G,Flipkart,"""Nice. No any issue found till now.Good for HD content videos.""","""Nice. No any issue found till now.Good for HD content videos.""",63,11,Good,False,Positive,0.9429
REV000177,PH008,HMD Vibe 2 5G,Flipkart,"""Excellent battery and good camera combination.""","""Excellent battery and good camera combination.""",48,6,Good,False,Positive,0.9723
REV000178,PH008,HMD Vibe 2 5G,Flipkart,"""Camera performance is excellent for social media content.""","""Camera performance is excellent for social media content.""",59,8,Good,False,Positive,0.9615
REV000179,PH008,HMD Vibe 2 5G,Flipkart,"""Camera colors look realistic.""","""Camera colors look realistic.""",31,4,Good,False,Positive,0.5575
REV000180,PH008,HMD Vibe 2 5G,Flipkart,"""Camera quality is impressive for the price.""","""Camera quality is impressive for the price.""",45,7,Good,False,Positive,0.9504
REV000181,PH008,HMD Vibe 2 5G,Flipkart,"""Nice packing and good quality and light weight""","""Nice packing and good quality and light weight""",48,8,Good,False,Positive,0.9352
REV000182,PH008,HMD Vibe 2 5G,Flipkart,"""Not up to the mark it's an average phone""","""Not up to the mark it's an average phone""",42,9,Good,False,Negative,0.6689
REV000183,PH008,HMD Vibe 2 5G,Flipkart,"""Battery is really good. For this value ok ok""","""Battery is really good. For this value ok ok""",46,9,Good,False,Positive,0.9659
REV000184,PH008,HMD Vibe 2 5G,Flipkart,"""Best price""","""Best price""",12,2,Short Review,False,Positive,0.5688
REV000185,PH008,HMD Vibe 2 5G,Flipkart,"""It is not worth for money... Camera and the processor is not up to the mark.""","""It is not worth for money... Camera and the processor is not up to the mark.""",78,16,Good,False,Negative,0.9033
REV000186,PH008,HMD Vibe 2 5G,Flipkart,"""Camera need to improve""","""Camera need to improve""",24,4,Good,False,Neutral,0.7664
REV000187,PH008,HMD Vibe 2 5G,Flipkart,"""Very bad quality""","""Very bad quality""",18,3,Short Review,False,Negative,0.9083
REV000188,PH008,HMD Vibe 2 5G,Flipkart,"""Not a best phone look like a low quality phone""","""Not a best phone look like a low quality phone""",48,10,Good,False,Negative,0.9273
REV000189,PH008,HMD Vibe 2 5G,Flipkart,"""Super mobile""","""Super mobile""",14,2,Short Review,False,Neutral,0.6994
REV000190,PH008,HMD Vibe 2 5G,Flipkart,"""This mobile is Better and good Quality is good""","""This mobile is Better and good Quality is good""",48,9,Good,False,Positive,0.9657
REV000191,PH008,HMD Vibe 2 5G,Flipkart,"""Four out of five !!!!""","""Four out of five !!!!""",23,5,Good,False,Positive,0.6445
REV000192,PH008,HMD Vibe 2 5G,Flipkart,"""Great product, budget friendly""","""Great product, budget friendly""",32,4,Good,False,Positive,0.9729
REV000193,PH008,HMD Vibe 2 5G,Flipkart,"""Battery is vary poor""","""Battery is vary poor""",22,4,Good,False,Negative,0.8361
REV000194,PH008,HMD Vibe 2 5G,Flipkart,"""Nice product at this rate""","""Nice product at this rate""",27,5,Good,False,Positive,0.9638
REV000195,PH009,Moto G37 Power,Flipkart,"""Motorola g 37 Power is a good product. Camera - 3.5/5, Display (Screen Resolution) - 3.5/5, Battery - 5/5, Performance - 4/5, Music experience - 5/5""","""Motorola g 37 Power is a good product. Camera - 3.5/5, Display (Screen Resolution) - 3.5/5, Battery - 5/5, Performance - 4/5, Music experience - 5/5""",150,26,Good,False,Positive,0.9671
REV000196,PH009,Moto G37 Power,Flipkart,"""Good phone. Do go for it. Best in budget""","""Good phone. Do go for it. Best in budget""",42,9,Good,False,Positive,0.9738
REV000197,PH009,Moto G37 Power,Flipkart,"""I bought this phone for my mother, and she started having this strange problem. When she is on a call, after 2-3 minutes of continuous call, the receiver starts to hear a distorted/unclear voice.""","""I bought this phone for my mother, and she started having this strange problem. When she is on a call, after 2-3 minutes of continuous call, the receiver starts to hear a distorted/unclear voice.""",197,34,Good,False,Negative,0.662
REV000198,PH009,Moto G37 Power,Flipkart,"""Camera quality is very bad and OS system Very Difficult to use. In this price mobile not worth it.""","""Camera quality is very bad and OS system Very Difficult to use. In this price mobile not worth it.""",100,19,Good,False,Negative,0.9378
REV000199,PH009,Moto G37 Power,Flipkart,"""Not satisfied, previously I used moto g it is super later shifted to one plus now this not upto the mark""","""Not satisfied, previously I used moto g it is super later shifted to one plus now this not upto the mark""",106,21,Good,False,Negative,0.881
REV000200,PH009,Moto G37 Power,Flipkart,"""Amazing Phone under 20k specially for normal usages it really worth to me to purchase this 👏👏""","""Amazing Phone under 20k specially for normal usages it really worth to me to purchase this 👏👏""",95,17,Good,False,Positive,0.9856
REV000201,PH009,Moto G37 Power,Flipkart,"""Good phone in this bidget""","""Good phone in this bidget""",27,5,Good,False,Positive,0.907
REV000202,PH009,Moto G37 Power,Flipkart,"""Ok for students for good work""","""Ok for students for good work""",31,6,Good,False,Positive,0.781
REV000203,PH009,Moto G37 Power,Flipkart,"""Nice budget friendly look wise awesome""","""Nice budget friendly look wise awesome""",40,6,Good,False,Positive,0.974
REV000204,PH009,Moto G37 Power,Flipkart,"""Camera quality very poor, calling voice is harsh, not recommended for purchase at the rate of 16 thousand.""","""Camera quality very poor, calling voice is harsh, not recommended for purchase at the rate of 16 thousand.""",108,18,Good,False,Negative,0.9348
REV000205,PH009,Moto G37 Power,Flipkart,"""Don't buy there is charging issue pathetic""","""Don't buy there is charging issue pathetic""",44,7,Good,False,Negative,0.9148
REV000206,PH009,Moto G37 Power,Flipkart,"""Not good you can find best at this""","""Not good you can find best at this""",36,8,Good,False,Negative,0.8785
REV000207,PH009,Moto G37 Power,Flipkart,"""No worry, go for it.""","""No worry, go for it.""",22,5,Good,False,Positive,0.7541
REV000208,PH009,Moto G37 Power,Flipkart,"""Extremely satisfied""","""Extremely satisfied""",21,2,Short Review,False,Positive,0.918
REV000209,PH009,Moto G37 Power,Flipkart,"""Totally worth it""","""Totally worth it""",18,3,Short Review,False,Positive,0.9075
REV000210,PH009,Moto G37 Power,Flipkart,"""Good value for money!""","""Good value for money!""",23,4,Good,False,Positive,0.961
REV000211,PH009,Moto G37 Power,Flipkart,"""Good quality for the price.""","""Good quality for the price.""",29,5,Good,False,Positive,0.9097
REV000212,PH009,Moto G37 Power,Flipkart,"""Very good loveit""","""Very good loveit""",18,3,Short Review,False,Positive,0.9788
REV000213,PH009,Moto G37 Power,Flipkart,"""Best me se best he phone thank you moto""","""Best me se best he phone thank you moto""",41,9,Good,False,Positive,0.9561
REV000214,PH009,Moto G37 Power,Flipkart,"""Best phone at this price.""","""Best phone at this price.""",27,5,Good,False,Positive,0.9628
REV000215,PH009,Moto G37 Power,Flipkart,"""CAMERA IS NOT WORKING PROCESS IS VERY SLOW AND WORKING IS VERY BAD""","""CAMERA IS NOT WORKING PROCESS IS VERY SLOW AND WORKING IS VERY BAD""",68,13,Good,False,Negative,0.9545
REV000216,PH009,Moto G37 Power,Flipkart,"""Too much slow phone""","""Too much slow phone""",21,4,Good,False,Negative,0.782
REV000217,PH009,Moto G37 Power,Flipkart,"""Wrist this phone all colties bad don't pouches this phone please request""","""Wrist this phone all colties bad don't pouches this phone please request""",74,12,Good,False,Negative,0.8164
REV000218,PH009,Moto G37 Power,Flipkart,"""Very bad not good camara not good""","""Very bad not good camara not good""",35,7,Good,False,Negative,0.9454
REV000219,PH009,Moto G37 Power,Flipkart,"""Performance is too bad, back panels always 🫨 when voice is louder. Very bad.""","""Performance is too bad, back panels always 🫨 when voice is louder. Very bad.""",78,14,Good,False,Negative,0.9393
REV000220,PH009,Moto G37 Power,Flipkart,"""Best phone for this prize.""","""Best phone for this prize.""",28,5,Good,False,Positive,0.9688
REV000221,PH009,Moto G37 Power,Flipkart,"""There is an issue in calling, voice getting crack every time whenever I m going to call any others""","""There is an issue in calling, voice getting crack every time whenever I m going to call any others""",100,19,Good,False,Negative,0.8185
REV000222,PH009,Moto G37 Power,Flipkart,"""Very good product""","""Very good product""",19,3,Short Review,False,Positive,0.9724
REV000223,PH009,Moto G37 Power,Amazon,"""bought the Moto G37 Power 5G mainly for its massive battery, and while the battery life is excellent, the overall experience has been disappointing. The HD+ display lacks sharpness and vibrant colors, making videos and browsing less enjoyable. Performance feels average, with occasional lag during multitasking and app switching. The camera is decent in daylight but struggles in low-light conditions. Charging speed is also slower than expected considering the large 7000mAh battery. Overall, apart from the battery backup, the phone does not offer the value and user experience I was expecting in this price range.""","""bought the Moto G37 Power 5G mainly for its massive battery, and while the battery life is excellent, the overall experience has been disappointing. The HD+ display lacks sharpness and vibrant colors, making videos and browsing less enjoyable. Performance feels average, with occasional lag during multitasking and app switching. The camera is decent in daylight but struggles in low-light conditions. Charging speed is also slower than expected considering the large 7000mAh battery. Overall, apart from the battery backup, the phone does not offer the value and user experience I was expecting in this price range.""",618,95,Good,False,Negative,0.8151
REV000224,PH010,Moto G37,Flipkart,"""Moto g37 5g features good value for money""","""Moto g37 5g features good value for money""",43,8,Good,False,Positive,0.9356
REV000225,PH010,Moto G37,Flipkart,"""The back camera is good but the front camera is not so good.""","""The back camera is good but the front camera is not so good.""",62,13,Good,False,Negative,0.4565
REV000226,PH010,Moto G37,Flipkart,"""Call and network slow""","""Call and network slow""",23,4,Good,False,Negative,0.7403
REV000227,PH010,Moto G37,Flipkart,"""Bad phone""","""Bad phone""",11,2,Short Review,False,Negative,0.7865
REV000228,PH010,Moto G37,Flipkart,"""Superb phone""","""Superb phone""",14,2,Short Review,False,Positive,0.9492
REV000229,PH010,Moto G37,Flipkart,"""The phone's camera is not good.""","""The phone's camera is not good.""",33,6,Good,False,Negative,0.91
REV000230,PH010,Moto G37,Flipkart,"""Good""","""Good""",6,1,Very Short,False,Positive,0.7658
REV000231,PH010,Moto G37,Flipkart,"""Very good 😊""","""Very good 😊""",13,3,Short Review,False,Positive,0.9852
REV000232,PH010,Moto G37,Flipkart,"""No quality""","""No quality""",12,2,Short Review,False,Negative,0.6548
REV000233,PH010,Moto G37,Flipkart,"""Just teribble don't buy mobiles or electronic gadgets from Flipkart if you once received it can't be returned.""","""Just teribble don't buy mobiles or electronic gadgets from Flipkart if you once received it can't be returned.""",112,18,Good,False,Negative,0.5315
REV000234,PH010,Moto G37,Flipkart,"""Very very bad mobile, also no support from Flipkart for return or replacement.""","""Very very bad mobile, also no support from Flipkart for return or replacement.""",80,13,Good,False,Negative,0.9428
REV000235,PH010,Moto G37,Flipkart,"""Nice""","""Nice""",6,1,Very Short,False,Positive,0.8956
REV000236,PH010,Moto G37,Flipkart,"""I ❤️ MOBILE""","""I ❤️ MOBILE""",13,3,Short Review,False,Positive,0.9694
REV000237,PH010,Moto G37,Flipkart,"""Excellent""","""Excellent""",11,1,Very Short,False,Positive,0.9634
REV000238,PH010,Moto G37,Flipkart,"""Excellent product""","""Excellent product""",19,2,Short Review,False,Positive,0.9653
REV000239,PH010,Moto G37,Flipkart,"""Heating issue""","""Heating issue""",15,2,Short Review,False,Neutral,0.6394
REV000240,PH010,Moto G37,Flipkart,"""Good""","""Good""",6,1,Very Short,True,Positive,0.7658
REV000241,PH010,Moto G37,Flipkart,"""Phone is good and service is good""","""Phone is good and service is good""",35,7,Good,False,Positive,0.9279
REV000242,PH010,Moto G37,Flipkart,"""Little expensive according to phone quality""","""Little expensive according to phone quality""",45,6,Good,False,Neutral,0.6608
REV000243,PH010,Moto G37,Flipkart,"""Hanging problem""","""Hanging problem""",17,2,Short Review,False,Neutral,0.7566
REV000244,PH010,Moto G37,Flipkart,"""Good""","""Good""",6,1,Very Short,True,Positive,0.7658
REV000245,PH010,Moto G37,Flipkart,"""Ok""","""Ok""",4,1,Very Short,False,Neutral,0.61
REV000246,PH010,Moto G37,Flipkart,"""Over all Best....""","""Over all Best....""",19,3,Short Review,False,Positive,0.9288
REV000247,PH010,Moto G37,Flipkart,"""Nice and sturdy""","""Nice and sturdy""",17,3,Short Review,False,Positive,0.8803
REV000248,PH010,Moto G37,Flipkart,"""Total overall good""","""Total overall good""",20,3,Short Review,False,Positive,0.9357
REV000249,PH010,Moto G37,Flipkart,"""Good write time delivery so very happy""","""Good write time delivery so very happy""",40,7,Good,False,Positive,0.9876
REV000250,PH010,Moto G37,Flipkart,"""Bad not return policy waste of money 😔 not by this product""","""Bad not return policy waste of money 😔 not by this product""",60,12,Good,False,Negative,0.9474
REV000251,PH010,Moto G37,Flipkart,"""Very good product. Believe able Moto""","""Very good product. Believe able Moto""",38,6,Good,False,Positive,0.9714
REV000252,PH010,Moto G37,Flipkart,"""Overheating and lagging""","""Overheating and lagging""",25,3,Short Review,False,Negative,0.6738
REV000253,PH010,Moto G37,Flipkart,"""Best product""","""Best product""",14,2,Short Review,False,Positive,0.9247
REV000254,PH010,Moto G37,Flipkart,"""Excellent""","""Excellent""",11,1,Very Short,True,Positive,0.9634
REV000255,PH010,Moto G37,Flipkart,"""Nice""","""Nice""",6,1,Very Short,True,Positive,0.8956
REV000256,PH010,Moto G37,Flipkart,"""Good""","""Good""",6,1,Very Short,True,Positive,0.7658
REV000257,PH010,Moto G37,Flipkart,"""Please don't buy this mobile especially on Flipkart return option is not there no one help you don't waste your money""","""Please don't buy this mobile especially on Flipkart return option is not there no one help you don't waste your money""",119,21,Good,False,Negative,0.8816
REV000258,PH010,Moto G37,Flipkart,"""Nice features""","""Nice features""",15,2,Short Review,False,Positive,0.9189
REV000259,PH010,Moto G37,Flipkart,"""Battery backup is poor. And it doesn't charge fast after 2 hrs of charging it charge 65%""","""Battery backup is poor. And it doesn't charge fast after 2 hrs of charging it charge 65%""",90,17,Good,False,Negative,0.9248
REV000260,PH010,Moto G37,Flipkart,"""Over heated. Don't buy this phone.""","""Over heated. Don't buy this phone.""",36,6,Good,False,Negative,0.8699
REV000261,PH010,Moto G37,Flipkart,"""Bad phone don't buy waste of money""","""Bad phone don't buy waste of money""",36,7,Good,False,Negative,0.778
REV000262,PH012,Oneplus Nord CE 6 Lite,Flipkart,"""Very nice performance""","""Very nice performance""",23,3,Short Review,False,Positive,0.9796
REV000263,PH012,Oneplus Nord CE 6 Lite,Flipkart,"""Best camera phone in this price""","""Best camera phone in this price""",33,6,Good,False,Positive,0.933
REV000264,PH012,Oneplus Nord CE 6 Lite,Flipkart,"""Awesome 👍""","""Awesome 👍""",11,2,Short Review,False,Positive,0.9846
REV000265,PH012,Oneplus Nord CE 6 Lite,Flipkart,"""Good phone in this budget""","""Good phone in this budget""",27,5,Good,False,Positive,0.885
REV000266,PH012,Oneplus Nord CE 6 Lite,Flipkart,"""Nice product""","""Nice product""",14,2,Short Review,False,Positive,0.9526
REV000267,PH012,Oneplus Nord CE 6 Lite,Flipkart,"""All call not clear voice""","""All call not clear voice""",26,5,Good,False,Negative,0.5914
REV000268,PH012,Oneplus Nord CE 6 Lite,Flipkart,"""good""","""good""",6,1,Very Short,False,Positive,0.5239
REV000269,PH012,Oneplus Nord CE 6 Lite,Flipkart,"""It shows snapdragon processor in description but actually it is mediatek pr""","""It shows snapdragon processor in description but actually it is mediatek pr""",77,12,Good,False,Neutral,0.8447
REV000270,PH012,Oneplus Nord CE 6 Lite,Flipkart,"""Nice product 👍""","""Nice product 👍""",16,3,Short Review,False,Positive,0.9761
REV000271,PH012,Oneplus Nord CE 6 Lite,Flipkart,"""Good product""","""Good product""",14,2,Short Review,False,Positive,0.8975
REV000272,PH012,Oneplus Nord CE 6 Lite,Flipkart,"""It could more better in display""","""It could more better in display""",33,6,Good,False,Positive,0.6039
REV000273,PH012,Oneplus Nord CE 6 Lite,Flipkart,"""Don't purchase this phone waste of money. It's heating a lot and the battery is draining so fast.I""","""Don't purchase this phone waste of money. It's heating a lot and the battery is draining so fast.I""",100,18,Good,False,Negative,0.9292
REV000274,PH012,Oneplus Nord CE 6 Lite,Flipkart,"""Not good design ... Bad looking design""","""Not good design ... Bad looking design""",40,7,Good,False,Negative,0.9059
REV000275,PH012,Oneplus Nord CE 6 Lite,Flipkart,"""Good""","""Good""",6,1,Very Short,True,Positive,0.7658
REV000276,PH012,Oneplus Nord CE 6 Lite,Amazon,"""BEST PHONE USING FROM LAST 3 MONTHS , AMAZING PHONE FOR GAMING AND CAMERA WISE , FANTASTIC PURCHASE""","""BEST PHONE USING FROM LAST 3 MONTHS , AMAZING PHONE FOR GAMING AND CAMERA WISE , FANTASTIC PURCHASE""",101,18,Good,False,Positive,0.9868
REV000277,PH012,Oneplus Nord CE 6 Lite,Amazon,"""Big display. Sound are clear. Charging speed impressive. Clean software. Overall awesome device.""","""Big display. Sound are clear. Charging speed impressive. Clean software. Overall awesome device.""",98,13,Good,False,Positive,0.9782
REV000278,PH012,Oneplus Nord CE 6 Lite,Amazon,"""I'm writing this after 3 days of purchase. Camera - Average (not for those looking for a good camera). Battery performance is very good and lasts 1.5 days. In this price range a fast charger should be added. It takes almost 110 minutes for full charging. Minor heating issue after regular use. No lag issue. Front camera wide angle feature is missing. Overall phone is very good in performance and battery backup, but it should carry a fast charger and enhanced camera features.""","""I'm writing this after 3 days of purchase. Camera - Average (not for those looking for a good camera). Battery performance is very good and lasts 1.5 days. In this price range a fast charger should be added. It takes almost 110 minutes for full charging. Minor heating issue after regular use. No lag issue. Front camera wide angle feature is missing. Overall phone is very good in performance and battery backup, but it should carry a fast charger and enhanced camera features.""",480,83,Good,False,Positive,0.7301
REV000279,PH012,Oneplus Nord CE 6 Lite,Amazon,"""Nice phone with good battery and display and phone colour is also good. This is a good phone in this price range.""","""Nice phone with good battery and display and phone colour is also good. This is a good phone in this price range.""",115,22,Good,False,Positive,0.9825
REV000280,PH012,Oneplus Nord CE 6 Lite,Amazon,"""Good smartphone.""","""Good smartphone.""",18,2,Short Review,False,Positive,0.9351
REV000281,PH012,Oneplus Nord CE 6 Lite,Amazon,"""Hi this is best quality mobile with battery backup. Thanks.""","""Hi this is best quality mobile with battery backup. Thanks.""",61,10,Good,False,Positive,0.972
REV000282,PH012,Oneplus Nord CE 6 Lite,Amazon,"""After using 15 days, what I have realized is that camera quality is just okay. It misses details in images and I am disappointed with camera performance. Graphical performance of MediaTek is not what I expected. If you are looking for good graphical performance then look for some other phones.""","""After using 15 days, what I have realized is that camera quality is just okay. It misses details in images and I am disappointed with camera performance. Graphical performance of MediaTek is not what I expected. If you are looking for good graphical performance then look for some other phones.""",296,50,Good,False,Negative,0.9012
REV000283,PH012,Oneplus Nord CE 6 Lite,Amazon,"""The OnePlus Nord CE6 Lite offers great battery life, fast charging, a smooth 120Hz display, and reliable performance for everyday tasks. The phone looks premium and feels comfortable to use. Camera quality is good for the price, and OxygenOS provides a clean user experience. Definitely worth buying if you're looking for a budget-friendly smartphone.""","""The OnePlus Nord CE6 Lite offers great battery life, fast charging, a smooth 120Hz display, and reliable performance for everyday tasks. The phone looks premium and feels comfortable to use. Camera quality is good for the price, and OxygenOS provides a clean user experience. Definitely worth buying if you're looking for a budget-friendly smartphone.""",353,54,Good,False,Positive,0.975
REV000284,PH012,Oneplus Nord CE 6 Lite,Amazon,"""Display looks clean, touch performance is better and improved. Best in durability and compatibility. Fast processor. Good battery life. Overall good experience so far.""","""Display looks clean, touch performance is better and improved. Best in durability and compatibility. Fast processor. Good battery life. Overall good experience so far.""",169,24,Good,False,Positive,0.9767
REV000285,PH012,Oneplus Nord CE 6 Lite,Amazon,"""Item is good as of now but had an issue with exchange.""","""Item is good as of now but had an issue with exchange.""",56,12,Good,False,Neutral,0.6734
REV000286,PH012,Oneplus Nord CE 6 Lite,Amazon,"""Good mobile. But may be better in this price range.""","""Good mobile. But may be better in this price range.""",53,10,Good,False,Positive,0.8965
REV000287,PH012,Oneplus Nord CE 6 Lite,Amazon,"""Ok at this price but nothing seems to be impressive.""","""Ok at this price but nothing seems to be impressive.""",54,10,Good,False,Negative,0.6837
REV000288,PH012,Oneplus Nord CE 6 Lite,Amazon,"""The UI feels incredibly smooth. The camera performs decently, the sound quality is good, and the build quality is solid. Overall, it's a well-balanced device that delivers a good experience for everyday use.""","""The UI feels incredibly smooth. The camera performs decently, the sound quality is good, and the build quality is solid. Overall, it's a well-balanced device that delivers a good experience for everyday use.""",209,33,Good,False,Positive,0.9758
REV000289,PH012,Oneplus Nord CE 6 Lite,Amazon,"""Good. Nothing bad.""","""Good. Nothing bad.""",20,3,Short Review,False,Positive,0.8326
REV000290,PH012,Oneplus Nord CE 6 Lite,Amazon,"""Best item.""","""Best item.""",12,2,Short Review,False,Positive,0.9721
REV000291,PH012,Oneplus Nord CE 6 Lite,Amazon,"""This price range at this time OnePlus Nord CE6 Lite is one of the best choices. Premium look and feel. Camera quality is very good. Battery is very good. Performance is very good. Go for it.""","""This price range at this time OnePlus Nord CE6 Lite is one of the best choices. Premium look and feel. Camera quality is very good. Battery is very good. Performance is very good. Go for it.""",192,36,Good,False,Positive,0.982
REV000292,PH012,Oneplus Nord CE 6 Lite,Amazon,"""Good performance but phone weight is high.""","""Good performance but phone weight is high.""",44,7,Good,False,Neutral,0.3955
REV000293,PH012,Oneplus Nord CE 6 Lite,Amazon,"""Camera quality is low, rest is okay.""","""Camera quality is low, rest is okay.""",38,7,Good,False,Neutral,0.5384
REV000294,PH012,Oneplus Nord CE 6 Lite,Amazon,"""Okay Okay.""","""Okay Okay.""",12,2,Short Review,False,Positive,0.4958
REV000295,PH012,Oneplus Nord CE 6 Lite,Amazon,"""Good and specification, storage, sleek and slim.""","""Good and specification, storage, sleek and slim.""",50,7,Good,False,Positive,0.8622
REV000296,PH012,Oneplus Nord CE 6 Lite,Amazon,"""Another bang for bucks device by OnePlus. Loved the UI and camera quality. Buttery smooth UI. Overall a good performer. I just didn't like the mic quality and sound quality.""","""Another bang for bucks device by OnePlus. Loved the UI and camera quality. Buttery smooth UI. Overall a good performer. I just didn't like the mic quality and sound quality.""",175,30,Good,False,Positive,0.6812
REV000297,PH012,Oneplus Nord CE 6 Lite,Amazon,"""A little heavier than what I imagined. Should have been slim and the feel is not so premium.""","""A little heavier than what I imagined. Should have been slim and the feel is not so premium.""",94,18,Good,False,Negative,0.5423
REV000298,PH012,Oneplus Nord CE 6 Lite,Amazon,"""Good for price.""","""Good for price.""",17,3,Short Review,False,Positive,0.779
REV000299,PH012,Oneplus Nord CE 6 Lite,Amazon,"""Decent phone.""","""Decent phone.""",15,2,Short Review,False,Positive,0.8946
REV000300,PH012,Oneplus Nord CE 6 Lite,Amazon,"""Phone is really good. Go for it.""","""Phone is really good. Go for it.""",34,7,Good,False,Positive,0.9767
REV000301,PH012,Oneplus Nord CE 6 Lite,Amazon,"""Received this mobile. It looks nice and smooth.""","""Received this mobile. It looks nice and smooth.""",49,8,Good,False,Positive,0.9621
REV000302,PH012,Oneplus Nord CE 6 Lite,Amazon,"""Overall good.""","""Overall good.""",15,2,Short Review,False,Positive,0.955
REV000303,PH012,Oneplus Nord CE 6 Lite,Amazon,"""Battery is good.""","""Battery is good.""",18,3,Short Review,False,Positive,0.9539
REV000304,PH012,Oneplus Nord CE 6 Lite,Amazon,"""Phone is quite good. Good design, fingerprint sensor in power button, battery backup good. AI features sometimes mess up. Sometimes you may face performance issues. At 23k you may get a better phone in the market.""","""Phone is quite good. Good design, fingerprint sensor in power button, battery backup good. AI features sometimes mess up. Sometimes you may face performance issues. At 23k you may get a better phone in the market.""",215,36,Good,False,Positive,0.8934
REV000305,PH012,Oneplus Nord CE 6 Lite,Amazon,"""Phone features are too good but battery is not sustainable for more than one day.""","""Phone features are too good but battery is not sustainable for more than one day.""",83,15,Good,False,Negative,0.7433
REV000306,PH012,Oneplus Nord CE 6 Lite,Amazon,"""Average bas pese k hisab se.""","""Average bas pese k hisab se.""",30,6,Good,False,Neutral,0.8584
REV000307,PH012,Oneplus Nord CE 6 Lite,Amazon,"""Overall good quality phone. Best battery life. Camera is just okay.""","""Overall good quality phone. Best battery life. Camera is just okay.""",69,11,Good,False,Positive,0.9727
REV000308,PH012,Oneplus Nord CE 6 Lite,Amazon,"""Everything is good except camera. Camera is normal.""","""Everything is good except camera. Camera is normal.""",53,8,Good,False,Positive,0.8918
REV000309,PH012,Oneplus Nord CE 6 Lite,Amazon,"""Good in this budget.""","""Good in this budget.""",22,4,Good,False,Positive,0.9483
REV000310,PH012,Oneplus Nord CE 6 Lite,Amazon,"""I bought this for my mom. Phone is good overall. Cons are not all 5G bands supported and it feels a little laggy due to the MTK processor.""","""I bought this for my mom. Phone is good overall. Cons are not all 5G bands supported and it feels a little laggy due to the MTK processor.""",140,28,Good,False,Positive,0.8756
REV000311,PH012,Oneplus Nord CE 6 Lite,Amazon,"""Very nice interface but the camera is not up to the mark.""","""Very nice interface but the camera is not up to the mark.""",59,12,Good,False,Negative,0.8097
REV000312,PH012,Oneplus Nord CE 6 Lite,Amazon,"""Awesome 😎👍 Maine offer me 19600 ka liya best hai.""","""Awesome 😎👍 Maine offer me 19600 ka liya best hai.""",51,10,Good,False,Positive,0.9781
REV000313,PH012,Oneplus Nord CE 6 Lite,Amazon,"""Nice phone, camera is good.""","""Nice phone, camera is good.""",29,5,Good,False,Positive,0.9786
REV000314,PH012,Oneplus Nord CE 6 Lite,Amazon,"""Overall good smartphone.""","""Overall good smartphone.""",26,3,Short Review,False,Positive,0.9618
REV000315,PH012,Oneplus Nord CE 6 Lite,Amazon,"""It's pretty good, nice working and processor is good.""","""It's pretty good, nice working and processor is good.""",55,9,Good,False,Positive,0.9774
REV000316,PH012,Oneplus Nord CE 6 Lite,Amazon,"""Best mobile in range.""","""Best mobile in range.""",23,4,Good,False,Positive,0.9625
REV000317,PH012,Oneplus Nord CE 6 Lite,Amazon,"""My old AMOLED gave me terrible headaches from PWM flickering at night, but this Nord CE6 Lite screen is so easy on the eyes. The colors actually look natural. Good battery life, lasts 2 days with one charge.""","""My old AMOLED gave me terrible headaches from PWM flickering at night, but this Nord CE6 Lite screen is so easy on the eyes. The colors actually look natural. Good battery life, lasts 2 days with one charge.""",209,38,Good,False,Positive,0.8101
REV000318,PH012,Oneplus Nord CE 6 Lite,Amazon,"""Nice product.""","""Nice product.""",15,2,Short Review,False,Positive,0.9644
REV000319,PH012,Oneplus Nord CE 6 Lite,Amazon,"""Good.""","""Good.""",7,1,Very Short,False,Positive,0.932
REV000320,PH012,Oneplus Nord CE 6 Lite,Amazon,"""Good battery life and camera quality.""","""Good battery life and camera quality.""",39,6,Good,False,Positive,0.9405
REV000321,PH012,Oneplus Nord CE 6 Lite,Amazon,"""Nice to use, battery lasts for three days. Mild heat is there, otherwise no issues.""","""Nice to use, battery lasts for three days. Mild heat is there, otherwise no issues.""",85,15,Good,False,Positive,0.9285
REV000322,PH012,Oneplus Nord CE 6 Lite,Amazon,"""Quality was awesome.""","""Quality was awesome.""",22,3,Short Review,False,Positive,0.9844
REV000323,PH012,Oneplus Nord CE 6 Lite,Amazon,"""Awesome.""","""Awesome.""",10,1,Very Short,False,Positive,0.9785
REV000324,PH012,Oneplus Nord CE 6 Lite,Amazon,"""Slow performance. Battery backup good. Charging slow. Camera okay.""","""Slow performance. Battery backup good. Charging slow. Camera okay.""",68,9,Good,False,Neutral,0.4839
REV000325,PH012,Oneplus Nord CE 6 Lite,Amazon,"""Product is good.""","""Product is good.""",18,3,Short Review,False,Positive,0.9487
REV000326,PH012,Oneplus Nord CE 6 Lite,Amazon,"""Good quality so far. Only a week yet let's see for great experience.""","""Good quality so far. Only a week yet let's see for great experience.""",70,13,Good,False,Positive,0.9799
REV000327,PH012,Oneplus Nord CE 6 Lite,Amazon,"""I have earlier used OnePlus 3 and it worked almost 5+ years without issues. Fast charging is really good. The bad thing is the LCD display and that it is prone to scratches. It is a good phone overall.""","""I have earlier used OnePlus 3 and it worked almost 5+ years without issues. Fast charging is really good. The bad thing is the LCD display and that it is prone to scratches. It is a good phone overall.""",203,39,Good,False,Positive,0.9416
REV000328,PH012,Oneplus Nord CE 6 Lite,Amazon,"""A very good product for value of money and customer needs.""","""A very good product for value of money and customer needs.""",60,11,Good,False,Positive,0.9712
REV000329,PH012,Oneplus Nord CE 6 Lite,Amazon,"""Good.""","""Good.""",7,1,Very Short,True,Positive,0.932
REV000330,PH012,Oneplus Nord CE 6 Lite,Amazon,"""Phone is great. Camera quality is 8/10. Very smooth. Battery backup is also good. I only wish it had an AMOLED display instead of IPS LCD.""","""Phone is great. Camera quality is 8/10. Very smooth. Battery backup is also good. I only wish it had an AMOLED display instead of IPS LCD.""",140,26,Good,False,Positive,0.9733
REV000331,PH012,Oneplus Nord CE 6 Lite,Amazon,"""This phone is pure value for money. At this price you get a 7000mAh battery, 144Hz screen, and fast performance. I like the clean software and AI features too.""","""This phone is pure value for money. At this price you get a 7000mAh battery, 144Hz screen, and fast performance. I like the clean software and AI features too.""",161,29,Good,False,Positive,0.9757
REV000332,PH012,Oneplus Nord CE 6 Lite,Amazon,"""Coming from a 3-year-old Samsung, this Nord CE6 Lite is good value for money. Gaming is fast. Battery life is great. No regrets.""","""Coming from a 3-year-old Samsung, this Nord CE6 Lite is good value for money. Gaming is fast. Battery life is great. No regrets.""",130,23,Good,False,Positive,0.9772
REV000333,PH012,Oneplus Nord CE 6 Lite,Amazon,"""Overall very good. I found more than expected.""","""Overall very good. I found more than expected.""",48,8,Good,False,Positive,0.9853
REV000334,PH012,Oneplus Nord CE 6 Lite,Amazon,"""I have received OnePlus Nord CE6 Lite on 5 June 2026. After using it for 4 days, my review is that it is good in this price range. Camera is good but not the best. Extra features like vapour chamber cooling and bypass charging are useful for gamers.""","""I have received OnePlus Nord CE6 Lite on 5 June 2026. After using it for 4 days, my review is that it is good in this price range. Camera is good but not the best. Extra features like vapour chamber cooling and bypass charging are useful for gamers.""",251,48,Good,False,Positive,0.8376
REV000335,PH012,Oneplus Nord CE 6 Lite,Amazon,"""The delivery guy was good; he opened the box, let me check the phone, and the phone was working alright.""","""The delivery guy was good; he opened the box, let me check the phone, and the phone was working alright.""",106,20,Good,False,Positive,0.9208
REV000336,PH012,Oneplus Nord CE 6 Lite,Amazon,"""The OnePlus Nord CE6 Lite 5G is a solid budget smartphone that focuses on battery life, smooth performance, and everyday reliability. The 7000mAh battery easily lasts up to two days.""","""The OnePlus Nord CE6 Lite 5G is a solid budget smartphone that focuses on battery life, smooth performance, and everyday reliability. The 7000mAh battery easily lasts up to two days.""",184,30,Good,False,Positive,0.9474
REV000337,PH012,Oneplus Nord CE 6 Lite,Amazon,"""Good battery backup. Display quality better. Camera is also good.""","""Good battery backup. Display quality better. Camera is also good.""",67,10,Good,False,Positive,0.9664
REV000338,PH012,Oneplus Nord CE 6 Lite,Amazon,"""Battery life is good. Screen size is perfect.""","""Battery life is good. Screen size is perfect.""",47,8,Good,False,Positive,0.9783
REV000339,PH012,Oneplus Nord CE 6 Lite,Amazon,"""Regret for inconvenience... it's my mistake. The device is working.""","""Regret for inconvenience... it's my mistake. The device is working.""",69,10,Good,False,Neutral,0.6594
REV000340,PH012,Oneplus Nord CE 6 Lite,Amazon,"""Best in segment value for money product.""","""Best in segment value for money product.""",42,7,Good,False,Positive,0.9475
REV000341,PH012,Oneplus Nord CE 6 Lite,Amazon,"""Item was good, working as per expectation. I am satisfied.""","""Item was good, working as per expectation. I am satisfied.""",60,10,Good,False,Positive,0.9639
REV000342,PH012,Oneplus Nord CE 6 Lite,Amazon,"""Okay okay.""","""Okay okay.""",12,2,Short Review,True,Positive,0.5016
REV000343,PH012,Oneplus Nord CE 6 Lite,Amazon,"""Nice phone with unbeatable features.""","""Nice phone with unbeatable features.""",38,5,Good,False,Positive,0.979
REV000344,PH012,Oneplus Nord CE 6 Lite,Amazon,"""Very nice mobile.""","""Very nice mobile.""",19,3,Short Review,False,Positive,0.9741
REV000345,PH012,Oneplus Nord CE 6 Lite,Amazon,"""Good quality product.""","""Good quality product.""",23,3,Short Review,False,Positive,0.9289
REV000346,PH012,Oneplus Nord CE 6 Lite,Amazon,"""Nice product.""","""Nice product.""",15,2,Short Review,True,Positive,0.9644
REV000347,PH012,Oneplus Nord CE 6 Lite,Amazon,"""Bought it on the launch day. Have been loving it so far. Camera and battery backup are as advertised. Good value for money.""","""Bought it on the launch day. Have been loving it so far. Camera and battery backup are as advertised. Good value for money.""",125,23,Good,False,Positive,0.9799
REV000348,PH012,Oneplus Nord CE 6 Lite,Amazon,"""Camera quality is very bad. Volume buttons make noise while increasing volume. Overall I'm not satisfied with this product.""","""Camera quality is very bad. Volume buttons make noise while increasing volume. Overall I'm not satisfied with this product.""",125,19,Good,False,Negative,0.9403
REV000349,PH012,Oneplus Nord CE 6 Lite,Amazon,"""The OnePlus Nord CE 6 Lite offers a sleek design with a premium look and comfortable grip. 120Hz display, impressive battery life, and great value for money.""","""The OnePlus Nord CE 6 Lite offers a sleek design with a premium look and comfortable grip. 120Hz display, impressive battery life, and great value for money.""",159,27,Good,False,Positive,0.9718
REV000350,PH012,Oneplus Nord CE 6 Lite,Amazon,"""Good product.""","""Good product.""",15,2,Short Review,False,Positive,0.9522
REV000351,PH012,Oneplus Nord CE 6 Lite,Amazon,"""Good product.""","""Good product.""",15,2,Short Review,True,Positive,0.9522
REV000352,PH012,Oneplus Nord CE 6 Lite,Amazon,"""At the time of delivery the inside box seal was opened.""","""At the time of delivery the inside box seal was opened.""",57,11,Good,False,Neutral,0.9163
REV000353,PH012,Oneplus Nord CE 6 Lite,Amazon,"""Excellent battery life with super-fast charging. Smooth display and reliable performance for daily use. Great value-for-money smartphone.""","""Excellent battery life with super-fast charging. Smooth display and reliable performance for daily use. Great value-for-money smartphone.""",139,17,Good,False,Positive,0.9789
REV000354,PH012,Oneplus Nord CE 6 Lite,Amazon,"""Nice product.""","""Nice product.""",15,2,Short Review,True,Positive,0.9644
REV000355,PH012,Oneplus Nord CE 6 Lite,Amazon,"""Very good and excellent.""","""Very good and excellent.""",26,4,Good,False,Positive,0.9814
REV000356,PH012,Oneplus Nord CE 6 Lite,Amazon,"""Good.""","""Good.""",7,1,Very Short,True,Positive,0.932
REV000357,PH012,Oneplus Nord CE 6 Lite,Amazon,"""One of the best mobiles I bought in a couple of years. Performance superb for gaming. 7000mAh battery is enough for the whole day.""","""One of the best mobiles I bought in a couple of years. Performance superb for gaming. 7000mAh battery is enough for the whole day.""",132,24,Good,False,Positive,0.9828
REV000358,PH012,Oneplus Nord CE 6 Lite,Amazon,"""Phone is good but delivery experience was disappointing. Parcel was delayed, calls ignored, and misleading information was provided.""","""Phone is good but delivery experience was disappointing. Parcel was delayed, calls ignored, and misleading information was provided.""",134,18,Good,False,Negative,0.9096
REV000359,PH012,Oneplus Nord CE 6 Lite,Amazon,"""Phone battery is good and performance is also good but camera is okay okay.""","""Phone battery is good and performance is also good but camera is okay okay.""",77,14,Good,False,Positive,0.9403
REV000360,PH012,Oneplus Nord CE 6 Lite,Amazon,"""Good.""","""Good.""",7,1,Very Short,True,Positive,0.932
REV000361,PH012,Oneplus Nord CE 6 Lite,Amazon,"""Good.""","""Good.""",7,1,Very Short,True,Positive,0.932
REV000362,PH012,Oneplus Nord CE 6 Lite,Amazon,"""Best OnePlus phone.""","""Best OnePlus phone.""",21,3,Short Review,False,Positive,0.9708
REV000363,PH012,Oneplus Nord CE 6 Lite,Amazon,"""Nice super.""","""Nice super.""",13,2,Short Review,False,Positive,0.9474
REV000364,PH012,Oneplus Nord CE 6 Lite,Amazon,"""Nice.""","""Nice.""",7,1,Very Short,False,Positive,0.9461
REV000365,PH012,Oneplus Nord CE 6 Lite,Amazon,"""Ok but not impressed.""","""Ok but not impressed.""",23,4,Good,False,Negative,0.8546
REV000366,PH012,Oneplus Nord CE 6 Lite,Amazon,"""Nice product.""","""Nice product.""",15,2,Short Review,True,Positive,0.9644
REV000367,PH012,Oneplus Nord CE 6 Lite,Amazon,"""Good compact phone. Feels good in hand. Camera quality and daily routine operation is good. A little bit expensive. World's best phone.""","""Good compact phone. Feels good in hand. Camera quality and daily routine operation is good. A little bit expensive. World's best phone.""",137,22,Good,False,Positive,0.9712
REV000368,PH012,Oneplus Nord CE 6 Lite,Amazon,"""Nice looking. Great camera. Super battery life.""","""Nice looking. Great camera. Super battery life.""",49,7,Good,False,Positive,0.9782
REV000369,PH012,Oneplus Nord CE 6 Lite,Amazon,"""Nice.""","""Nice.""",7,1,Very Short,True,Positive,0.9461
REV000370,PH012,Oneplus Nord CE 6 Lite,Amazon,"""Awesome mobile.""","""Awesome mobile.""",17,2,Short Review,False,Positive,0.9769
REV000371,PH012,Oneplus Nord CE 6 Lite,Amazon,"""Good.""","""Good.""",7,1,Very Short,True,Positive,0.932
REV000372,PH012,Oneplus Nord CE 6 Lite,Amazon,"""Battery, camera and display all are amazing. All-rounder phone.""","""Battery, camera and display all are amazing. All-rounder phone.""",65,9,Good,False,Positive,0.9852
REV000373,PH012,Oneplus Nord CE 6 Lite,Amazon,"""Good compact phone. Feels good in hand. Camera quality and normal daily routine operation is good. A little bit expensive.""","""Good compact phone. Feels good in hand. Camera quality and normal daily routine operation is good. A little bit expensive.""",124,20,Good,False,Positive,0.9366
REV000374,PH012,Oneplus Nord CE 6 Lite,Amazon,"""Satisfied with performance as per price.""","""Satisfied with performance as per price.""",42,6,Good,False,Positive,0.6161
REV000375,PH013,Poco C81,Flipkart,"""Slow performance""","""Slow performance""",18,2,Short Review,False,Negative,0.6042
REV000376,PH013,Poco C81,Flipkart,"""Good""","""Good""",6,1,Very Short,False,Positive,0.7658
REV000377,PH013,Poco C81,Flipkart,"""Very nice phone""","""Very nice phone""",17,3,Short Review,False,Positive,0.9744
REV000378,PH013,Poco C81,Flipkart,"""Very worst performance""","""Very worst performance""",24,3,Short Review,False,Negative,0.9244
REV000379,PH013,Poco C81,Flipkart,"""Hang phone""","""Hang phone""",12,2,Short Review,False,Neutral,0.859
REV000380,PH013,Poco C81,Flipkart,"""This is 4G phone, don't BUY.""","""This is 4G phone, don't BUY.""",30,6,Good,False,Negative,0.6744
REV000381,PH013,Poco C81,Flipkart,"""good""","""good""",6,1,Very Short,True,Positive,0.5239
REV000382,PH013,Poco C81,Flipkart,"""Performance very slow or Overhiting please exchange my phone""","""Performance very slow or Overhiting please exchange my phone""",62,9,Good,False,Negative,0.8715
REV000383,PH013,Poco C81,Flipkart,"""Okay product""","""Okay product""",14,2,Short Review,False,Neutral,0.7863
REV000384,PH013,Poco C81,Flipkart,"""Better""","""Better""",8,1,Very Short,False,Neutral,0.5358
REV000385,PH013,Poco C81,Flipkart,"""Worst phone ever""","""Worst phone ever""",18,3,Short Review,False,Negative,0.9376
REV000386,PH014,Poco C81x,Flipkart,"""Thank you flipkart""","""Thank you flipkart""",20,3,Short Review,False,Positive,0.7397
REV000387,PH014,Poco C81x,Flipkart,"""Okay 👍""","""Okay 👍""",8,2,Short Review,False,Positive,0.852
REV000388,PH014,Poco C81x,Flipkart,"""Good""","""Good""",6,1,Very Short,False,Positive,0.7658
REV000389,PH014,Poco C81x,Flipkart,"""Good but it took lots of time to charge""","""Good but it took lots of time to charge""",41,9,Good,False,Neutral,0.4762
REV000390,PH014,Poco C81x,Flipkart,"""Not worth money, heats while charging""","""Not worth money, heats while charging""",39,6,Good,False,Negative,0.8936
REV000391,PH014,Poco C81x,Flipkart,"""Good Mobile""","""Good Mobile""",13,2,Short Review,False,Positive,0.8314
REV000392,PH014,Poco C81x,Flipkart,"""Performance not best""","""Performance not best""",22,3,Short Review,False,Negative,0.6003
REV000393,PH014,Poco C81x,Flipkart,"""Phone has heat problem. Heat is so high while charging the phone. Also takes much time to charge after 60%""","""Phone has heat problem. Heat is so high while charging the phone. Also takes much time to charge after 60%""",108,20,Good,False,Negative,0.8346
REV000394,PH014,Poco C81x,Flipkart,"""Very bad""","""Very bad""",10,2,Short Review,False,Negative,0.8849
REV000395,PH014,Poco C81x,Flipkart,"""Bad phone""","""Bad phone""",11,2,Short Review,False,Negative,0.7865
REV000396,PH014,Poco C81x,Flipkart,"""Very bad""","""Very bad""",10,2,Short Review,True,Negative,0.8849
REV000397,PH015,Redmi A7,Flipkart,"""very nice""","""very nice""",11,2,Short Review,False,Positive,0.9673
REV000398,PH015,Redmi A7,Flipkart,"""very very disappointing mobile""","""very very disappointing mobile""",32,4,Good,False,Negative,0.9334
REV000399,PH015,Redmi A7,Amazon,"""nice""","""nice""",6,1,Very Short,False,Positive,0.6514
REV000400,PH015,Redmi A7,Amazon,"""Very low sound quality""","""Very low sound quality""",24,4,Good,False,Negative,0.8956
REV000401,PH015,Redmi A7,Amazon,"""Too much expensive in category""","""Too much expensive in category""",32,5,Good,False,Negative,0.7612
REV000402,PH015,Redmi A7,Amazon,"""Not charging well n not cleared the speaker""","""Not charging well n not cleared the speaker""",45,8,Good,False,Negative,0.8144
REV000403,PH015,Redmi A7,Amazon,"""It doesn't even have the mi hyper os and basic apps and also miss sensors""","""It doesn't even have the mi hyper os and basic apps and also miss sensors""",75,15,Good,False,Negative,0.8879
REV000404,PH015,Redmi A7,Amazon,"""Phone budget to hisab se mast hai. Battery pure din chal jati hai aur display bhi kaafi badi hai. WhatsApp, YouTube aur normal use ke diye bilkul sahi hai. Camera bhi theek hai din me photo ke lien. Is price me value for money and money""","""Phone budget to hisab se mast hai. Battery pure din chal jati hai aur display bhi kaafi badi hai. WhatsApp, YouTube aur normal use ke diye bilkul sahi hai. Camera bhi theek hai din me photo ke lien. Is price me value for money and money""",238,46,Good,False,Neutral,0.687
REV000405,PH016,Redmi A7 Pro,Flipkart,"""Very slow mobile phone""","""Very slow mobile phone""",24,4,Good,False,Negative,0.8029
REV000406,PH016,Redmi A7 Pro,Flipkart,"""Awesome""","""Awesome""",9,1,Very Short,False,Positive,0.9743
REV000407,PH016,Redmi A7 Pro,Flipkart,"""All things are good except the charge it is not working I am using a different charger to charge""","""All things are good except the charge it is not working I am using a different charger to charge""",98,19,Good,False,Neutral,0.4569
REV000408,PH016,Redmi A7 Pro,Flipkart,"""Need to be camera improve very bad photos""","""Need to be camera improve very bad photos""",43,8,Good,False,Negative,0.9003
REV000409,PH016,Redmi A7 Pro,Flipkart,"""Amazing""","""Amazing""",9,1,Very Short,False,Positive,0.9573
REV000410,PH016,Redmi A7 Pro,Flipkart,"""Satisfied""","""Satisfied""",11,1,Very Short,False,Positive,0.5727
REV000411,PH016,Redmi A7 Pro,Flipkart,"""nice photo""","""nice photo""",12,2,Short Review,False,Positive,0.9308
REV000412,PH016,Redmi A7 Pro,Flipkart,"""Pouch kittiyilla""","""Pouch kittiyilla""",18,2,Short Review,False,Neutral,0.8435
REV000413,PH016,Redmi A7 Pro,Flipkart,"""Good 👍""","""Good 👍""",8,2,Short Review,False,Positive,0.9672
REV000414,PH016,Redmi A7 Pro,Flipkart,"""So good""","""So good""",9,2,Short Review,False,Positive,0.9779
REV000415,PH016,Redmi A7 Pro,Flipkart,"""Value for money""","""Value for money""",17,3,Short Review,False,Neutral,0.7623
REV000416,PH016,Redmi A7 Pro,Flipkart,"""Everything is good""","""Everything is good""",20,3,Short Review,False,Positive,0.9405
REV000417,PH016,Redmi A7 Pro,Flipkart,"""Camera could be better. Redmi 13 offered a better camera""","""Camera could be better. Redmi 13 offered a better camera""",58,10,Good,False,Positive,0.5449
REV000418,PH016,Redmi A7 Pro,Flipkart,"""Biuty full product""","""Biuty full product""",20,3,Short Review,False,Neutral,0.8938
REV000419,PH016,Redmi A7 Pro,Flipkart,"""Battery Charging is very slow""","""Battery Charging is very slow""",31,5,Good,False,Negative,0.8285
REV000420,PH016,Redmi A7 Pro,Flipkart,"""Battery timing very bad""","""Battery timing very bad""",25,4,Good,False,Negative,0.9047
REV000421,PH016,Redmi A7 Pro,Flipkart,"""One of the worst product""","""One of the worst product""",26,5,Good,False,Negative,0.9472
REV000422,PH016,Redmi A7 Pro,Flipkart,"""Waste of money""","""Waste of money""",16,3,Short Review,False,Negative,0.8448
REV000423,PH016,Redmi A7 Pro,Flipkart,"""There is mobile sound n network issue this is damage phone. Not satisfied""","""There is mobile sound n network issue this is damage phone. Not satisfied""",75,13,Good,False,Negative,0.9141
REV000424,PH016,Redmi A7 Pro,Flipkart,"""Mobile is heating when in use""","""Mobile is heating when in use""",31,6,Good,False,Neutral,0.8721
REV000425,PH016,Redmi A7 Pro,Flipkart,"""Very bad quality produ.dont purchase any please.very very bad quality slow performance hanging poor quality over heating etc.""","""Very bad quality produ.dont purchase any please.very very bad quality slow performance hanging poor quality over heating etc.""",127,18,Good,False,Negative,0.923
REV000426,PH016,Redmi A7 Pro,Flipkart,"""Not performing as per configuration. Too slow phone. Battery backup is also not good. Only one day backup similar like my 3 years old phone. Not value for money.""","""Not performing as per configuration. Too slow phone. Battery backup is also not good. Only one day backup similar like my 3 years old phone. Not value for money.""",163,29,Good,False,Negative,0.9342
REV000427,PH016,Redmi A7 Pro,Flipkart,"""Very worst products, phone full hang, no using""","""Very worst products, phone full hang, no using""",48,8,Good,False,Negative,0.946
REV000428,PH016,Redmi A7 Pro,Flipkart,"""Phone performance was not ok, very slow processing with this price range.""","""Phone performance was not ok, very slow processing with this price range.""",75,12,Good,False,Negative,0.9351
REV000429,PH016,Redmi A7 Pro,Flipkart,"""Not good totally waste off money don't by this phone""","""Not good totally waste off money don't by this phone""",54,10,Good,False,Negative,0.9334
REV000430,PH016,Redmi A7 Pro,Flipkart,"""Very poor performance, hanging problem""","""Very poor performance, hanging problem""",40,5,Good,False,Negative,0.9274
REV000431,PH016,Redmi A7 Pro,Flipkart,"""Third class mobile by redmi😤😤😤""","""Third class mobile by redmi😤😤😤""",32,5,Good,False,Negative,0.7532
REV000432,PH016,Redmi A7 Pro,Flipkart,"""Bery bad mobile over heating and very slow charging 1% charging 20 minutes""","""Bery bad mobile over heating and very slow charging 1% charging 20 minutes""",76,13,Good,False,Negative,0.9236
REV000433,PH016,Redmi A7 Pro,Flipkart,"""Good mobile phone in affordable price.""","""Good mobile phone in affordable price.""",40,6,Good,False,Positive,0.9283
REV000434,PH016,Redmi A7 Pro,Flipkart,"""Very good 👍🏻""","""Very good 👍🏻""",14,3,Short Review,False,Positive,0.9842
REV000435,PH016,Redmi A7 Pro,Flipkart,"""Camera quality bad""","""Camera quality bad""",20,3,Short Review,False,Negative,0.8418
REV000436,PH016,Redmi A7 Pro,Flipkart,"""Very Big Size Looks Like a Tab""","""Very Big Size Looks Like a Tab""",32,7,Good,False,Neutral,0.5054
REV000437,PH016,Redmi A7 Pro,Flipkart,"""Overheating issue""","""Overheating issue""",19,2,Short Review,False,Neutral,0.5644
REV000438,PH016,Redmi A7 Pro,Flipkart,"""bad camara""","""bad camara""",12,2,Short Review,False,Negative,0.7464
REV000439,PH016,Redmi A7 Pro,Flipkart,"""Don't buy. Battery always hit.""","""Don't buy. Battery always hit.""",32,5,Good,False,Neutral,0.4951
REV000440,PH016,Redmi A7 Pro,Flipkart,"""The camera isn't as good as expected. Charging is very slow. The phone hangs and runs very slowly. This phone isn't value for money. Its features aren't as impressive as stated.""","""The camera isn't as good as expected. Charging is very slow. The phone hangs and runs very slowly. This phone isn't value for money. Its features aren't as impressive as stated.""",179,31,Good,False,Negative,0.9447
REV000441,PH016,Redmi A7 Pro,Flipkart,"""Overheating. Battery fast down. Sololy working. 5 to 10 second time for windows change""","""Overheating. Battery fast down. Sololy working. 5 to 10 second time for windows change""",88,14,Good,False,Negative,0.4999
REV000442,PH016,Redmi A7 Pro,Flipkart,"""Overall average performance within the budget.""","""Overall average performance within the budget.""",48,6,Good,False,Neutral,0.6391
REV000443,PH016,Redmi A7 Pro,Flipkart,"""One of the worst mobile I have purchased...this mobile has voice and Brightness issue...i went to service center they said there is no problem and we cannot replace the phone.... My trust on redmi is ...""","""One of the worst mobile I have purchased...this mobile has voice and Brightness issue...i went to service center they said there is no problem and we cannot replace the phone.... My trust on redmi is ...""",205,36,Good,False,Negative,0.9268
REV000444,PH016,Redmi A7 Pro,Flipkart,"""Everything is okay except the poor camera quality and the useless virtual proximity sensor. And the speaker quality could be a little better.""","""Everything is okay except the poor camera quality and the useless virtual proximity sensor. And the speaker quality could be a little better.""",143,23,Good,False,Positive,0.4482
REV000445,PH016,Redmi A7 Pro,Flipkart,"""Wrost products so much hang""","""Wrost products so much hang""",29,5,Good,False,Negative,0.6354
REV000446,PH016,Redmi A7 Pro,Flipkart,"""Camera quality is like 7-8k phone not as expected.""","""Camera quality is like 7-8k phone not as expected.""",52,9,Good,False,Negative,0.7197
REV000447,PH016,Redmi A7 Pro,Amazon,"""The battery life on this phone is an absolute beast, and the massive 120Hz screen is incredible for watching videos. However, the 64GB storage fills up almost instantly with Android 16 system files, and the 15W charging takes nearly 3 hours. It's a fantastic, future-proof budget 5G phone for casual use, but you will definitely need to buy a MicroSD card for extra space.""","""The battery life on this phone is an absolute beast, and the massive 120Hz screen is incredible for watching videos. However, the 64GB storage fills up almost instantly with Android 16 system files, and the 15W charging takes nearly 3 hours. It's a fantastic, future-proof budget 5G phone for casual use, but you will definitely need to buy a MicroSD card for extra space.""",374,64,Good,False,Positive,0.9652
REV000448,PH016,Redmi A7 Pro,Amazon,"""Cons: 4gb ram sucks. The second you put any app like youtube, Amazon, Chrome or any other significant app in the background, system closes that app. The app restarts upon opening again. It's impossible to write OTP in any app, since you have to minimize the app to open the msg app to see OTP. And when you get back to the app to write otp, the app restarts. Out of 4gb ram only 1.5gb ram is accessible. 6300mah feels average (I have installed 2 Sims and use it under 5g). It barely lasts one day. Only buy this phone for calls and watching YouTube or if you want cheapest 5g phone. It costed me 11k with all the discounts. Pros: Large screen. Battery management app is very effective. 4 years OS updates. Honestly nothing else.""","""Cons: 4gb ram sucks. The second you put any app like youtube, Amazon, Chrome or any other significant app in the background, system closes that app. The app restarts upon opening again. It's impossible to write OTP in any app, since you have to minimize the app to open the msg app to see OTP. And when you get back to the app to write otp, the app restarts. Out of 4gb ram only 1.5gb ram is accessible. 6300mah feels average (I have installed 2 Sims and use it under 5g). It barely lasts one day. Only buy this phone for calls and watching YouTube or if you want cheapest 5g phone. It costed me 11k with all the discounts. Pros: Large screen. Battery management app is very effective. 4 years OS updates. Honestly nothing else.""",730,136,Good,False,Negative,0.7509
REV000449,PH016,Redmi A7 Pro,Amazon,"""The massive 6,300mAh battery provides incredible two-day endurance, making it perfect for long trips. Its huge 6.9-inch 120Hz display offers a smooth and immersive viewing experience for movies and videos. The Wet Touch 2.0 technology is a game-changer, allowing for easy navigation even with damp fingers. With a promise of 6 years of security updates, it offers the best long-term value in its price segment. The 5G connectivity and HyperOS 3.0 deliver a modern, snappy performance for all daily essential apps.""","""The massive 6,300mAh battery provides incredible two-day endurance, making it perfect for long trips. Its huge 6.9-inch 120Hz display offers a smooth and immersive viewing experience for movies and videos. The Wet Touch 2.0 technology is a game-changer, allowing for easy navigation even with damp fingers. With a promise of 6 years of security updates, it offers the best long-term value in its price segment. The 5G connectivity and HyperOS 3.0 deliver a modern, snappy performance for all daily essential apps.""",515,81,Good,False,Positive,0.9532
REV000450,PH016,Redmi A7 Pro,Amazon,"""I ordered this phone for my Mom on mother's day, and my Mom is really happy to use this phone. Amazon delivery was pretty good and was on time. About this phone, REDMI A7 Pro 5G is the best in the segment, but personally I found this phone is little slow, and the charger of 33W doesn't support fast charging. It takes long time to reach 100%, and I found some body heating issues. Rest the phone is excellent. Check some better options if you want to buy in this range.""","""I ordered this phone for my Mom on mother's day, and my Mom is really happy to use this phone. Amazon delivery was pretty good and was on time. About this phone, REDMI A7 Pro 5G is the best in the segment, but personally I found this phone is little slow, and the charger of 33W doesn't support fast charging. It takes long time to reach 100%, and I found some body heating issues. Rest the phone is excellent. Check some better options if you want to buy in this range.""",472,91,Good,False,Positive,0.9719
REV000451,PH016,Redmi A7 Pro,Amazon,"""The worst phone I bought ever. To be honest, I wouldn't even give it a single star if that were an option, but since one star is the minimum required to post a review, I am forced to give it that. This phone has been a total nightmare to use. It is riddled with constant glitches that make the overall experience extremely frustrating. The biggest issue is the aggressive app refreshing; every time I switch between apps, they restart or refresh immediately. Multitasking is impossible, and the phone struggles with even the most basic tasks. It has terrible hanging issues that make the device completely unresponsive during normal use. The constant glitches and app refreshing are so frustrating that even basic multitasking is impossible. There is absolutely no point in buying this device. It is a complete waste of money and I highly recommend staying away from it. Don't make the same mistake I did!""","""The worst phone I bought ever. To be honest, I wouldn't even give it a single star if that were an option, but since one star is the minimum required to post a review, I am forced to give it that. This phone has been a total nightmare to use. It is riddled with constant glitches that make the overall experience extremely frustrating. The biggest issue is the aggressive app refreshing; every time I switch between apps, they restart or refresh immediately. Multitasking is impossible, and the phone struggles with even the most basic tasks. It has terrible hanging issues that make the device completely unresponsive during normal use. The constant glitches and app refreshing are so frustrating that even basic multitasking is impossible. There is absolutely no point in buying this device. It is a complete waste of money and I highly recommend staying away from it. Don't make the same mistake I did!""",907,155,Good,False,Negative,0.946
REV000452,PH016,Redmi A7 Pro,Amazon,"""It's a good device. I got it around 10k with my old device replacement. It's a blue colored. Good design. Nice features. AI enabled. 4-128 variant I have. Nice device. Amazon person also verified my old device very well. One issue I noticed is that phone gets heat up when it's on charging. Only concern is this one.""","""It's a good device. I got it around 10k with my old device replacement. It's a blue colored. Good design. Nice features. AI enabled. 4-128 variant I have. Nice device. Amazon person also verified my old device very well. One issue I noticed is that phone gets heat up when it's on charging. Only concern is this one.""",318,58,Good,False,Positive,0.9389
REV000453,PH016,Redmi A7 Pro,Amazon,"""Speed ella.slow""","""Speed ella.slow""",17,2,Short Review,False,Neutral,0.7311
REV000454,PH016,Redmi A7 Pro,Amazon,"""After a month of use, a budget friendly phone, ideal for 50+ age group. Build quality 4⭐, sound quality 4⭐, network connection 5⭐, display 5⭐, processor 4⭐, battery charging 20 to 100% takes two hours 4.5⭐, video rendering 5⭐, voice call & video call 4⭐, games like candy crush, rail rush, subway surfers & temple run 5⭐. If they can provide upcoming 4 OS it would be better. Little bit of heating when using camera. Default settings should be modified to make it easier to use.""","""After a month of use, a budget friendly phone, ideal for 50+ age group. Build quality 4⭐, sound quality 4⭐, network connection 5⭐, display 5⭐, processor 4⭐, battery charging 20 to 100% takes two hours 4.5⭐, video rendering 5⭐, voice call & video call 4⭐, games like candy crush, rail rush, subway surfers & temple run 5⭐. If they can provide upcoming 4 OS it would be better. Little bit of heating when using camera. Default settings should be modified to make it easier to use.""",480,86,Good,False,Positive,0.8495
REV000455,PH016,Redmi A7 Pro,Amazon,"""Phone me cover missing hai company ne nhi diya. Amazon ko call kiya. 13499 price me ye phone sahi hai kyunki ye budget phone hai. 4GB 128GB sahi hai aur battery bhi sahi hai but charging slow hai. Is year phone ka rate high hai to 13499 me 5G phone achha option hai.""","""Phone me cover missing hai company ne nhi diya. Amazon ko call kiya. 13499 price me ye phone sahi hai kyunki ye budget phone hai. 4GB 128GB sahi hai aur battery bhi sahi hai but charging slow hai. Is year phone ka rate high hai to 13499 me 5G phone achha option hai.""",268,53,Good,False,Negative,0.5618
REV000456,PH016,Redmi A7 Pro,Amazon,"""The phone is sleek and good for this price. The company claims 6300mAH battery but the battery performance is poor. Even after full charge and without switching on the Internet it is giving a backup of 1.5 days. All apps are deactivated still I am getting this result. With internet use (only 2 hr Google/Youtube) it is giving backup of 20 hrs.""","""The phone is sleek and good for this price. The company claims 6300mAH battery but the battery performance is poor. Even after full charge and without switching on the Internet it is giving a backup of 1.5 days. All apps are deactivated still I am getting this result. With internet use (only 2 hr Google/Youtube) it is giving backup of 20 hrs.""",346,62,Good,False,Negative,0.6261
REV000457,PH016,Redmi A7 Pro,Amazon,"""I purchased this mobile for official usage, and it solved the purpose. Not so bad, not very good, just value for money.""","""I purchased this mobile for official usage, and it solved the purpose. Not so bad, not very good, just value for money.""",121,22,Good,False,Positive,0.8488
REV000458,PH016,Redmi A7 Pro,Amazon,"""Budget phone, good quality and camera poor quality and software performance medium quality.""","""Budget phone, good quality and camera poor quality and software performance medium quality.""",93,13,Good,False,Negative,0.7885
REV000459,PH016,Redmi A7 Pro,Amazon,"""No glass backcover and pin to open sim slot was given. Not that much service got that I expect. Only the charger and mobile was given.""","""No glass backcover and pin to open sim slot was given. Not that much service got that I expect. Only the charger and mobile was given.""",136,26,Good,False,Negative,0.5161
REV000460,PH016,Redmi A7 Pro,Amazon,"""Nice product.""","""Nice product.""",15,2,Short Review,False,Positive,0.9644
REV000461,PH016,Redmi A7 Pro,Amazon,"""Nice product. Redmi India made. Good super Redmi.""","""Nice product. Redmi India made. Good super Redmi.""",51,8,Good,False,Positive,0.982
REV000462,PH016,Redmi A7 Pro,Amazon,"""Itna acha bhi nhi. Price ke hisab se thik hai. Old age walo ke liye thik hai. Heating issue Redmi me rehta hi hai to isme bhi hai. Charge hone me 2 hour leta hai. IP rating bahot kharab hai. Is range me other options better hain.""","""Itna acha bhi nhi. Price ke hisab se thik hai. Old age walo ke liye thik hai. Heating issue Redmi me rehta hi hai to isme bhi hai. Charge hone me 2 hour leta hai. IP rating bahot kharab hai. Is range me other options better hain.""",231,47,Good,False,Neutral,0.595
REV000463,PH016,Redmi A7 Pro,Amazon,"""Back camera is worst. Other things are average.""","""Back camera is worst. Other things are average.""",49,8,Good,False,Negative,0.905
REV000464,PH016,Redmi A7 Pro,Amazon,"""Nice to see and good choice for me.""","""Nice to see and good choice for me.""",37,8,Good,False,Positive,0.9759
REV000465,PH016,Redmi A7 Pro,Amazon,"""Budget Mobile.""","""Budget Mobile.""",16,2,Short Review,False,Neutral,0.8704
REV000466,PH016,Redmi A7 Pro,Amazon,"""Nice phone.""","""Nice phone.""",13,2,Short Review,False,Positive,0.9449
REV000467,PH016,Redmi A7 Pro,Amazon,"""Phone size display is good but phone lags little bit. 4GB 128GB variant has no animation opening apps and closing. I didn't receive phone back cover. Ok for ladies and senior citizens who use daily YouTube and Instagram.""","""Phone size display is good but phone lags little bit. 4GB 128GB variant has no animation opening apps and closing. I didn't receive phone back cover. Ok for ladies and senior citizens who use daily YouTube and Instagram.""",222,38,Good,False,Neutral,0.4829
REV000468,PH016,Redmi A7 Pro,Amazon,"""Good for basic use, but the RAM should be higher capacity.""","""Good for basic use, but the RAM should be higher capacity.""",60,11,Good,False,Positive,0.5961
REV000469,PH016,Redmi A7 Pro,Amazon,"""It is user friendly mobile.""","""It is user friendly mobile.""",29,5,Good,False,Positive,0.7825
REV000470,PH016,Redmi A7 Pro,Amazon,"""Nice phone.""","""Nice phone.""",13,2,Short Review,True,Positive,0.9449
REV000471,PH016,Redmi A7 Pro,Amazon,"""Speaker not good.""","""Speaker not good.""",19,3,Short Review,False,Negative,0.9068
REV000472,PH016,Redmi A7 Pro,Amazon,"""Touch quality poor, sound quality good, network connectivity ok.""","""Touch quality poor, sound quality good, network connectivity ok.""",66,9,Good,False,Negative,0.4516
REV000473,PH016,Redmi A7 Pro,Amazon,"""It heats up while charging and the camera is not so good.""","""It heats up while charging and the camera is not so good.""",59,12,Good,False,Negative,0.8442
REV000474,PH016,Redmi A7 Pro,Amazon,"""As per order eligibility for prime members in ICICI card Rs 599 cashback but not received the full amount.""","""As per order eligibility for prime members in ICICI card Rs 599 cashback but not received the full amount.""",108,19,Good,False,Neutral,0.5567
REV000475,PH016,Redmi A7 Pro,Amazon,"""This is very basic and cannot handle much data even with 5G or WiFi. It lags for videos. Display is good and battery lasts full day on moderate use.""","""This is very basic and cannot handle much data even with 5G or WiFi. It lags for videos. Display is good and battery lasts full day on moderate use.""",150,29,Good,False,Negative,0.7457
REV000476,PH016,Redmi A7 Pro,Amazon,"""Camera quality is too low.""","""Camera quality is too low.""",28,5,Good,False,Negative,0.8432
REV000477,PH016,Redmi A7 Pro,Amazon,"""Battery is taking too much time to charge.""","""Battery is taking too much time to charge.""",44,8,Good,False,Negative,0.7799
REV000478,PH016,Redmi A7 Pro,Amazon,"""Is price range me one of the best 5G phone.""","""Is price range me one of the best 5G phone.""",45,10,Good,False,Positive,0.9256
REV000479,PH016,Redmi A7 Pro,Amazon,"""Poor working. Slow processing.""","""Poor working. Slow processing.""",32,4,Good,False,Negative,0.9051
REV000480,PH016,Redmi A7 Pro,Amazon,"""Good.""","""Good.""",7,1,Very Short,False,Positive,0.932
REV000481,PH016,Redmi A7 Pro,Amazon,"""The phone is better at this price. 5G, decent processor, good camera, good display size, good battery and Android OS. But when we play video it is on the slower side and apps open slowly. Other than these cons, it is a better mobile at this cost.""","""The phone is better at this price. 5G, decent processor, good camera, good display size, good battery and Android OS. But when we play video it is on the slower side and apps open slowly. Other than these cons, it is a better mobile at this cost.""",248,47,Good,False,Positive,0.8443
REV000482,PH016,Redmi A7 Pro,Amazon,"""So far good performance.""","""So far good performance.""",26,4,Good,False,Positive,0.977
REV000483,PH016,Redmi A7 Pro,Amazon,"""Charging takes ages to complete, not sure if this is for real.""","""Charging takes ages to complete, not sure if this is for real.""",64,12,Good,False,Negative,0.8882
REV000484,PH016,Redmi A7 Pro,Amazon,"""Very average phone in performance and features. If you want a basic smartphone below 14K range, it gets the job done.""","""Very average phone in performance and features. If you want a basic smartphone below 14K range, it gets the job done.""",119,21,Good,False,Neutral,0.4664
REV000485,PH016,Redmi A7 Pro,Amazon,"""Camera quality and phone display is very very poor. Phone design is good.""","""Camera quality and phone display is very very poor. Phone design is good.""",75,13,Good,False,Negative,0.7621
REV000486,PH016,Redmi A7 Pro,Amazon,"""Looking good, value for money.""","""Looking good, value for money.""",32,5,Good,False,Positive,0.9402
REV000487,PH016,Redmi A7 Pro,Amazon,"""It mentioned protective cover with box but missing in the box. Auto brightness does not work properly.""","""It mentioned protective cover with box but missing in the box. Auto brightness does not work properly.""",104,17,Good,False,Negative,0.7685
REV000488,PH016,Redmi A7 Pro,Amazon,"""Protective cover missing and back camera photo not good.""","""Protective cover missing and back camera photo not good.""",58,9,Good,False,Negative,0.8953
REV000489,PH016,Redmi A7 Pro,Amazon,"""Worth it!""","""Worth it!""",11,2,Short Review,False,Positive,0.9606
REV000490,PH016,Redmi A7 Pro,Amazon,"""Phone is nice, delivery was smooth but didn't get protective case, only phone and charger.""","""Phone is nice, delivery was smooth but didn't get protective case, only phone and charger.""",92,15,Good,False,Positive,0.916
REV000491,PH016,Redmi A7 Pro,Amazon,"""Good smartphone.""","""Good smartphone.""",18,2,Short Review,False,Positive,0.9351
REV000492,PH016,Redmi A7 Pro,Amazon,"""Very good product. Thank you Amazon.""","""Very good product. Thank you Amazon.""",38,6,Good,False,Positive,0.9844
REV000493,PH016,Redmi A7 Pro,Amazon,"""Battery draining issue.""","""Battery draining issue.""",25,3,Short Review,False,Negative,0.7238
REV000494,PH016,Redmi A7 Pro,Amazon,"""Protective case missing in box.""","""Protective case missing in box.""",33,5,Good,False,Neutral,0.843
REV000495,PH016,Redmi A7 Pro,Amazon,"""Good products from MI. My first mobile was MI, secondly Realme, third again MI mobiles.""","""Good products from MI. My first mobile was MI, secondly Realme, third again MI mobiles.""",89,15,Good,False,Positive,0.9711
REV000496,PH016,Redmi A7 Pro,Amazon,"""Didn't get any protective case, rest all seems good.""","""Didn't get any protective case, rest all seems good.""",54,9,Good,False,Positive,0.6285
REV000497,PH016,Redmi A7 Pro,Amazon,"""Nice mobile in this segment. Trustworthy product and brand.""","""Nice mobile in this segment. Trustworthy product and brand.""",61,9,Good,False,Positive,0.9675
REV000498,PH016,Redmi A7 Pro,Amazon,"""Very good product ok.""","""Very good product ok.""",23,4,Good,False,Positive,0.9753
REV000499,PH016,Redmi A7 Pro,Amazon,"""Super.""","""Super.""",8,1,Very Short,False,Positive,0.7104
REV000500,PH016,Redmi A7 Pro,Amazon,"""Best.""","""Best.""",7,1,Very Short,False,Positive,0.9235
REV000501,PH016,Redmi A7 Pro,Amazon,"""As it tells protective cover in box, but it's missing.""","""As it tells protective cover in box, but it's missing.""",56,10,Good,False,Neutral,0.6937
REV000502,PH016,Redmi A7 Pro,Amazon,"""I don't know if the problem is mine itself or not as I find that internet disconnects every now and then on this handset. I can't complete a Teams call peacefully. The internet gets lost and it's so disappointing.""","""I don't know if the problem is mine itself or not as I find that internet disconnects every now and then on this handset. I can't complete a Teams call peacefully. The internet gets lost and it's so disappointing.""",215,39,Good,False,Negative,0.9184
REV000503,PH016,Redmi A7 Pro,Amazon,"""The 1.5GB accessible RAM on the REDMI A7 Pro 5G creates significant performance limitations. Apps constantly restart when switching between them. Multitasking becomes impossible. The system aggressively closes background apps. Even basic tasks become sluggish.""","""The 1.5GB accessible RAM on the REDMI A7 Pro 5G creates significant performance limitations. Apps constantly restart when switching between them. Multitasking becomes impossible. The system aggressively closes background apps. Even basic tasks become sluggish.""",262,35,Good,False,Negative,0.8079
REV000504,PH016,Redmi A7 Pro,Amazon,"""Worst phone I have used ever. Wifi issue from the very first day. Lagging issue also added later. Visited service centre 5 times and software was reinstalled but issue not resolved. Extremely disappointed with after-sales service.""","""Worst phone I have used ever. Wifi issue from the very first day. Lagging issue also added later. Visited service centre 5 times and software was reinstalled but issue not resolved. Extremely disappointed with after-sales service.""",232,36,Good,False,Negative,0.9559
REV000505,PH016,Redmi A7 Pro,Amazon,"""Very slow in opening the menus. Camera quality is very poor. Charging is very slow.""","""Very slow in opening the menus. Camera quality is very poor. Charging is very slow.""",85,15,Good,False,Negative,0.9284
REV000506,PH016,Redmi A7 Pro,Amazon,"""Performance is too slow. Taking time for opening apps.""","""Performance is too slow. Taking time for opening apps.""",56,9,Good,False,Negative,0.8866
REV000507,PH016,Redmi A7 Pro,Amazon,"""Touch not working properly. Slowly chal raha hai.""","""Touch not working properly. Slowly chal raha hai.""",51,8,Good,False,Negative,0.8271
REV000508,PH016,Redmi A7 Pro,Amazon,"""The phone is slow as Redmi Note 8 Pro. Fast charging option is available but not with the inbox charger. Everything else is appropriate for the price.""","""The phone is slow as Redmi Note 8 Pro. Fast charging option is available but not with the inbox charger. Everything else is appropriate for the price.""",152,27,Good,False,Negative,0.5239
REV000509,PH016,Redmi A7 Pro,Amazon,"""It's not proper working. At the time of charging it becomes hot.""","""It's not proper working. At the time of charging it becomes hot.""",66,12,Good,False,Negative,0.8472
REV000510,PH016,Redmi A7 Pro,Amazon,"""Garmi me kaam nahi kar raha hai. Bahut jaldi heat ho raha hai. Network chale jate hai. Charging time bahut zyada hai.""","""Garmi me kaam nahi kar raha hai. Bahut jaldi heat ho raha hai. Network chale jate hai. Charging time bahut zyada hai.""",119,22,Good,False,Neutral,0.6951
REV000511,PH016,Redmi A7 Pro,Amazon,"""Totally disappointed. My 4 year old phone is working better than this phone. It heats a lot while charging. Any app hardly opens properly. It seems not more than 1GB RAM.""","""Totally disappointed. My 4 year old phone is working better than this phone. It heats a lot while charging. Any app hardly opens properly. It seems not more than 1GB RAM.""",172,31,Good,False,Negative,0.9022
REV000512,PH016,Redmi A7 Pro,Amazon,"""Not worthy for that price tag. Minimum 6GB RAM should be required for smooth functioning. Phone often lags while in use.""","""Not worthy for that price tag. Minimum 6GB RAM should be required for smooth functioning. Phone often lags while in use.""",122,21,Good,False,Negative,0.8643
REV000513,PH016,Redmi A7 Pro,Amazon,"""Phone is lagging constantly. Very bad experience.""","""Phone is lagging constantly. Very bad experience.""",51,7,Good,False,Negative,0.9391
REV000514,PH016,Redmi A7 Pro,Amazon,"""Very nice mobile. Value for money in this price range.""","""Very nice mobile. Value for money in this price range.""",56,10,Good,False,Positive,0.9819
REV000515,PH016,Redmi A7 Pro,Amazon,"""This mobile is not as good as the others I have used so far. I am not feeling good while using it.""","""This mobile is not as good as the others I have used so far. I am not feeling good while using it.""",100,22,Good,False,Negative,0.9424
REV000516,PH016,Redmi A7 Pro,Amazon,"""I purchased a Redmi A7 Pro phone for my wife around 25 days ago, but the experience has been very disappointing. The phone is extremely slow in day-to-day usage. Incoming calls often freeze the phone and the caller screen appears late. Would not recommend this phone.""","""I purchased a Redmi A7 Pro phone for my wife around 25 days ago, but the experience has been very disappointing. The phone is extremely slow in day-to-day usage. Incoming calls often freeze the phone and the caller screen appears late. Would not recommend this phone.""",269,46,Good,False,Negative,0.9227
REV000517,PH016,Redmi A7 Pro,Amazon,"""The worst phone I bought ever. It hangs with constant glitches. Suddenly the network goes off. Multitasking is impossible and the phone struggles with even basic tasks. Complete waste of money.""","""The worst phone I bought ever. It hangs with constant glitches. Suddenly the network goes off. Multitasking is impossible and the phone struggles with even basic tasks. Complete waste of money.""",195,31,Good,False,Negative,0.9607
REV000518,PH016,Redmi A7 Pro,Amazon,"""Fantastic, awesome mobile, super features.""","""Fantastic, awesome mobile, super features.""",44,5,Good,False,Positive,0.9865
REV000519,PH016,Redmi A7 Pro,Amazon,"""Good.""","""Good.""",7,1,Very Short,True,Positive,0.932
REV000520,PH016,Redmi A7 Pro,Amazon,"""I am disappointed with both the product and the after-sales support. The device developed issues shortly after purchase. Instead of offering a return, I was asked to visit a service center. The overall experience has been frustrating.""","""I am disappointed with both the product and the after-sales support. The device developed issues shortly after purchase. Instead of offering a return, I was asked to visit a service center. The overall experience has been frustrating.""",236,37,Good,False,Negative,0.9472
REV000521,PH016,Redmi A7 Pro,Amazon,"""While purchasing a new phone at this price range I did a lot of research and finally chose Redmi A7 Pro 5G. Everything is balanced in this phone and it meets my expectations.""","""While purchasing a new phone at this price range I did a lot of research and finally chose Redmi A7 Pro 5G. Everything is balanced in this phone and it meets my expectations.""",176,33,Good,False,Positive,0.9536
REV000522,PH016,Redmi A7 Pro,Amazon,"""Phone cover is missing and phone is hanging a lot. Even at 120Hz refresh rate it takes 2 seconds to open apps. Very frustrating.""","""Phone cover is missing and phone is hanging a lot. Even at 120Hz refresh rate it takes 2 seconds to open apps. Very frustrating.""",130,24,Good,False,Negative,0.9205
REV000523,PH016,Redmi A7 Pro,Amazon,"""Good performance.""","""Good performance.""",19,2,Short Review,False,Positive,0.9632
REV000524,PH016,Redmi A7 Pro,Amazon,"""Bakwas phone hai. Don't purchase.""","""Bakwas phone hai. Don't purchase.""",35,5,Good,False,Neutral,0.5023
REV000525,PH016,Redmi A7 Pro,Amazon,"""I have bought this for an uncle. He is very happy with this phone. Battery backup is impressive.""","""I have bought this for an uncle. He is very happy with this phone. Battery backup is impressive.""",98,18,Good,False,Positive,0.9816
REV000526,PH016,Redmi A7 Pro,Amazon,"""Great.""","""Great.""",8,1,Very Short,False,Positive,0.9631
REV000527,PH016,Redmi A7 Pro,Amazon,"""Good one, every penny worth it.""","""Good one, every penny worth it.""",33,6,Good,False,Positive,0.978
REV000528,PH016,Redmi A7 Pro,Amazon,"""Nice phone with good battery life and display. Awesome performance.""","""Nice phone with good battery life and display. Awesome performance.""",69,10,Good,False,Positive,0.9854
REV000529,PH016,Redmi A7 Pro,Amazon,"""While purchasing a new phone at this price range I went through many researches and finally selected Redmi A7 Pro 5G. Everything is balanced and I am happy with this phone.""","""While purchasing a new phone at this price range I went through many researches and finally selected Redmi A7 Pro 5G. Everything is balanced and I am happy with this phone.""",174,31,Good,False,Positive,0.9758
REV000530,PH016,Redmi A7 Pro,Amazon,"""No other smartphone brand can come closer to this. Impressive design. I purchased this for my friend and he is very happy.""","""No other smartphone brand can come closer to this. Impressive design. I purchased this for my friend and he is very happy.""",124,22,Good,False,Positive,0.9889
REV000531,PH016,Redmi A7 Pro,Amazon,"""Best mobile in this price.""","""Best mobile in this price.""",28,5,Good,False,Positive,0.9657
REV000532,PH016,Redmi A7 Pro,Amazon,"""Very good. Sometimes all apps become slow and need a restart.""","""Very good. Sometimes all apps become slow and need a restart.""",63,11,Good,False,Positive,0.8068
REV000533,PH016,Redmi A7 Pro,Amazon,"""Working super.""","""Working super.""",16,2,Short Review,False,Positive,0.7664
REV000534,PH016,Redmi A7 Pro,Amazon,"""Very good mobile for a senior person at home. I got it for an uncle and he is very happy.""","""Very good mobile for a senior person at home. I got it for an uncle and he is very happy.""",91,20,Good,False,Positive,0.9826
REV000535,PH016,Redmi A7 Pro,Amazon,"""Nice looking phone. Super battery life. Good budget phone by Redmi.""","""Nice looking phone. Super battery life. Good budget phone by Redmi.""",69,11,Good,False,Positive,0.9794
REV000536,PH016,Redmi A7 Pro,Amazon,"""Superb.""","""Superb.""",9,1,Very Short,False,Positive,0.9622
REV000537,PH016,Redmi A7 Pro,Amazon,"""Camera quality bad.""","""Camera quality bad.""",21,3,Short Review,False,Negative,0.8802
REV000538,PH016,Redmi A7 Pro,Amazon,"""Very good phone and battery backup very good. Camera is nice and build quality is strong.""","""Very good phone and battery backup very good. Camera is nice and build quality is strong.""",91,16,Good,False,Positive,0.984
REV000539,PH016,Redmi A7 Pro,Amazon,"""The massive 6,300mAh battery provides incredible two-day endurance, making it perfect for long trips. Its huge 6.9-inch 120Hz display offers a smooth and immersive viewing experience for movies and videos. The Wet Touch 2.0 technology is a game-changer. With a promise of 6 years of security updates, it offers the best long-term value in its price segment. The 5G connectivity and HyperOS 3.0 deliver a modern, snappy performance for all daily essential apps.""","""The massive 6,300mAh battery provides incredible two-day endurance, making it perfect for long trips. Its huge 6.9-inch 120Hz display offers a smooth and immersive viewing experience for movies and videos. The Wet Touch 2.0 technology is a game-changer. With a promise of 6 years of security updates, it offers the best long-term value in its price segment. The 5G connectivity and HyperOS 3.0 deliver a modern, snappy performance for all daily essential apps.""",462,73,Good,False,Positive,0.9601
REV000540,PH017,Tecno Pop X 5G,Amazon,"""Thank you nice product""","""Thank you nice product""",24,4,Good,False,Positive,0.9778
REV000541,PH017,Tecno Pop X 5G,Amazon,"""Display resolution is very low for the price being sold. Very bad model charging high price for a stupid model with lower resolution when leading brands at same price available for display resolution of 1080x2304 pixels or higher. Useless American company blaming sellers for not displaying product info correctly. I will take appropriate legal action against this stupid American entity looting Indian customers.""","""Display resolution is very low for the price being sold. Very bad model charging high price for a stupid model with lower resolution when leading brands at same price available for display resolution of 1080x2304 pixels or higher. Useless American company blaming sellers for not displaying product info correctly. I will take appropriate legal action against this stupid American entity looting Indian customers.""",415,63,Good,False,Negative,0.9177
REV000542,PH017,Tecno Pop X 5G,Amazon,"""Really disappointed with the speakers. I need refund. Very low quality sound. One day use I feel something wrong with the speakers.""","""Really disappointed with the speakers. I need refund. Very low quality sound. One day use I feel something wrong with the speakers.""",133,22,Good,False,Negative,0.9419
REV000543,PH017,Tecno Pop X 5G,Amazon,"""Good handset with premium feel. With both front and back flash light. Display is also good enough as per price paid. In hand feel is outstanding. Box content is worth.""","""Good handset with premium feel. With both front and back flash light. Display is also good enough as per price paid. In hand feel is outstanding. Box content is worth.""",169,30,Good,False,Positive,0.9676
REV000544,PH017,Tecno Pop X 5G,Amazon,"""Good product for using.""","""Good product for using.""",25,4,Good,False,Positive,0.9612
REV000545,PH017,Tecno Pop X 5G,Amazon,"""Whatever they are claiming about mobile being fast and having good camera is all false. The phone hangs from day one. It is heating so rapidly like it's gonna blast on the spot. Don't buy not just this model but anything from this brand/seller since they are making false claims regarding their devices.""","""Whatever they are claiming about mobile being fast and having good camera is all false. The phone hangs from day one. It is heating so rapidly like it's gonna blast on the spot. Don't buy not just this model but anything from this brand/seller since they are making false claims regarding their devices.""",305,53,Good,False,Negative,0.8746
REV000546,PH017,Tecno Pop X 5G,Amazon,"""Bahut badiya phone hai lekin mat lena. Kisne banaya ye bawaal. Amazing phone, very good, superb quality, lekin mat lena.""","""Bahut badiya phone hai lekin mat lena. Kisne banaya ye bawaal. Amazing phone, very good, superb quality, lekin mat lena.""",122,20,Good,False,Positive,0.9709
REV000547,PH018,Vivo Y05,Amazon,"""Good.""","""Good.""",7,1,Very Short,False,Positive,0.932
REV000548,PH018,Vivo Y05,Amazon,"""Performance not as expected. If the mobile can be exchanged for a higher version by paying the difference, I will be too glad.""","""Performance not as expected. If the mobile can be exchanged for a higher version by paying the difference, I will be too glad.""",128,23,Good,False,Neutral,0.3848
REV000549,PH018,Vivo Y05,Amazon,"""Lot of hanging problems.""","""Lot of hanging problems.""",26,4,Good,False,Negative,0.7256
REV000550,PH018,Vivo Y05,Amazon,"""Nice.""","""Nice.""",7,1,Very Short,False,Positive,0.9461
REV000551,PH018,Vivo Y05,Amazon,"""I want to return the product.""","""I want to return the product.""",31,6,Good,False,Neutral,0.8192
REV000552,PH018,Vivo Y05,Amazon,"""Very bad product. Slow. Hanging. SIM slot is not working properly. This mobile takes minimum one minute to respond to our clicks and any operations. Network connectivity is another issue. I tried to return the product, but the tab to write the reason for return is not functioning. Without this we can't return Vivo Y05.""","""Very bad product. Slow. Hanging. SIM slot is not working properly. This mobile takes minimum one minute to respond to our clicks and any operations. Network connectivity is another issue. I tried to return the product, but the tab to write the reason for return is not functioning. Without this we can't return Vivo Y05.""",322,55,Good,False,Negative,0.9311
REV000553,PH018,Vivo Y05,Amazon,"""Good.""","""Good.""",7,1,Very Short,True,Positive,0.932
REV000554,PH018,Vivo Y05,Amazon,"""Defective piece. Not working and SIM ejector not working.""","""Defective piece. Not working and SIM ejector not working.""",59,9,Good,False,Negative,0.8961
REV000555,PH018,Vivo Y05,Amazon,"""5G bol ke 4G phone de diya.""","""5G bol ke 4G phone de diya.""",29,7,Good,False,Neutral,0.866
REV000556,PH018,Vivo Y05,Amazon,"""Display is not good. Phone is also slow. Not expected from Vivo.""","""Display is not good. Phone is also slow. Not expected from Vivo.""",66,12,Good,False,Negative,0.9183
REV000557,PH019,Oppo F33 5G,Flipkart,"""Ok good but price this futures phone is high""","""Ok good but price this futures phone is high""",46,9,Good,False,Neutral,0.4352
REV000558,PH019,Oppo F33 5G,Flipkart,"""camera is good in daylight, photos coming clear but night time performance is average""","""camera is good in daylight, photos coming clear but night time performance is average""",87,14,Good,False,Neutral,0.4614
REV000559,PH019,Oppo F33 5G,Flipkart,"""good""","""good""",6,1,Very Short,False,Positive,0.5239
REV000560,PH019,Oppo F33 5G,Flipkart,"""very very bad quality""","""very very bad quality""",23,4,Good,False,Negative,0.9308
REV000561,PH019,Oppo F33 5G,Flipkart,"""do not buy this phone""","""do not buy this phone""",23,5,Good,False,Negative,0.8153
REV000562,PH019,Oppo F33 5G,Flipkart,"""Quality and durable product.with 7000mAh battery life .Picture quality is good as it has 50mp camera.Value for money if you apply bank offer and exchange"" offer .premium appearance.","""Quality and durable product.with 7000mAh battery life .Picture quality is good as it has 50mp camera.Value for money if you apply bank offer and exchange"" offer .premium appearance.",182,28,Good,False,Positive,0.9395
REV000563,PH019,Oppo F33 5G,Flipkart,"""Must go product smooth working ,lag free ,its durable and strong phone .Screen is good and has high brightness.""","""Must go product smooth working ,lag free ,its durable and strong phone .Screen is good and has high brightness.""",113,19,Good,False,Positive,0.973
REV000564,PH019,Oppo F33 5G,Flipkart,"""good battery life""","""good battery life""",19,3,Short Review,False,Positive,0.7744
REV000565,PH019,Oppo F33 5G,Amazon,"""Super phone""","""Super phone""",13,2,Short Review,False,Neutral,0.6455
REV000566,PH019,Oppo F33 5G,Amazon,"""I am very disappointed with this purchase. For the price point, the front camera being only 16 MP is unacceptable — I expected at least a 50 MP option or an easy upgrade path. Additionally, there is no exchange option available even when I offered to pay the difference for a higher-spec model. As a paying customer, I am frustrated that the device does not meet my needs and that Amazon is not accommodating a return or exchange.""","""I am very disappointed with this purchase. For the price point, the front camera being only 16 MP is unacceptable — I expected at least a 50 MP option or an easy upgrade path. Additionally, there is no exchange option available even when I offered to pay the difference for a higher-spec model. As a paying customer, I am frustrated that the device does not meet my needs and that Amazon is not accommodating a return or exchange.""",432,78,Good,False,Negative,0.9085
REV000567,PH019,Oppo F33 5G,Amazon,"""I will give the rating only for mobile look.""","""I will give the rating only for mobile look.""",46,9,Good,False,Neutral,0.8831
REV000568,PH019,Oppo F33 5G,Amazon,"""Review after 20 days phone used. Performance good, camera quality average, battery backup good running 24 hours with heavy usage. Overall phone price high compared with features. Same features available in 22k price phones.""","""Review after 20 days phone used. Performance good, camera quality average, battery backup good running 24 hours with heavy usage. Overall phone price high compared with features. Same features available in 22k price phones.""",225,34,Good,False,Positive,0.8908
REV000569,PH019,Oppo F33 5G,Amazon,"""Quality and durable product with 7000mAh battery life. Picture quality is good as it has 50MP camera. Value for money if you apply bank offer and exchange offer. Premium appearance.""","""Quality and durable product with 7000mAh battery life. Picture quality is good as it has 50MP camera. Value for money if you apply bank offer and exchange offer. Premium appearance.""",183,30,Good,False,Positive,0.9619
REV000570,PH019,Oppo F33 5G,Amazon,"""Must go product. Smooth working, lag free, durable and strong phone. Screen is good and has high brightness. Good battery life.""","""Must go product. Smooth working, lag free, durable and strong phone. Screen is good and has high brightness. Good battery life.""",129,21,Good,False,Positive,0.9737
REV000571,PH020,Vivo T5 Pro 5G,Flipkart,"""Very good phone very nice camera thanks Vivo""","""Very good phone very nice camera thanks Vivo""",46,8,Good,False,Positive,0.9849
REV000572,PH020,Vivo T5 Pro 5G,Flipkart,"""Super phone""","""Super phone""",13,2,Short Review,False,Neutral,0.6455
REV000573,PH020,Vivo T5 Pro 5G,Flipkart,"""Good Product""","""Good Product""",14,2,Short Review,False,Positive,0.9145
REV000574,PH020,Vivo T5 Pro 5G,Flipkart,"""A made a good choice selecting VIVO T5 pro""","""A made a good choice selecting VIVO T5 pro""",44,9,Good,False,Positive,0.8634
REV000575,PH020,Vivo T5 Pro 5G,Flipkart,"""Very nice phone and good battery nice camera""","""Very nice phone and good battery nice camera""",46,8,Good,False,Positive,0.9814
REV000576,PH020,Vivo T5 Pro 5G,Flipkart,"""It is a very good mobile, the camera is good, the processor is also good and the looks are very nice. I am very happy with this mobile.""","""It is a very good mobile, the camera is good, the processor is also good and the looks are very nice. I am very happy with this mobile.""",137,28,Good,False,Positive,0.9895
REV000577,PH020,Vivo T5 Pro 5G,Flipkart,"""Phone is heating""","""Phone is heating""",18,3,Short Review,False,Neutral,0.8022
REV000578,PH020,Vivo T5 Pro 5G,Flipkart,"""Super vivo smart phone 📱🤳""","""Super vivo smart phone 📱🤳""",27,5,Good,False,Positive,0.6766
REV000579,PH020,Vivo T5 Pro 5G,Flipkart,"""Supar mobile 📲""","""Supar mobile 📲""",16,3,Short Review,False,Neutral,0.8976
REV000580,PH020,Vivo T5 Pro 5G,Flipkart,"""Value for money.......ur normal user best choice""","""Value for money.......ur normal user best choice""",50,7,Good,False,Neutral,0.6595
REV000581,PH020,Vivo T5 Pro 5G,Flipkart,"""Performance and battery backup is very good but the camera is decent""","""Performance and battery backup is very good but the camera is decent""",70,12,Good,False,Positive,0.9289
REV000582,PH020,Vivo T5 Pro 5G,Flipkart,"""Nice camera, nice performance""","""Nice camera, nice performance""",31,4,Good,False,Positive,0.972
REV000583,PH020,Vivo T5 Pro 5G,Flipkart,"""Good product. Buy it for battery service""","""Good product. Buy it for battery service""",42,7,Good,False,Positive,0.9452
REV000584,PH020,Vivo T5 Pro 5G,Flipkart,"""Poor battery, quickly down charge""","""Poor battery, quickly down charge""",35,5,Good,False,Negative,0.8847
REV000585,PH020,Vivo T5 Pro 5G,Flipkart,"""Better than mobile""","""Better than mobile""",20,3,Short Review,False,Positive,0.6581
REV000586,PH020,Vivo T5 Pro 5G,Flipkart,"""Best budget phone""","""Best budget phone""",19,3,Short Review,False,Positive,0.871
REV000587,PH020,Vivo T5 Pro 5G,Flipkart,"""Simply excellent!!""","""Simply excellent!!""",20,2,Short Review,False,Positive,0.9773
REV000588,PH020,Vivo T5 Pro 5G,Flipkart,"""Excellent phone""","""Excellent phone""",17,2,Short Review,False,Positive,0.9571
REV000589,PH020,Vivo T5 Pro 5G,Flipkart,"""Good""","""Good""",6,1,Very Short,False,Positive,0.7658
REV000590,PH020,Vivo T5 Pro 5G,Flipkart,"""Good Budget Phone""","""Good Budget Phone""",19,3,Short Review,False,Positive,0.8412
REV000591,PH020,Vivo T5 Pro 5G,Flipkart,"""Not worth the money. In 30k other companies are giving best camera features. Need to upgrade camera in this phone / price should be lower.""","""Not worth the money. In 30k other companies are giving best camera features. Need to upgrade camera in this phone / price should be lower.""",140,25,Good,False,Negative,0.7548
REV000592,PH020,Vivo T5 Pro 5G,Flipkart,"""Best phone""","""Best phone""",12,2,Short Review,False,Positive,0.9311
REV000593,PH020,Vivo T5 Pro 5G,Flipkart,"""Nice phone""","""Nice phone""",12,2,Short Review,False,Positive,0.9101
REV000594,PH020,Vivo T5 Pro 5G,Flipkart,"""Phone is slightly heat during daily use. It charges very quickly and battery life is too long. Other features are okay.""","""Phone is slightly heat during daily use. It charges very quickly and battery life is too long. Other features are okay.""",121,21,Good,False,Positive,0.7069
REV000595,PH020,Vivo T5 Pro 5G,Flipkart,"""Even massive battery still charging fast😍 Almost in a hour 😲🤩""","""Even massive battery still charging fast😍 Almost in a hour 😲🤩""",63,11,Good,False,Positive,0.983
REV000596,PH020,Vivo T5 Pro 5G,Flipkart,"""Very good battery backup""","""Very good battery backup""",26,4,Good,False,Positive,0.9368
REV000597,PH020,Vivo T5 Pro 5G,Flipkart,"""Looking stylish, working smoothly, no heat up issue, camera quality superb.""","""Looking stylish, working smoothly, no heat up issue, camera quality superb.""",77,11,Good,False,Positive,0.9687
REV000598,PH020,Vivo T5 Pro 5G,Flipkart,"""Slow 🦥 mobile""","""Slow 🦥 mobile""",15,3,Short Review,False,Negative,0.6545
REV000599,PH020,Vivo T5 Pro 5G,Flipkart,"""Nice product""","""Nice product""",14,2,Short Review,False,Positive,0.9526
REV000600,PH020,Vivo T5 Pro 5G,Flipkart,"""This phone is awesome""","""This phone is awesome""",23,4,Good,False,Positive,0.9864
REV000601,PH020,Vivo T5 Pro 5G,Flipkart,"""Good product""","""Good product""",14,2,Short Review,True,Positive,0.8975
REV000602,PH020,Vivo T5 Pro 5G,Flipkart,"""Value for money 💰💰💰💰""","""Value for money 💰💰💰💰""",22,4,Good,False,Positive,0.5136
REV000603,PH020,Vivo T5 Pro 5G,Flipkart,"""Wow""","""Wow""",5,1,Very Short,False,Positive,0.7532
REV000604,PH020,Vivo T5 Pro 5G,Flipkart,"""Good product""","""Good product""",14,2,Short Review,True,Positive,0.8975
REV000605,PH020,Vivo T5 Pro 5G,Flipkart,"""Nice product""","""Nice product""",14,2,Short Review,True,Positive,0.9526
REV000606,PH020,Vivo T5 Pro 5G,Flipkart,"""Wonderful phone and battery...,🤗""","""Wonderful phone and battery...,🤗""",34,4,Good,False,Positive,0.9885
REV000607,PH020,Vivo T5 Pro 5G,Flipkart,"""Good mobile 👍👍""","""Good mobile 👍👍""",16,3,Short Review,False,Positive,0.9751
REV000608,PH020,Vivo T5 Pro 5G,Flipkart,"""Value of money""","""Value of money""",16,3,Short Review,False,Neutral,0.8281
REV000609,PH020,Vivo T5 Pro 5G,Flipkart,"""This product is awesome 💯""","""This product is awesome 💯""",27,5,Good,False,Positive,0.9893
REV000610,PH020,Vivo T5 Pro 5G,Flipkart,"""Good Product.""","""Good Product.""",15,2,Short Review,False,Positive,0.9468
REV000611,PH020,Vivo T5 Pro 5G,Flipkart,"""Good.""","""Good.""",7,1,Very Short,False,Positive,0.932
REV000612,PH020,Vivo T5 Pro 5G,Flipkart,"""This mobile voice braking in voice""","""This mobile voice braking in voice""",36,6,Good,False,Neutral,0.8307
REV000613,PH020,Vivo T5 Pro 5G,Flipkart,"""Best Mobile""","""Best Mobile""",13,2,Short Review,False,Positive,0.9321
REV000614,PH020,Vivo T5 Pro 5G,Flipkart,"""Nice product""","""Nice product""",14,2,Short Review,True,Positive,0.9526
REV000615,PH020,Vivo T5 Pro 5G,Flipkart,"""Some battery draining issue and not well performance""","""Some battery draining issue and not well performance""",54,8,Good,False,Negative,0.9074
REV000616,PH020,Vivo T5 Pro 5G,Flipkart,"""Very Good phone""","""Very Good phone""",17,3,Short Review,False,Positive,0.9687
REV000617,PH020,Vivo T5 Pro 5G,Flipkart,"""Good performance""","""Good performance""",18,2,Short Review,False,Positive,0.8976
REV000618,PH020,Vivo T5 Pro 5G,Flipkart,"""Battery backup not like 9020mah""","""Battery backup not like 9020mah""",33,5,Good,False,Negative,0.5346
REV000619,PH020,Vivo T5 Pro 5G,Flipkart,"""Nice product""","""Nice product""",14,2,Short Review,True,Positive,0.9526
REV000620,PH020,Vivo T5 Pro 5G,Flipkart,"""Bad camera""","""Bad camera""",12,2,Short Review,False,Negative,0.8093
REV000621,PH020,Vivo T5 Pro 5G,Flipkart,"""Phone hangs, touch not working properly, Flash not working properly.""","""Phone hangs, touch not working properly, Flash not working properly.""",70,10,Good,False,Negative,0.8271
REV000622,PH020,Vivo T5 Pro 5G,Flipkart,"""Super product value for money""","""Super product value for money""",31,5,Good,False,Positive,0.8391
REV000623,PH020,Vivo T5 Pro 5G,Flipkart,"""Best all rounder smart phone 🤳""","""Best all rounder smart phone 🤳""",32,6,Good,False,Positive,0.9394
REV000624,PH020,Vivo T5 Pro 5G,Flipkart,"""Very nice phone""","""Very nice phone""",17,3,Short Review,False,Positive,0.9744
REV000625,PH020,Vivo T5 Pro 5G,Flipkart,"""Very bad product. 1) overheating 2) camera very poor quality 3) value for money waste 4) performance 10/1 5) feels heavy in use""","""Very bad product. 1) overheating 2) camera very poor quality 3) value for money waste 4) performance 10/1 5) feels heavy in use""",129,23,Good,False,Negative,0.9477
REV000626,PH020,Vivo T5 Pro 5G,Flipkart,"""Good product""","""Good product""",14,2,Short Review,True,Positive,0.8975
REV000627,PH020,Vivo T5 Pro 5G,Flipkart,"""Looks premium in hand 😄 Valued for money""","""Looks premium in hand 😄 Valued for money""",42,8,Good,False,Positive,0.573
REV000628,PH020,Vivo T5 Pro 5G,Flipkart,"""Good phone""","""Good phone""",12,2,Short Review,False,Positive,0.87
REV000629,PH020,Vivo T5 Pro 5G,Flipkart,"""It's a very good mobile, value for money.""","""It's a very good mobile, value for money.""",43,8,Good,False,Positive,0.9746
REV000630,PH020,Vivo T5 Pro 5G,Flipkart,"""This mobile it's okay 👍""","""This mobile it's okay 👍""",25,5,Good,False,Positive,0.9042
REV000631,PH020,Vivo T5 Pro 5G,Flipkart,"""Poor camera and display but battery is so good""","""Poor camera and display but battery is so good""",48,9,Good,False,Positive,0.5366
REV000632,PH020,Vivo T5 Pro 5G,Flipkart,"""Really Phone Have Some issues. The application opens slow or sometimes it hangs. Need to restart. Never expected this from Vivo.""","""Really Phone Have Some issues. The application opens slow or sometimes it hangs. Need to restart. Never expected this from Vivo.""",130,21,Good,False,Negative,0.9184
REV000633,PH020,Vivo T5 Pro 5G,Flipkart,"""Gd""","""Gd""",4,1,Very Short,False,Neutral,0.6476
REV000634,PH020,Vivo T5 Pro 5G,Flipkart,"""Camera quality is bad""","""Camera quality is bad""",23,4,Good,False,Negative,0.8754
REV000635,PH020,Vivo T5 Pro 5G,Flipkart,"""Vivo t5 pro 5g product veri good 👍""","""Vivo t5 pro 5g product veri good 👍""",36,8,Good,False,Positive,0.9685
REV000636,PH020,Vivo T5 Pro 5G,Flipkart,"""Very nice phone""","""Very nice phone""",17,3,Short Review,True,Positive,0.9744
REV000637,PH020,Vivo T5 Pro 5G,Flipkart,"""Explant mobile... I am happy""","""Explant mobile... I am happy""",30,5,Good,False,Positive,0.9799
REV000638,PH020,Vivo T5 Pro 5G,Flipkart,"""Amazing phone value for money. Battery powerful.""","""Amazing phone value for money. Battery powerful.""",50,7,Good,False,Positive,0.9772
REV000639,PH020,Vivo T5 Pro 5G,Flipkart,"""Nice phone""","""Nice phone""",12,2,Short Review,True,Positive,0.9101
REV000640,PH020,Vivo T5 Pro 5G,Flipkart,"""Very good product""","""Very good product""",19,3,Short Review,False,Positive,0.9724
REV000641,PH020,Vivo T5 Pro 5G,Flipkart,"""Overall best performance""","""Overall best performance""",26,3,Short Review,False,Positive,0.9595
REV000642,PH020,Vivo T5 Pro 5G,Flipkart,"""Plzzzz don't buy this product. Poor charging cable, adapter, no fast charging, waste of money and also poor technical response.""","""Plzzzz don't buy this product. Poor charging cable, adapter, no fast charging, waste of money and also poor technical response.""",129,20,Good,False,Negative,0.9391
REV000643,PH020,Vivo T5 Pro 5G,Flipkart,"""Best phone 🤳""","""Best phone 🤳""",14,3,Short Review,False,Positive,0.9758
REV000644,PH020,Vivo T5 Pro 5G,Flipkart,"""In this price very good mobile n feature...""","""In this price very good mobile n feature...""",45,8,Good,False,Positive,0.954
REV000645,PH020,Vivo T5 Pro 5G,Flipkart,"""Good product""","""Good product""",14,2,Short Review,True,Positive,0.8975
REV000646,PH020,Vivo T5 Pro 5G,Flipkart,"""This phone has the best battery backup, but the camera quality is poor. Everything else is good.""","""This phone has the best battery backup, but the camera quality is poor. Everything else is good.""",98,17,Good,False,Positive,0.7558
REV000647,PH020,Vivo T5 Pro 5G,Flipkart,"""Good mobile""","""Good mobile""",13,2,Short Review,False,Positive,0.7661
REV000648,PH020,Vivo T5 Pro 5G,Flipkart,"""Overall good phone""","""Overall good phone""",20,3,Short Review,False,Positive,0.9358
REV000649,PH020,Vivo T5 Pro 5G,Flipkart,"""Immediate heating on normal use and battery is drained in 5 to 6 hours.""","""Immediate heating on normal use and battery is drained in 5 to 6 hours.""",73,14,Good,False,Neutral,0.5038
REV000650,PH020,Vivo T5 Pro 5G,Flipkart,"""Good""","""Good""",6,1,Very Short,True,Positive,0.7658
REV000651,PH020,Vivo T5 Pro 5G,Flipkart,"""Excellent mobile phone.... thanks Flipkart...""","""Excellent mobile phone.... thanks Flipkart...""",47,5,Good,False,Positive,0.9866
REV000652,PH020,Vivo T5 Pro 5G,Flipkart,"""I am very very happy""","""I am very very happy""",22,5,Good,False,Positive,0.9865
REV000653,PH020,Vivo T5 Pro 5G,Flipkart,"""Never expected this kind of hanging problem in Vivo. It restarts automatically. Sometimes apps don't open. Not value for money.""","""Never expected this kind of hanging problem in Vivo. It restarts automatically. Sometimes apps don't open. Not value for money.""",129,20,Good,False,Negative,0.8707
REV000654,PH020,Vivo T5 Pro 5G,Flipkart,"""Nice Pro""","""Nice Pro""",10,2,Short Review,False,Positive,0.9092
REV000655,PH020,Vivo T5 Pro 5G,Flipkart,"""Battery drain issue. I am not using any video or apps and battery gone 25%. This is very bad.""","""Battery drain issue. I am not using any video or apps and battery gone 25%. This is very bad.""",95,19,Good,False,Negative,0.9303
REV000656,PH020,Vivo T5 Pro 5G,Flipkart,"""Osm phone with lots of features""","""Osm phone with lots of features""",33,6,Good,False,Positive,0.6244
REV000657,PH020,Vivo T5 Pro 5G,Flipkart,"""Not satisfied with this mobile, this is an average phone.""","""Not satisfied with this mobile, this is an average phone.""",59,10,Good,False,Negative,0.8962
REV000658,PH020,Vivo T5 Pro 5G,Flipkart,"""Awesome nice camera and display worth of money""","""Awesome nice camera and display worth of money""",48,8,Good,False,Positive,0.9774
REV000659,PH020,Vivo T5 Pro 5G,Flipkart,"""Wonderful Battery Excellent Mobile""","""Wonderful Battery Excellent Mobile""",36,4,Good,False,Positive,0.9822
REV000660,PH020,Vivo T5 Pro 5G,Flipkart,"""Excellent battery life, good camera""","""Excellent battery life, good camera""",37,5,Good,False,Positive,0.955
REV000661,PH020,Vivo T5 Pro 5G,Flipkart,"""Very good 👍""","""Very good 👍""",13,3,Short Review,False,Positive,0.983
REV000662,PH020,Vivo T5 Pro 5G,Flipkart,"""Average phone""","""Average phone""",15,2,Short Review,False,Neutral,0.6644
REV000663,PH020,Vivo T5 Pro 5G,Flipkart,"""Vary good product vivo t5pro""","""Vary good product vivo t5pro""",30,5,Good,False,Positive,0.9446
REV000664,PH020,Vivo T5 Pro 5G,Flipkart,"""Nice product""","""Nice product""",14,2,Short Review,True,Positive,0.9526
REV000665,PH020,Vivo T5 Pro 5G,Flipkart,"""Vivo my favourite phone""","""Vivo my favourite phone""",25,4,Good,False,Positive,0.9357
REV000666,PH020,Vivo T5 Pro 5G,Flipkart,"""Good""","""Good""",6,1,Very Short,True,Positive,0.7658
REV000667,PH020,Vivo T5 Pro 5G,Flipkart,"""It's good mobile""","""It's good mobile""",18,3,Short Review,False,Positive,0.8663
REV000668,PH020,Vivo T5 Pro 5G,Flipkart,"""Good phone""","""Good phone""",12,2,Short Review,True,Positive,0.87
REV000669,PH020,Vivo T5 Pro 5G,Flipkart,"""Good battery backup, slim phone""","""Good battery backup, slim phone""",33,5,Good,False,Positive,0.8721
REV000670,PH020,Vivo T5 Pro 5G,Flipkart,"""Using it for the past three days and the battery backup was fantastic and overall camera and performance was good.""","""Using it for the past three days and the battery backup was fantastic and overall camera and performance was good.""",116,20,Good,False,Positive,0.9826
REV000671,PH020,Vivo T5 Pro 5G,Flipkart,"""When the phone's camera moves closer to the tubelight, black lines start appearing on it.""","""When the phone's camera moves closer to the tubelight, black lines start appearing on it.""",91,15,Good,False,Neutral,0.8559
REV000672,PH020,Vivo T5 Pro 5G,Flipkart,"""Battery performance very bad. It drains within 12 hours.""","""Battery performance very bad. It drains within 12 hours.""",58,9,Good,False,Negative,0.9453
REV000673,PH020,Vivo T5 Pro 5G,Flipkart,"""Mobile data not working. 5G connectivity issue. Overall not as expected. Cost of Vivo T5 Pro 5G is very high. Better to buy Vivo T4 Pro because T5 has only higher battery capacity.""","""Mobile data not working. 5G connectivity issue. Overall not as expected. Cost of Vivo T5 Pro 5G is very high. Better to buy Vivo T4 Pro because T5 has only higher battery capacity.""",182,33,Good,False,Negative,0.7666
REV000674,PH020,Vivo T5 Pro 5G,Flipkart,"""Overall good 👍👍""","""Overall good 👍👍""",17,3,Short Review,False,Positive,0.9817
REV000675,PH020,Vivo T5 Pro 5G,Flipkart,"""Value for money best deal""","""Value for money best deal""",27,5,Good,False,Positive,0.872
REV000676,PH020,Vivo T5 Pro 5G,Amazon,"""Good mobile.""","""Good mobile.""",14,2,Short Review,False,Positive,0.9116
REV000677,PH020,Vivo T5 Pro 5G,Amazon,"""Good product.""","""Good product.""",15,2,Short Review,True,Positive,0.9522
REV000678,PH020,Vivo T5 Pro 5G,Amazon,"""Good. Amazing. Beautiful.""","""Good. Amazing. Beautiful.""",27,3,Short Review,False,Positive,0.9822
REV000679,PH020,Vivo T5 Pro 5G,Amazon,"""Value for money. Used just 1 week. Till now good.""","""Value for money. Used just 1 week. Till now good.""",51,10,Good,False,Positive,0.8245
REV000680,PH020,Vivo T5 Pro 5G,Amazon,"""Excellent.""","""Excellent.""",12,1,Very Short,False,Positive,0.9722
REV000681,PH020,Vivo T5 Pro 5G,Amazon,"""Using it for 2 days, absolutely stunning mobile. Huge battery, charged only once till now. It's been 2 days and the battery has not even gone down to 40%. Vivo always provides good mobiles with reasonable prices. As a Vivo lover, I've been using Vivo mobiles for the past 10 years. This phone breaks all my previous Vivo mobile records and is a superb model.""","""Using it for 2 days, absolutely stunning mobile. Huge battery, charged only once till now. It's been 2 days and the battery has not even gone down to 40%. Vivo always provides good mobiles with reasonable prices. As a Vivo lover, I've been using Vivo mobiles for the past 10 years. This phone breaks all my previous Vivo mobile records and is a superb model.""",360,65,Good,False,Positive,0.9768
REV000682,PH020,Vivo T5 Pro 5G,Amazon,"""I purchased it on 3rd May 2026 when I saw that it had a 10-day return policy from the seller Gold-Enterprise. After receiving the phone, I noticed that it started overheating. It idles at 35–36 degrees and goes above 40 degrees with minimal YouTube usage. When I contacted Amazon support for a return on the 8th day, they denied any return policy even after I shared screenshots showing the 10-day return policy at the time of purchase. One of the supervisors was extremely rude and disconnected the call. If you see a return policy mentioned for an electronics product, don't assume it will be honored. Never buying from Amazon again.""","""I purchased it on 3rd May 2026 when I saw that it had a 10-day return policy from the seller Gold-Enterprise. After receiving the phone, I noticed that it started overheating. It idles at 35–36 degrees and goes above 40 degrees with minimal YouTube usage. When I contacted Amazon support for a return on the 8th day, they denied any return policy even after I shared screenshots showing the 10-day return policy at the time of purchase. One of the supervisors was extremely rude and disconnected the call. If you see a return policy mentioned for an electronics product, don't assume it will be honored. Never buying from Amazon again.""",637,110,Good,False,Negative,0.6432
REV000683,PH020,Vivo T5 Pro 5G,Amazon,"""Good.""","""Good.""",7,1,Very Short,True,Positive,0.932
REV000684,PH020,Vivo T5 Pro 5G,Amazon,"""Good phone at 28k, best one.""","""Good phone at 28k, best one.""",30,6,Good,False,Positive,0.9793
REV000685,PH020,Vivo T5 Pro 5G,Amazon,"""So better and cool with high features. Camera of 50MP is sufficient. Value for money with a high refresh rate display.""","""So better and cool with high features. Camera of 50MP is sufficient. Value for money with a high refresh rate display.""",120,21,Good,False,Positive,0.977
REV000686,PH021,Realme Narzo 100 Lite 5G,Flipkart,"""nice""","""nice""",6,1,Very Short,False,Positive,0.6514
REV000687,PH021,Realme Narzo 100 Lite 5G,Flipkart,"""worst camera and display""","""worst camera and display""",26,4,Good,False,Negative,0.9414
REV000688,PH021,Realme Narzo 100 Lite 5G,Amazon,"""Camera clicks clear photo and picture outdoors. Battery life is solid. Display and screen are smooth enough. Performance and processor handle daily tasks well. Design is simple. far am happy with the device.""","""Camera clicks clear photo and picture outdoors. Battery life is solid. Display and screen are smooth enough. Performance and processor handle daily tasks well. Design is simple. far am happy with the device.""",209,33,Good,False,Positive,0.9615
REV000689,PH021,Realme Narzo 100 Lite 5G,Amazon,"""Good phone quality and value for money""","""Good phone quality and value for money""",40,7,Good,False,Positive,0.9024
REV000690,PH021,Realme Narzo 100 Lite 5G,Amazon,"""This mibile is not working fine. Kindly pickup this phone and refund me.""","""This mibile is not working fine. Kindly pickup this phone and refund me.""",74,13,Good,False,Negative,0.886
REV000691,PH021,Realme Narzo 100 Lite 5G,Amazon,"""Phone was everything good and back cemara need to improve more""","""Phone was everything good and back cemara need to improve more""",64,11,Good,False,Positive,0.7688
REV000692,PH021,Realme Narzo 100 Lite 5G,Amazon,"""Guys Mobile Really Awesome Battery Life, Sound quality, Only camera disappointed 😑 Overall Mobile Very Smooth Value For Money""","""Guys Mobile Really Awesome Battery Life, Sound quality, Only camera disappointed 😑 Overall Mobile Very Smooth Value For Money""",127,19,Good,False,Positive,0.8482
REV000693,PH021,Realme Narzo 100 Lite 5G,Amazon,"""Battery backup kafi achya nikla jisne muzhe bahoot hi jyada impress kiya hai, camera gives clear photo & picture, display & screen smooth, performance is stable with this processor.""","""Battery backup kafi achya nikla jisne muzhe bahoot hi jyada impress kiya hai, camera gives clear photo & picture, display & screen smooth, performance is stable with this processor.""",183,29,Good,False,Positive,0.8785
REV000694,PH021,Realme Narzo 100 Lite 5G,Amazon,"""Good Phone as per price""","""Good Phone as per price""",25,5,Good,False,Positive,0.8598
REV000695,PH021,Realme Narzo 100 Lite 5G,Amazon,"""Not impressive. It's very slow.""","""Not impressive. It's very slow.""",33,5,Good,False,Negative,0.9113
REV000696,PH021,Realme Narzo 100 Lite 5G,Amazon,"""Performance is good""","""Performance is good""",21,3,Short Review,False,Positive,0.912
REV000697,PH021,Realme Narzo 100 Lite 5G,Amazon,"""Phone is working Good""","""Phone is working Good""",23,4,Good,False,Positive,0.9087
REV000698,PH021,Realme Narzo 100 Lite 5G,Amazon,"""All is good but camera is not good camera very bad""","""All is good but camera is not good camera very bad""",52,11,Good,False,Negative,0.755
REV000699,PH021,Realme Narzo 100 Lite 5G,Amazon,"""Vry good""","""Vry good""",10,2,Short Review,False,Positive,0.9296
REV000700,PH021,Realme Narzo 100 Lite 5G,Amazon,"""Good""","""Good""",6,1,Very Short,False,Positive,0.7658
REV000701,PH021,Realme Narzo 100 Lite 5G,Amazon,"""Good product""","""Good product""",14,2,Short Review,False,Positive,0.8975
REV000702,PH021,Realme Narzo 100 Lite 5G,Amazon,"""After using very long time I'm satisfied with this phone I think may be narzo 100 liye is very budget+ decent performance phone. Overall good device if your budget is nearly 15-18k.""","""After using very long time I'm satisfied with this phone I think may be narzo 100 liye is very budget+ decent performance phone. Overall good device if your budget is nearly 15-18k.""",183,32,Good,False,Positive,0.9754
REV000703,PH021,Realme Narzo 100 Lite 5G,Amazon,"""Quality is best""","""Quality is best""",17,3,Short Review,False,Positive,0.8735
REV000704,PH021,Realme Narzo 100 Lite 5G,Amazon,"""Average phone""","""Average phone""",15,2,Short Review,False,Neutral,0.6644
REV000705,PH021,Realme Narzo 100 Lite 5G,Amazon,"""Okay okay battery okay display okay camera okay bumper offer""","""Okay okay battery okay display okay camera okay bumper offer""",62,10,Good,False,Neutral,0.5581
REV000706,PH021,Realme Narzo 100 Lite 5G,Amazon,"""Overall very good phone in range of Rs.14000 4GB+128GB. I am impressed with battery, good looking etc.""","""Overall very good phone in range of Rs.14000 4GB+128GB. I am impressed with battery, good looking etc.""",104,17,Good,False,Positive,0.9843
REV000707,PH021,Realme Narzo 100 Lite 5G,Amazon,"""Excellent product.""","""Excellent product.""",20,2,Short Review,False,Positive,0.9711
REV000708,PH021,Realme Narzo 100 Lite 5G,Amazon,"""Wuality""","""Wuality""",9,1,Very Short,False,Neutral,0.7608
REV000709,PH021,Realme Narzo 100 Lite 5G,Amazon,"""Good""","""Good""",6,1,Very Short,True,Positive,0.7658
REV000710,PH021,Realme Narzo 100 Lite 5G,Amazon,"""Camera takes nice photo and pictures in good lighting. Battery backup is dependable. Display and screen feel smooth. Performance with this processor is stable. Design is decent. Overall liked the phone.""","""Camera takes nice photo and pictures in good lighting. Battery backup is dependable. Display and screen feel smooth. Performance with this processor is stable. Design is decent. Overall liked the phone.""",204,31,Good,False,Positive,0.9706
REV000711,PH021,Realme Narzo 100 Lite 5G,Amazon,"""Good""","""Good""",6,1,Very Short,True,Positive,0.7658
REV000712,PH021,Realme Narzo 100 Lite 5G,Amazon,"""Best camera quality""","""Best camera quality""",21,3,Short Review,False,Positive,0.8922
REV000713,PH021,Realme Narzo 100 Lite 5G,Amazon,"""Nic""","""Nic""",5,1,Very Short,False,Neutral,0.8595
REV000714,PH021,Realme Narzo 100 Lite 5G,Amazon,"""Value for Money..! 5/5""","""Value for Money..! 5/5""",24,4,Good,False,Neutral,0.6549
REV000715,PH021,Realme Narzo 100 Lite 5G,Amazon,"""Design bhot hi minimal hai but kaafi premium feel de rha hai mujhe. Friends ne phn dekh kar kafi tarif kari. Camera clicks nice photo and picture jisse mene thori showoff bhi aram se kar liyaa. Battery is strong. Display and screen feel smooth. Performance is stable.""","""Design bhot hi minimal hai but kaafi premium feel de rha hai mujhe. Friends ne phn dekh kar kafi tarif kari. Camera clicks nice photo and picture jisse mene thori showoff bhi aram se kar liyaa. Battery is strong. Display and screen feel smooth. Performance is stable.""",269,47,Good,False,Positive,0.696
REV000716,PH021,Realme Narzo 100 Lite 5G,Amazon,"""Good""","""Good""",6,1,Very Short,True,Positive,0.7658
REV000717,PH021,Realme Narzo 100 Lite 5G,Amazon,"""Design bhot hi minimal hai but premium hai jo bhot hi clearly show kara hai ki ye value for money hai. Camera clicks nice photo and picture. Battery strong. Display and screen bhot hi smoothly work karre hai. Performance is very stable.""","""Design bhot hi minimal hai but premium hai jo bhot hi clearly show kara hai ki ye value for money hai. Camera clicks nice photo and picture. Battery strong. Display and screen bhot hi smoothly work karre hai. Performance is very stable.""",238,42,Good,False,Positive,0.869
REV000718,PH021,Realme Narzo 100 Lite 5G,Amazon,"""Camera quality for photo and picture is fine. Battery backup is good. Display and screen look clear. Performance and processor handle daily use well. Design is simple just the way I wanted.""","""Camera quality for photo and picture is fine. Battery backup is good. Display and screen look clear. Performance and processor handle daily use well. Design is simple just the way I wanted.""",191,32,Good,False,Positive,0.9316
REV000719,PH021,Realme Narzo 100 Lite 5G,Amazon,"""Design dekh ke hi value feel hoti hai. Camera gives clear photo and picture. Battery is long lasting jiski mujhe bhot jyada need thi. Display and screen fluid. Performance stable hai jo mujhe bhot pasand aya.""","""Design dekh ke hi value feel hoti hai. Camera gives clear photo and picture. Battery is long lasting jiski mujhe bhot jyada need thi. Display and screen fluid. Performance stable hai jo mujhe bhot pasand aya.""",210,36,Good,False,Positive,0.6205
REV000720,PH021,Realme Narzo 100 Lite 5G,Amazon,"""Wast of money""","""Wast of money""",15,3,Short Review,False,Negative,0.6275
REV000721,PH021,Realme Narzo 100 Lite 5G,Amazon,"""Heating continuously. I am not able to use any app. Don't buy this phone. No replacement and return option is there we have to go realme service centre. It's waste of time. Don't buy this product.""","""Heating continuously. I am not able to use any app. Don't buy this phone. No replacement and return option is there we have to go realme service centre. It's waste of time. Don't buy this product.""",198,36,Good,False,Negative,0.9414
REV000722,PH021,Realme Narzo 100 Lite 5G,Amazon,"""Phone ekdum cheap worst laga kyuki:","""Phone ekdum cheap worst laga kyuki:",36,6,Good,False,Negative,0.8094
REV000723,PH021,Realme Narzo 100 Lite 5G,Amazon,back or front camera k picture 2 mega pixal jesi h,back or front camera k picture 2 mega pixal jesi h,50,11,Good,False,Neutral,0.8299
REV000724,PH021,Realme Narzo 100 Lite 5G,Amazon,slow charging lagbhag 1 ghante me 20% charge hua,slow charging lagbhag 1 ghante me 20% charge hua,48,9,Good,False,Negative,0.5374
REV000725,PH021,Realme Narzo 100 Lite 5G,Amazon,ek sim card dalta h,ek sim card dalta h,19,5,Good,False,Neutral,0.7665
REV000726,PH021,Realme Narzo 100 Lite 5G,Amazon,Picture quality 2 star jaisi h,Picture quality 2 star jaisi h,30,6,Good,False,Neutral,0.719
REV000727,PH021,Realme Narzo 100 Lite 5G,Amazon,"ek speaker h""","ek speaker h""",13,3,Short Review,False,Neutral,0.7416
REV000728,PH021,Realme Narzo 100 Lite 5G,Amazon,"""Worst product charging is very slow battery life is very bad phone performance is very slow not value for money I bought on may 9 may 11 phone is lagging and there is no return option""","""Worst product charging is very slow battery life is very bad phone performance is very slow not value for money I bought on may 9 may 11 phone is lagging and there is no return option""",185,36,Good,False,Negative,0.9495
REV000729,PH021,Realme Narzo 100 Lite 5G,Amazon,"""Yah set bahut Hai sound quality hai koi awaaz badhiya nahin Hai Koi sad aur dusri baat hang bhi kar raha hai kripya Koi handset mobile na mangvae""","""Yah set bahut Hai sound quality hai koi awaaz badhiya nahin Hai Koi sad aur dusri baat hang bhi kar raha hai kripya Koi handset mobile na mangvae""",147,28,Good,False,Negative,0.6748
REV000730,PH021,Realme Narzo 100 Lite 5G,Amazon,"""Please do not purchase this product. Pathetic feel at the first sight. Bad performance. Camera is very weak. Even battery works like 5000 mah power. Charging very very slow. Not a single point to review good.""","""Please do not purchase this product. Pathetic feel at the first sight. Bad performance. Camera is very weak. Even battery works like 5000 mah power. Charging very very slow. Not a single point to review good.""",210,36,Good,False,Negative,0.9465
REV000731,PH021,Realme Narzo 100 Lite 5G,Amazon,"""Not chargeing""","""Not chargeing""",15,2,Short Review,False,Neutral,0.7486
REV000732,PH021,Realme Narzo 100 Lite 5G,Amazon,"""Costlier than other platforms. No other benefits. Waste for me""","""Costlier than other platforms. No other benefits. Waste for me""",64,10,Good,False,Negative,0.8016
REV000733,PH021,Realme Narzo 100 Lite 5G,Amazon,"""charger is very low watt""","""charger is very low watt""",26,5,Good,False,Negative,0.7202
REV000734,PH021,Realme Narzo 100 Lite 5G,Amazon,"""Waste of Money Don't Buy this phone camera totally waste china piece""","""Waste of Money Don't Buy this phone camera totally waste china piece""",70,12,Good,False,Negative,0.908
REV000735,PH021,Realme Narzo 100 Lite 5G,Amazon,"""So bad""","""So bad""",8,2,Short Review,False,Negative,0.8312
REV000736,PH021,Realme Narzo 100 Lite 5G,Amazon,"""Pathetic phone. The performance is disastrous, touch isn't working. Did a grave mistake purchasing Realme. Please don't buy""","""Pathetic phone. The performance is disastrous, touch isn't working. Did a grave mistake purchasing Realme. Please don't buy""",125,18,Good,False,Negative,0.9509
REV000737,PH021,Realme Narzo 100 Lite 5G,Amazon,"""Mobile was not working""","""Mobile was not working""",24,4,Good,False,Negative,0.5869
REV000738,PH021,Realme Narzo 100 Lite 5G,Amazon,"""Phone performance soo bad, not buying this""","""Phone performance soo bad, not buying this""",44,7,Good,False,Negative,0.9413
REV000739,PH021,Realme Narzo 100 Lite 5G,Amazon,"""Not smooth working""","""Not smooth working""",20,3,Short Review,False,Negative,0.5166
REV000740,PH021,Realme Narzo 100 Lite 5G,Amazon,"""Starts Hanging from day 2""","""Starts Hanging from day 2""",27,5,Good,False,Neutral,0.9358
REV000741,PH021,Realme Narzo 100 Lite 5G,Amazon,"""Best phone ...in under 20k ..it is very light weight in compare other phone... it's real.. realme..I like it ..""","""Best phone ...in under 20k ..it is very light weight in compare other phone... it's real.. realme..I like it ..""",113,20,Good,False,Positive,0.9839
REV000742,PH021,Realme Narzo 100 Lite 5G,Amazon,"""Mast phone. Dumdaar battery.. Never hangs and never heats. Display 10 on 10. Chipset 10 on 10. Sound 10 on 10.""","""Mast phone. Dumdaar battery.. Never hangs and never heats. Display 10 on 10. Chipset 10 on 10. Sound 10 on 10.""",112,21,Good,False,Positive,0.6808
REV000743,PH021,Realme Narzo 100 Lite 5G,Amazon,"""Very best phone ever all realme phone it's best rate for all realme rate than very average rate. It's very best rate than all phone.""","""Very best phone ever all realme phone it's best rate for all realme rate than very average rate. It's very best rate than all phone.""",134,25,Good,False,Positive,0.978
REV000744,PH021,Realme Narzo 100 Lite 5G,Amazon,"""Awesome battery backup. Camera also good. Display size is good. Worth purchase. Go for it surely. Processor also good.""","""Awesome battery backup. Camera also good. Display size is good. Worth purchase. Go for it surely. Processor also good.""",120,19,Good,False,Positive,0.9798
REV000745,PH021,Realme Narzo 100 Lite 5G,Amazon,"""Wrongly purchased now wants to change but no option available ….very slow in working, screen not as per mark, looking 2K phn but i purchased in 15K so i feel cheated""","""Wrongly purchased now wants to change but no option available ....very slow in working, screen not as per mark, looking 2K phn but i purchased in 15K so i feel cheated""",169,31,Good,False,Negative,0.9333
REV000746,PH021,Realme Narzo 100 Lite 5G,Amazon,"""Believe me, do not shop with Amazon in your life, they will spoil your product and if you return it, you will not pay any money. I request everyone to join hands and spread this news as much as possible. They did not pay my money. They have given Amazon bad and bad.""","""Believe me, do not shop with Amazon in your life, they will spoil your product and if you return it, you will not pay any money. I request everyone to join hands and spread this news as much as possible. They did not pay my money. They have given Amazon bad and bad.""",268,53,Good,False,Negative,0.8834
REV000747,PH021,Realme Narzo 100 Lite 5G,Amazon,"""After searching for many this is finally i opted for, camera quality for photo and picture is decent. Battery backup is really strong. Display and screen are smooth. Performance and processor are good for daily work. Design looks nice.""","""After searching for many this is finally i opted for, camera quality for photo and picture is decent. Battery backup is really strong. Display and screen are smooth. Performance and processor are good for daily work. Design looks nice.""",237,39,Good,False,Positive,0.9675
REV000748,PH021,Realme Narzo 100 Lite 5G,Amazon,"""Camera quality for photo and picture is okay battery last long display and screen are smooth performance and processor are fine design is attractive perfect for me""","""Camera quality for photo and picture is okay battery last long display and screen are smooth performance and processor are fine design is attractive perfect for me""",165,27,Good,False,Positive,0.9602
REV000749,PH021,Realme Narzo 100 Lite 5G,Amazon,"""Best value for money product""","""Best value for money product""",30,5,Good,False,Positive,0.9306
REV000750,PH021,Realme Narzo 100 Lite 5G,Amazon,"""Features are good for the price. Camera captures decent photo and picture. Battery backup is strong. Display and screen look good. Performance with this processor is stable. Design feels stylish. Value for money device""","""Features are good for the price. Camera captures decent photo and picture. Battery backup is strong. Display and screen look good. Performance with this processor is stable. Design feels stylish. Value for money device""",220,34,Good,False,Positive,0.9617
REV000751,PH021,Realme Narzo 100 Lite 5G,Amazon,"""Good product. Value for money.""","""Good product. Value for money.""",32,5,Good,False,Positive,0.9608
REV000752,PH022,Ai+ Nova 2 Ultra 5G,Flipkart,"""Money back mobile""","""Money back mobile""",19,3,Short Review,False,Neutral,0.7894
REV000753,PH022,Ai+ Nova 2 Ultra 5G,Flipkart,"""Camera is good Battery is good But figure print very slow Overall good mobile this price... Tq flipkart.""","""Camera is good Battery is good But figure print very slow Overall good mobile this price... Tq flipkart.""",106,18,Good,False,Positive,0.9018
REV000754,PH022,Ai+ Nova 2 Ultra 5G,Flipkart,"""good""","""good""",6,1,Very Short,False,Positive,0.5239
REV000755,PH022,Ai+ Nova 2 Ultra 5G,Flipkart,"""Fil vibrate in song time and I am not get guide book""","""Fil vibrate in song time and I am not get guide book""",54,12,Good,False,Negative,0.5751
REV000756,PH022,Ai+ Nova 2 Ultra 5G,Flipkart,"""Money is best phone""","""Money is best phone""",21,4,Good,False,Positive,0.8351
REV000757,PH022,Ai+ Nova 2 Ultra 5G,Flipkart,"""Good product and price.""","""Good product and price.""",25,4,Good,False,Positive,0.9455
REV000758,PH022,Ai+ Nova 2 Ultra 5G,Flipkart,"""Average""","""Average""",9,1,Very Short,False,Neutral,0.7626
REV000759,PH022,Ai+ Nova 2 Ultra 5G,Flipkart,"""Good""","""Good""",6,1,Very Short,True,Positive,0.7658
REV000760,PH022,Ai+ Nova 2 Ultra 5G,Flipkart,"""UI is not so good, both earpods not active at the same time.""","""UI is not so good, both earpods not active at the same time.""",62,13,Good,False,Negative,0.9031
REV000761,PH022,Ai+ Nova 2 Ultra 5G,Flipkart,"""Very good phone and ease for use""","""Very good phone and ease for use""",34,7,Good,False,Positive,0.9766
REV000762,PH022,Ai+ Nova 2 Ultra 5G,Flipkart,"""Mobile 📲 filling is better nice phone handaling""","""Mobile 📲 filling is better nice phone handaling""",49,8,Good,False,Positive,0.8831
REV000763,PH022,Ai+ Nova 2 Ultra 5G,Flipkart,"""Earbuds not working""","""Earbuds not working""",21,3,Short Review,False,Negative,0.7733
REV000764,PH022,Ai+ Nova 2 Ultra 5G,Flipkart,"""Good""","""Good""",6,1,Very Short,True,Positive,0.7658
REV000765,PH022,Ai+ Nova 2 Ultra 5G,Flipkart,"""Super quality""","""Super quality""",15,2,Short Review,False,Positive,0.7502
REV000766,PH022,Ai+ Nova 2 Ultra 5G,Flipkart,"""Go for it, worth buying.""","""Go for it, worth buying.""",26,5,Good,False,Positive,0.9156
REV000767,PH022,Ai+ Nova 2 Ultra 5G,Flipkart,"""There is no fast charging at all. Once a day or twice a day have to charge. Battery is dropping so fast.""","""There is no fast charging at all. Once a day or twice a day have to charge. Battery is dropping so fast.""",106,22,Good,False,Negative,0.8866
REV000768,PH022,Ai+ Nova 2 Ultra 5G,Flipkart,"""Made in India the best product""","""Made in India the best product""",32,6,Good,False,Positive,0.9439
REV000769,PH022,Ai+ Nova 2 Ultra 5G,Flipkart,"""It's okay Money value excess""","""It's okay Money value excess""",30,5,Good,False,Neutral,0.6619
REV000770,PH022,Ai+ Nova 2 Ultra 5G,Flipkart,"""Good phone""","""Good phone""",12,2,Short Review,False,Positive,0.87
REV000771,PH022,Ai+ Nova 2 Ultra 5G,Flipkart,"""Mind blowing for me""","""Mind blowing for me""",21,4,Good,False,Positive,0.8708
REV000772,PH022,Ai+ Nova 2 Ultra 5G,Flipkart,"""All good but chargeing speed very very slow. Sound blew. Display super""","""All good but chargeing speed very very slow. Sound blew. Display super""",72,12,Good,False,Negative,0.7718
REV000773,PH022,Ai+ Nova 2 Ultra 5G,Flipkart,"""Super""","""Super""",7,1,Very Short,False,Neutral,0.6928
REV000774,PH022,Ai+ Nova 2 Ultra 5G,Flipkart,"""Very nice phone""","""Very nice phone""",17,3,Short Review,False,Positive,0.9744
REV000775,PH022,Ai+ Nova 2 Ultra 5G,Flipkart,"""Superb quality""","""Superb quality""",16,2,Short Review,False,Positive,0.9062
REV000776,PH022,Ai+ Nova 2 Ultra 5G,Flipkart,"""Good""","""Good""",6,1,Very Short,True,Positive,0.7658
REV000777,PH022,Ai+ Nova 2 Ultra 5G,Flipkart,"""Vary good""","""Vary good""",11,2,Short Review,False,Positive,0.8784
REV000778,PH022,Ai+ Nova 2 Ultra 5G,Flipkart,"""Value for money""","""Value for money""",17,3,Short Review,False,Neutral,0.7623
REV000779,PH022,Ai+ Nova 2 Ultra 5G,Flipkart,"""Awesome""","""Awesome""",9,1,Very Short,False,Positive,0.9743
REV000780,PH022,Ai+ Nova 2 Ultra 5G,Flipkart,"""Phone is very good product""","""Phone is very good product""",28,5,Good,False,Positive,0.9668
REV000781,PH022,Ai+ Nova 2 Ultra 5G,Flipkart,"""Superb""","""Superb""",8,1,Very Short,False,Positive,0.8744
REV000782,PH022,Ai+ Nova 2 Ultra 5G,Flipkart,"""Phone only good for ai+""","""Phone only good for ai+""",25,5,Good,False,Negative,0.5238
REV000783,PH022,Ai+ Nova 2 Ultra 5G,Flipkart,"""Overall Good""","""Overall Good""",14,2,Short Review,False,Positive,0.9207
REV000784,PH022,Ai+ Nova 2 Ultra 5G,Flipkart,"""Best product.. volume for money..""","""Best product.. volume for money..""",35,5,Good,False,Positive,0.9631
REV000785,PH022,Ai+ Nova 2 Ultra 5G,Flipkart,"""Nice 👍👍👍👍😊😊""","""Nice 👍👍👍👍😊😊""",13,2,Short Review,False,Positive,0.9819
REV000786,PH022,Ai+ Nova 2 Ultra 5G,Flipkart,"""Good luck""","""Good luck""",11,2,Short Review,False,Positive,0.9263
REV000787,PH022,Ai+ Nova 2 Ultra 5G,Flipkart,"""Good but setting not good""","""Good but setting not good""",27,5,Good,False,Negative,0.5671
REV000788,PH022,Ai+ Nova 2 Ultra 5G,Flipkart,"""Value for money Very good Indian product""","""Value for money Very good Indian product""",42,7,Good,False,Positive,0.9597
REV000789,PH022,Ai+ Nova 2 Ultra 5G,Flipkart,"""Good experience""","""Good experience""",17,2,Short Review,False,Positive,0.9114
REV000790,PH022,Ai+ Nova 2 Ultra 5G,Flipkart,"""Value for money prodect""","""Value for money prodect""",25,4,Good,False,Neutral,0.8061
REV000791,PH022,Ai+ Nova 2 Ultra 5G,Flipkart,"""Slow charge 1 percent charge in 10 minutes""","""Slow charge 1 percent charge in 10 minutes""",44,8,Good,False,Neutral,0.6982
REV000792,PH022,Ai+ Nova 2 Ultra 5G,Flipkart,"""Battery not last long and overheating of phone""","""Battery not last long and overheating of phone""",48,8,Good,False,Neutral,0.4979
REV000793,PH022,Ai+ Nova 2 Ultra 5G,Flipkart,"""God mobile""","""God mobile""",12,2,Short Review,False,Neutral,0.635
REV000794,PH022,Ai+ Nova 2 Ultra 5G,Flipkart,"""Very""","""Very""",6,1,Very Short,False,Neutral,0.7863
REV000795,PH022,Ai+ Nova 2 Ultra 5G,Flipkart,"""Good quality""","""Good quality""",14,2,Short Review,False,Positive,0.5948
REV000796,PH022,Ai+ Nova 2 Ultra 5G,Flipkart,"""Nice one""","""Nice one""",10,2,Short Review,False,Positive,0.9512
REV000797,PH022,Ai+ Nova 2 Ultra 5G,Flipkart,"""The phone is not working properly. The touch screen become unresponsive at time, the device hangs frequently, and there are display touch issue. Additionally, the phone is charging very slowly even wi...""","""The phone is not working properly. The touch screen become unresponsive at time, the device hangs frequently, and there are display touch issue. Additionally, the phone is charging very slowly even wi...""",205,32,Good,False,Negative,0.9061
REV000798,PH022,Ai+ Nova 2 Ultra 5G,Flipkart,"""more""","""more""",6,1,Very Short,False,Neutral,0.8224
REV000799,PH022,Ai+ Nova 2 Ultra 5G,Flipkart,"""Good nice""","""Good nice""",11,2,Short Review,False,Positive,0.9479
REV000800,PH022,Ai+ Nova 2 Ultra 5G,Flipkart,"""Overall Best....But Improve Lag Issue.""","""Overall Best....But Improve Lag Issue.""",40,5,Good,False,Positive,0.7966
REV000801,PH022,Ai+ Nova 2 Ultra 5G,Flipkart,"""Not Working As Aspected""","""Not Working As Aspected""",25,4,Good,False,Negative,0.6671
REV000802,PH022,Ai+ Nova 2 Ultra 5G,Flipkart,"""It has a hanging problem.""","""It has a hanging problem.""",27,5,Good,False,Negative,0.5013
REV000803,PH022,Ai+ Nova 2 Ultra 5G,Flipkart,"""Very good""","""Very good""",11,2,Short Review,False,Positive,0.9648
REV000804,PH022,Ai+ Nova 2 Ultra 5G,Flipkart,"""Worst battery 🪫 drain quickly camera not good""","""Worst battery 🪫 drain quickly camera not good""",47,8,Good,False,Negative,0.9499
REV000805,PH022,Ai+ Nova 2 Ultra 5G,Flipkart,"""Not Good. 5 G not working""","""Not Good. 5 G not working""",27,6,Good,False,Negative,0.9249
REV000806,PH022,Ai+ Nova 2 Ultra 5G,Flipkart,"""Don't waste your mobile""","""Don't waste your mobile""",25,4,Good,False,Neutral,0.6437
REV000807,PH022,Ai+ Nova 2 Ultra 5G,Flipkart,"""All above mentioned quality is very bad, started lagging while using normal app""","""All above mentioned quality is very bad, started lagging while using normal app""",81,13,Good,False,Negative,0.9237
REV000808,PH022,Ai+ Nova 2 Ultra 5G,Flipkart,"""Vary bad""","""Vary bad""",10,2,Short Review,False,Negative,0.5858
REV000809,PH022,Ai+ Nova 2 Ultra 5G,Flipkart,"""High price and low performance, touchscreen performance is slow, it's worth is only 8 thousand mobile""","""High price and low performance, touchscreen performance is slow, it's worth is only 8 thousand mobile""",103,16,Good,False,Negative,0.8922
REV000810,PH022,Ai+ Nova 2 Ultra 5G,Flipkart,"""Very bad experience""","""Very bad experience""",21,3,Short Review,False,Negative,0.913
REV000811,PH022,Ai+ Nova 2 Ultra 5G,Flipkart,"""Overheat problem 📱🪫""","""Overheat problem 📱🪫""",21,3,Short Review,False,Negative,0.7352
REV000812,PH022,Ai+ Nova 2 Ultra 5G,Flipkart,"""Oll good""","""Oll good""",10,2,Short Review,False,Positive,0.7653
REV000813,PH022,Ai+ Nova 2 Ultra 5G,Flipkart,"""This phone performance is very very slow. I'm not satisfied for this product""","""This phone performance is very very slow. I'm not satisfied for this product""",78,13,Good,False,Negative,0.9499
REV000814,PH022,Ai+ Nova 2 Ultra 5G,Flipkart,"""Best phone under price""","""Best phone under price""",24,4,Good,False,Positive,0.9344
REV000815,PH022,Ai+ Nova 2 Ultra 5G,Flipkart,"""Good product""","""Good product""",14,2,Short Review,False,Positive,0.8975
REV000816,PH022,Ai+ Nova 2 Ultra 5G,Flipkart,"""Battery overheat at Time of charging""","""Battery overheat at Time of charging""",38,6,Good,False,Negative,0.5289
REV000817,PH022,Ai+ Nova 2 Ultra 5G,Flipkart,"""Good""","""Good""",6,1,Very Short,True,Positive,0.7658
REV000818,PH022,Ai+ Nova 2 Ultra 5G,Flipkart,"""Charger cable was small size""","""Charger cable was small size""",30,5,Good,False,Neutral,0.705
REV000819,PH022,Ai+ Nova 2 Ultra 5G,Flipkart,"""TWS (Novapods Edge) Ear burds not working in one day""","""TWS (Novapods Edge) Ear burds not working in one day""",54,10,Good,False,Negative,0.8233
REV000820,PH022,Ai+ Nova 2 Ultra 5G,Flipkart,"""nice product""","""nice product""",14,2,Short Review,False,Positive,0.9262
REV000821,PH022,Ai+ Nova 2 Ultra 5G,Flipkart,"""Best""","""Best""",6,1,Very Short,False,Positive,0.6827
REV000822,PH022,Ai+ Nova 2 Ultra 5G,Flipkart,"""Best phone but charger atleast 35 watt""","""Best phone but charger atleast 35 watt""",40,7,Good,False,Positive,0.7929
REV000823,PH022,Ai+ Nova 2 Ultra 5G,Flipkart,"""Overall mobile is good and decent Worthy for money""","""Overall mobile is good and decent Worthy for money""",52,9,Good,False,Positive,0.9529
REV000824,PH022,Ai+ Nova 2 Ultra 5G,Flipkart,"""Good product.""","""Good product.""",15,2,Short Review,False,Positive,0.9522
REV000825,PH022,Ai+ Nova 2 Ultra 5G,Flipkart,"""Very nice""","""Very nice""",11,2,Short Review,False,Positive,0.9701
REV000826,PH022,Ai+ Nova 2 Ultra 5G,Flipkart,"""Good quality""","""Good quality""",14,2,Short Review,True,Positive,0.5948
REV000827,PH022,Ai+ Nova 2 Ultra 5G,Flipkart,"""Perfect budget friendly mobile""","""Perfect budget friendly mobile""",32,4,Good,False,Positive,0.9461
REV000828,PH022,Ai+ Nova 2 Ultra 5G,Flipkart,"""This mobile is very good and the price is also right""","""This mobile is very good and the price is also right""",54,11,Good,False,Positive,0.9821
REV000829,PH022,Ai+ Nova 2 Ultra 5G,Flipkart,"""Worst camara quality and display too""","""Worst camara quality and display too""",38,6,Good,False,Negative,0.9445
REV000830,PH022,Ai+ Nova 2 Ultra 5G,Flipkart,"""At this price range overall it's the best right now in the market..keep it up Ai+ don't let it go to Ai-""","""At this price range overall it's the best right now in the market..keep it up Ai+ don't let it go to Ai-""",106,22,Good,False,Positive,0.955
REV000831,PH022,Ai+ Nova 2 Ultra 5G,Flipkart,"""Value for money""","""Value for money""",17,3,Short Review,True,Neutral,0.7623
REV000832,PH022,Ai+ Nova 2 Ultra 5G,Flipkart,"""Mic issues""","""Mic issues""",12,2,Short Review,False,Neutral,0.6705
REV000833,PH022,Ai+ Nova 2 Ultra 5G,Flipkart,"""Good""","""Good""",6,1,Very Short,True,Positive,0.7658
REV000834,PH022,Ai+ Nova 2 Ultra 5G,Flipkart,"""Normal use overheat😠""","""Normal use overheat😠""",22,3,Short Review,False,Negative,0.8503
REV000835,PH022,Ai+ Nova 2 Ultra 5G,Flipkart,"""Best product I like camera battery and phone look""","""Best product I like camera battery and phone look""",51,9,Good,False,Positive,0.9733
REV000836,PH022,Ai+ Nova 2 Ultra 5G,Flipkart,"""NextQ Os for Modification in the This Mobile Phone""","""NextQ Os for Modification in the This Mobile Phone""",52,9,Good,False,Neutral,0.9062
REV000837,PH022,Ai+ Nova 2 Ultra 5G,Flipkart,"""Very bad""","""Very bad""",10,2,Short Review,False,Negative,0.8849
REV000838,PH023,Ai+ Nova 2 5G,Flipkart,"""Excelent""","""Excelent""",10,1,Very Short,False,Positive,0.5937
REV000839,PH023,Ai+ Nova 2 5G,Flipkart,"""Experience is good mobile runs smoothly this you can go for purchase. It's software is optimised and no lag issue perfect for normal use.""","""Experience is good mobile runs smoothly this you can go for purchase. It's software is optimised and no lag issue perfect for normal use.""",139,24,Good,False,Positive,0.9611
REV000840,PH023,Ai+ Nova 2 5G,Flipkart,"""Good phone for normal users""","""Good phone for normal users""",29,5,Good,False,Positive,0.8999
REV000841,PH023,Ai+ Nova 2 5G,Flipkart,"""I saw such a beautiful phone for the first time. The phone works amazingly, I enjoyed it.""","""I saw such a beautiful phone for the first time. The phone works amazingly, I enjoyed it.""",91,17,Good,False,Positive,0.9906
REV000842,PH023,Ai+ Nova 2 5G,Flipkart,"""Everything is perfect except for the camera quality but according to the price, it can be acceptable.""","""Everything is perfect except for the camera quality but according to the price, it can be acceptable.""",103,17,Good,False,Positive,0.5861
REV000843,PH023,Ai+ Nova 2 5G,Flipkart,"""It's a Good Budget Mobile for those who use it for daily social media operations, multiple apps use and maybe gaming (not sure). Battery stays for beyond a day, even with multi-tasking. Display is also good.""","""It's a Good Budget Mobile for those who use it for daily social media operations, multiple apps use and maybe gaming (not sure). Battery stays for beyond a day, even with multi-tasking. Display is also good.""",209,36,Good,False,Positive,0.9424
REV000844,PH023,Ai+ Nova 2 5G,Flipkart,"""Ok good 👍 phone""","""Ok good 👍 phone""",17,4,Good,False,Positive,0.9316
REV000845,PH023,Ai+ Nova 2 5G,Flipkart,"""Better in price""","""Better in price""",17,3,Short Review,False,Positive,0.5213
REV000846,PH023,Ai+ Nova 2 5G,Flipkart,"""Value of money.""","""Value of money.""",17,3,Short Review,False,Neutral,0.8532
REV000847,PH023,Ai+ Nova 2 5G,Flipkart,"""Value for money""","""Value for money""",17,3,Short Review,False,Neutral,0.7623
REV000848,PH023,Ai+ Nova 2 5G,Flipkart,"""Very good""","""Very good""",11,2,Short Review,False,Positive,0.9648
REV000849,PH023,Ai+ Nova 2 5G,Flipkart,"""Good""","""Good""",6,1,Very Short,False,Positive,0.7658
REV000850,PH023,Ai+ Nova 2 5G,Flipkart,"""Ok good product Nice camera Battery capacity good Display good""","""Ok good product Nice camera Battery capacity good Display good""",64,10,Good,False,Positive,0.9701
REV000851,PH023,Ai+ Nova 2 5G,Flipkart,"""Ossam phone 🤙💥""","""Ossam phone 🤙💥""",16,3,Short Review,False,Positive,0.6128
REV000852,PH023,Ai+ Nova 2 5G,Flipkart,"""Good""","""Good""",6,1,Very Short,True,Positive,0.7658
REV000853,PH023,Ai+ Nova 2 5G,Flipkart,"""Value for money""","""Value for money""",17,3,Short Review,True,Neutral,0.7623
REV000854,PH023,Ai+ Nova 2 5G,Flipkart,"""Mobile is good""","""Mobile is good""",16,3,Short Review,False,Positive,0.8939
REV000855,PH023,Ai+ Nova 2 5G,Flipkart,"""Best phone""","""Best phone""",12,2,Short Review,False,Positive,0.9311
REV000856,PH023,Ai+ Nova 2 5G,Flipkart,"""Budget 5G mobile""","""Budget 5G mobile""",18,3,Short Review,False,Neutral,0.8208
REV000857,PH023,Ai+ Nova 2 5G,Flipkart,"""Good phone in budget delevery boy also very good and helpful""","""Good phone in budget delevery boy also very good and helpful""",62,11,Good,False,Positive,0.9714
REV000858,PH023,Ai+ Nova 2 5G,Flipkart,"""Camera quality good""","""Camera quality good""",21,3,Short Review,False,Positive,0.7547
REV000859,PH023,Ai+ Nova 2 5G,Flipkart,"""Good""","""Good""",6,1,Very Short,True,Positive,0.7658
REV000860,PH023,Ai+ Nova 2 5G,Flipkart,"""Value for the money good handset""","""Value for the money good handset""",34,6,Good,False,Positive,0.9055
REV000861,PH023,Ai+ Nova 2 5G,Flipkart,"""Very good""","""Very good""",11,2,Short Review,True,Positive,0.9648
REV000862,PH023,Ai+ Nova 2 5G,Flipkart,"""Great purchase""","""Great purchase""",16,2,Short Review,False,Positive,0.9732
REV000863,PH023,Ai+ Nova 2 5G,Flipkart,"""Very good product""","""Very good product""",19,3,Short Review,False,Positive,0.9724
REV000864,PH023,Ai+ Nova 2 5G,Flipkart,"""NYC nice phone""","""NYC nice phone""",16,3,Short Review,False,Positive,0.8609
REV000865,PH023,Ai+ Nova 2 5G,Flipkart,"""Go for it. Awesome Phone""","""Go for it. Awesome Phone""",26,5,Good,False,Positive,0.9799
REV000866,PH023,Ai+ Nova 2 5G,Flipkart,"""Good""","""Good""",6,1,Very Short,True,Positive,0.7658
REV000867,PH023,Ai+ Nova 2 5G,Flipkart,"""All over performence are good but betary charjar not good. It is working very slow. I can happy used this phone""","""All over performence are good but betary charjar not good. It is working very slow. I can happy used this phone""",113,21,Good,False,Negative,0.7402
REV000868,PH023,Ai+ Nova 2 5G,Flipkart,"""Awesome product""","""Awesome product""",17,2,Short Review,False,Positive,0.9814
REV000869,PH023,Ai+ Nova 2 5G,Flipkart,"""Good product""","""Good product""",14,2,Short Review,False,Positive,0.8975
REV000870,PH023,Ai+ Nova 2 5G,Flipkart,"""Mobile is working in good condition but the battery is draining fastly and the 10w charger is totally faulty, due to this the mobile takes 6hrs to fully charge.""","""Mobile is working in good condition but the battery is draining fastly and the 10w charger is totally faulty, due to this the mobile takes 6hrs to fully charge.""",162,29,Good,False,Negative,0.7676
REV000871,PH023,Ai+ Nova 2 5G,Flipkart,"""Very good""","""Very good""",11,2,Short Review,True,Positive,0.9648
REV000872,PH023,Ai+ Nova 2 5G,Flipkart,"""This product very bad. Calling time very hot.""","""This product very bad. Calling time very hot.""",47,8,Good,False,Negative,0.956
REV000873,PH023,Ai+ Nova 2 5G,Flipkart,"""Software lag issue""","""Software lag issue""",20,3,Short Review,False,Negative,0.6532
REV000874,PH023,Ai+ Nova 2 5G,Flipkart,"""My mobile phone gets very hot. It gets hot after talking on it for a while.""","""My mobile phone gets very hot. It gets hot after talking on it for a while.""",77,16,Good,False,Neutral,0.5162
REV000875,PH023,Ai+ Nova 2 5G,Flipkart,"""Plz don't buy this worst product in mobile history""","""Plz don't buy this worst product in mobile history""",52,9,Good,False,Negative,0.9392
REV000876,PH023,Ai+ Nova 2 5G,Flipkart,"""Very bad product""","""Very bad product""",18,3,Short Review,False,Negative,0.9297
REV000877,PH023,Ai+ Nova 2 5G,Flipkart,"""Value for money.""","""Value for money.""",18,3,Short Review,False,Neutral,0.7732
REV000878,PH023,Ai+ Nova 2 5G,Flipkart,"""The speaker or mic sound is not clear.""","""The speaker or mic sound is not clear.""",40,8,Good,False,Negative,0.5696
REV000879,PH023,Ai+ Nova 2 5G,Flipkart,"""Very nice mobile""","""Very nice mobile""",18,3,Short Review,False,Positive,0.9747
REV000880,PH023,Ai+ Nova 2 5G,Flipkart,"""Very good phone""","""Very good phone""",17,3,Short Review,False,Positive,0.9647
REV000881,PH023,Ai+ Nova 2 5G,Flipkart,"""Nice mobile. Thanks Flipkart.""","""Nice mobile. Thanks Flipkart.""",31,4,Good,False,Positive,0.9816
REV000882,PH023,Ai+ Nova 2 5G,Flipkart,"""Good photos""","""Good photos""",13,2,Short Review,False,Positive,0.9353
REV000883,PH023,Ai+ Nova 2 5G,Flipkart,"""Good 😊 PHONE.""","""Good 😊 PHONE.""",15,3,Short Review,False,Positive,0.9764
REV000884,PH023,Ai+ Nova 2 5G,Flipkart,"""Good""","""Good""",6,1,Very Short,True,Positive,0.7658
REV000885,PH023,Ai+ Nova 2 5G,Flipkart,"""Bast phone""","""Bast phone""",12,2,Short Review,False,Neutral,0.5653
REV000886,PH023,Ai+ Nova 2 5G,Flipkart,"""Very nice 👍""","""Very nice 👍""",13,3,Short Review,False,Positive,0.9821
REV000887,PH023,Ai+ Nova 2 5G,Flipkart,"""Very nice""","""Very nice""",11,2,Short Review,False,Positive,0.9701
REV000888,PH023,Ai+ Nova 2 5G,Flipkart,"""Don't buy waste of money Battery backup is very poor 🪫 Touch not working properly Charging very slow One of the worst mobile in flipkart Don't buy if you your money is waste💵""","""Don't buy waste of money Battery backup is very poor 🪫 Touch not working properly Charging very slow One of the worst mobile in flipkart Don't buy if you your money is waste💵""",176,33,Good,False,Negative,0.9408
REV000889,PH023,Ai+ Nova 2 5G,Flipkart,"""good""","""good""",6,1,Very Short,True,Positive,0.5239
REV000890,PH023,Ai+ Nova 2 5G,Flipkart,"""Such a bad experience for this phone because This phone is always a network issue never so the 5g network is always showing 4g network that's why I can't enjoy unlimited 5g. Worst experience for this.""","""Such a bad experience for this phone because This phone is always a network issue never so the 5g network is always showing 4g network that's why I can't enjoy unlimited 5g. Worst experience for this.""",202,36,Good,False,Negative,0.9475
REV000891,PH023,Ai+ Nova 2 5G,Flipkart,"""Good mobile""","""Good mobile""",13,2,Short Review,False,Positive,0.7661
REV000892,PH023,Ai+ Nova 2 5G,Flipkart,"""Very good 😊""","""Very good 😊""",13,3,Short Review,False,Positive,0.9852
REV000893,PH023,Ai+ Nova 2 5G,Flipkart,"""Phone is working slow""","""Phone is working slow""",23,4,Good,False,Negative,0.6782
REV000894,PH023,Ai+ Nova 2 5G,Flipkart,"""The camera is very bad maintion 50MP but working like 5MP""","""The camera is very bad maintion 50MP but working like 5MP""",59,11,Good,False,Negative,0.8968
REV000895,PH023,Ai+ Nova 2 5G,Flipkart,"""Not bad""","""Not bad""",9,2,Short Review,False,Positive,0.6509
REV000896,PH023,Ai+ Nova 2 5G,Flipkart,"""Good 👍""","""Good 👍""",8,2,Short Review,False,Positive,0.9672
REV000897,PH023,Ai+ Nova 2 5G,Flipkart,"""Thanks flipkart""","""Thanks flipkart""",17,2,Short Review,False,Positive,0.6328
REV000898,PH023,Ai+ Nova 2 5G,Amazon,No visible comments/ reviews,No visible comments/ reviews,28,4,Good,False,Neutral,0.7892
REV000899,PH024,Redmi Note 15 SE 5G,Flipkart,"""In times of price hike, this mobile is insane with a great processor, great camera, and premium look. If you want great mobile below 20k, then just blindly go with it.""","""In times of price hike, this mobile is insane with a great processor, great camera, and premium look. If you want great mobile below 20k, then just blindly go with it.""",169,31,Good,False,Positive,0.9526
REV000900,PH024,Redmi Note 15 SE 5G,Flipkart,"""Phone looks so beautiful""","""Phone looks so beautiful""",26,4,Good,False,Positive,0.9832
REV000901,PH024,Redmi Note 15 SE 5G,Flipkart,"""4.4 ratings for me .Check this camera samples. Like""","""4.4 ratings for me .Check this camera samples. Like""",53,9,Good,False,Neutral,0.7235
REV000902,PH024,Redmi Note 15 SE 5G,Flipkart,"""Good phone good price and red colour is very beautiful 😍 and update increase ofter one of good ui and single good""","""Good phone good price and red colour is very beautiful 😍 and update increase ofter one of good ui and single good""",115,22,Good,False,Positive,0.9828
REV000903,PH024,Redmi Note 15 SE 5G,Flipkart,"""Vallue for money""","""Vallue for money""",18,3,Short Review,False,Neutral,0.7672
REV000904,PH024,Redmi Note 15 SE 5G,Flipkart,"""Nice product with valuable price 😀""","""Nice product with valuable price 😀""",36,6,Good,False,Positive,0.9753
REV000905,PH024,Redmi Note 15 SE 5G,Flipkart,"""Good Mobile""","""Good Mobile""",13,2,Short Review,False,Positive,0.8314
REV000906,PH024,Redmi Note 15 SE 5G,Flipkart,"""Buy only if there are no other options left.""","""Buy only if there are no other options left.""",46,9,Good,False,Neutral,0.7747
REV000907,PH024,Redmi Note 15 SE 5G,Flipkart,"""The camera needs to be improved and may be required for a software update, also application management is very poor It takes all phone storage till 50 GB cover with a normal app. Please push updates t...""","""The camera needs to be improved and may be required for a software update, also application management is very poor It takes all phone storage till 50 GB cover with a normal app. Please push updates t...""",205,37,Good,False,Negative,0.8601
REV000908,PH024,Redmi Note 15 SE 5G,Flipkart,"""Honestly the display is the biggest highlight of this phone. It is super bright, very smooth and easily the best you will get in this price range. I have not seen any other phone offering this kind of...""","""Honestly the display is the biggest highlight of this phone. It is super bright, very smooth and easily the best you will get in this price range. I have not seen any other phone offering this kind of...""",205,38,Good,False,Positive,0.9753
REV000909,PH024,Redmi Note 15 SE 5G,Flipkart,"""Superb""","""Superb""",8,1,Very Short,False,Positive,0.8744
REV000910,PH024,Redmi Note 15 SE 5G,Flipkart,"""Design is good""","""Design is good""",16,3,Short Review,False,Positive,0.9348
REV000911,PH024,Redmi Note 15 SE 5G,Flipkart,"""According to the price,it's budget friendly with good quality""","""According to the price,it's budget friendly with good quality""",63,9,Good,False,Positive,0.9155
REV000912,PH024,Redmi Note 15 SE 5G,Flipkart,"""Great smartphone at this price. Comes with a bright display, smooth performance and good battery backup. Camera clicks nice photos in daylight. Design looks premium and feels good in hand. Overall, a ...""","""Great smartphone at this price. Comes with a bright display, smooth performance and good battery backup. Camera clicks nice photos in daylight. Design looks premium and feels good in hand. Overall, a ...""",205,33,Good,False,Positive,0.9739
REV000913,PH024,Redmi Note 15 SE 5G,Flipkart,"""Camera is okay okay, not heavy uses phone, uncle aunty uses phone type""","""Camera is okay okay, not heavy uses phone, uncle aunty uses phone type""",72,13,Good,False,Positive,0.5068
REV000914,PH024,Redmi Note 15 SE 5G,Flipkart,"""Everything is very good in this phone, processing is smooth, battery life is long, games easily at 60 fps, camera is decent, and the looks are top notch.""","""Everything is very good in this phone, processing is smooth, battery life is long, games easily at 60 fps, camera is decent, and the looks are top notch.""",155,28,Good,False,Positive,0.983
REV000915,PH024,Redmi Note 15 SE 5G,Flipkart,"""The delivery and exchange process was very smooth. The delivery guy was very cooperative. And the phone is decent in this price range. Appreciated the accessories with this phone.""","""The delivery and exchange process was very smooth. The delivery guy was very cooperative. And the phone is decent in this price range. Appreciated the accessories with this phone.""",181,29,Good,False,Positive,0.9796
REV000916,PH024,Redmi Note 15 SE 5G,Flipkart,"""Loved the in hand feel with the vegan leather back design and the curved display. Gaming performance is great and does not overheat even if I am playing for long hours. The cameras are very good too w...""","""Loved the in hand feel with the vegan leather back design and the curved display. Gaming performance is great and does not overheat even if I am playing for long hours. The cameras are very good too w...""",205,38,Good,False,Positive,0.9792
REV000917,PH024,Redmi Note 15 SE 5G,Flipkart,"""The Redmi Note 15 SE 5G is a solid budget 5G smartphone that offers a great balance of features for its price. It comes with a large 120Hz AMOLED display, which provides smooth scrolling and a premium...""","""The Redmi Note 15 SE 5G is a solid budget 5G smartphone that offers a great balance of features for its price. It comes with a large 120Hz AMOLED display, which provides smooth scrolling and a premium...""",205,37,Good,False,Positive,0.9614
REV000918,PH024,Redmi Note 15 SE 5G,Flipkart,"""Great battery life, good camera, best all rounder, fast and quick and best under 20k""","""Great battery life, good camera, best all rounder, fast and quick and best under 20k""",86,15,Good,False,Positive,0.9756
REV000919,PH024,Redmi Note 15 SE 5G,Flipkart,"""Mobile so many heated""","""Mobile so many heated""",23,4,Good,False,Neutral,0.7401
REV000920,PH024,Redmi Note 15 SE 5G,Flipkart,"""Value for money mobile, The only con is You will get 30fps recording in both 1080p and 4K mode on back camera, and the battery backup is great, but takes more than a hour to charge up fully, except th...""","""Value for money mobile, The only con is You will get 30fps recording in both 1080p and 4K mode on back camera, and the battery backup is great, but takes more than a hour to charge up fully, except th...""",205,40,Good,False,Negative,0.4576
REV000921,PH024,Redmi Note 15 SE 5G,Flipkart,"""Heating issue""","""Heating issue""",15,2,Short Review,False,Neutral,0.6394
REV000922,PH024,Redmi Note 15 SE 5G,Flipkart,"""Phone is good and flagship but it's battery not good""","""Phone is good and flagship but it's battery not good""",54,10,Good,False,Negative,0.5166
REV000923,PH024,Redmi Note 15 SE 5G,Flipkart,"""Good phone""","""Good phone""",12,2,Short Review,False,Positive,0.87
REV000924,PH024,Redmi Note 15 SE 5G,Flipkart,"""Wow product""","""Wow product""",13,2,Short Review,False,Positive,0.9235
REV000925,PH024,Redmi Note 15 SE 5G,Flipkart,"""What a lovely phone and thax flipcart""","""What a lovely phone and thax flipcart""",39,7,Good,False,Positive,0.9741
REV000926,PH024,Redmi Note 15 SE 5G,Flipkart,"""Good""","""Good""",6,1,Very Short,False,Positive,0.7658
REV000927,PH024,Redmi Note 15 SE 5G,Flipkart,"""Very very nice""","""Very very nice""",16,3,Short Review,False,Positive,0.9774
REV000928,PH024,Redmi Note 15 SE 5G,Flipkart,"""Best performance""","""Best performance""",18,2,Short Review,False,Positive,0.914
REV000929,PH024,Redmi Note 15 SE 5G,Flipkart,"""Slim, fast and battery is genuinely impressive.""","""Slim, fast and battery is genuinely impressive.""",49,7,Good,False,Positive,0.9617
REV000930,PH024,Redmi Note 15 SE 5G,Flipkart,"""Nice product""","""Nice product""",14,2,Short Review,False,Positive,0.9526
REV000931,PH024,Redmi Note 15 SE 5G,Flipkart,"""More than expected. Very good in hand feel with perfect grip. Leather back is more attractive.""","""More than expected. Very good in hand feel with perfect grip. Leather back is more attractive.""",96,16,Good,False,Positive,0.9662
REV000932,PH024,Redmi Note 15 SE 5G,Flipkart,"""Best mobile in this segment""","""Best mobile in this segment""",29,5,Good,False,Positive,0.9229
REV000933,PH024,Redmi Note 15 SE 5G,Flipkart,"""Nice mobile smooth used""","""Nice mobile smooth used""",25,4,Good,False,Positive,0.9448
REV000934,PH024,Redmi Note 15 SE 5G,Flipkart,"""Good quality and Best features in this price with offer..""","""Good quality and Best features in this price with offer..""",59,10,Good,False,Positive,0.9685
REV000935,PH024,Redmi Note 15 SE 5G,Flipkart,"""Very good""","""Very good""",11,2,Short Review,False,Positive,0.9648
REV000936,PH024,Redmi Note 15 SE 5G,Flipkart,"""Awesome product""","""Awesome product""",17,2,Short Review,False,Positive,0.9814
REV000937,PH024,Redmi Note 15 SE 5G,Flipkart,"""The phone was nice a lightweight product with smooth performance i loved it overall""","""The phone was nice a lightweight product with smooth performance i loved it overall""",85,14,Good,False,Positive,0.9857
REV000938,PH024,Redmi Note 15 SE 5G,Flipkart,"""The phone was amazing 😍😍 no doubts""","""The phone was amazing 😍😍 no doubts""",36,7,Good,False,Positive,0.9879
REV000939,PH024,Redmi Note 15 SE 5G,Amazon,"""Thanks""","""Thanks""",8,1,Very Short,False,Positive,0.8319
REV000940,PH024,Redmi Note 15 SE 5G,Amazon,"""Phone is very nice and awesome but the delivery service given by Amazon was little disappointing as it could not deliver the phone on the said date""","""Phone is very nice and awesome but the delivery service given by Amazon was little disappointing as it could not deliver the phone on the said date""",149,27,Good,False,Negative,0.6568
REV000941,PH024,Redmi Note 15 SE 5G,Amazon,"""Don’t buy this phone, I am a mi lover but I don’t expect this kind of product mi, phone is very slow and hanging, calls also hanging the worst phone from mi""","""Don’t buy this phone, I am a mi lover but I don’t expect this kind of product mi, phone is very slow and hanging, calls also hanging the worst phone from mi""",158,32,Good,False,Negative,0.9142
REV000942,PH024,Redmi Note 15 SE 5G,Amazon,"""Battery no backup very bad""","""Battery no backup very bad""",28,5,Good,False,Negative,0.9357
REV000943,PH024,Redmi Note 15 SE 5G,Amazon,"""Worst mobile""","""Worst mobile""",14,2,Short Review,False,Negative,0.9167
REV000944,PH025,Lava Bold N2 Lite,Flipkart,"""waste of money""","""waste of money""",16,3,Short Review,False,Negative,0.847
REV000945,PH025,Lava Bold N2 Lite,Amazon,"""It was nice with the best quality I love it so much it is really good thing 8 love it soo much""","""It was nice with the best quality I love it so much it is really good thing 8 love it soo much""",96,22,Good,False,Positive,0.9887
REV000946,PH025,Lava Bold N2 Lite,Amazon,"""Not a good Deal.

Ok ok type have faced some network Fluctuations on VI sim not sure it's because of VI or for all operators.

Charge time is very much atleast 2.5 hrs still ok have purchased it for using Hotspot while travelling as I have to travel a lot for work and sometimes wifi is down so this helps.""","""Not a good Deal. Ok ok type have faced some network Fluctuations on VI sim not sure it's because of VI or for all operators. Charge time is very much atleast 2.5 hrs still ok have purchased it for using Hotspot while travelling as I have to travel a lot for work and sometimes wifi is down so this helps.""",306,60,Good,False,Negative,0.7045
REV000947,PH025,Lava Bold N2 Lite,Amazon,"""The sound is not coming properly on the phone""","""The sound is not coming properly on the phone""",47,9,Good,False,Negative,0.7627
REV000948,PH026,Tecno Spark 50 5G,Flipkart,"""nice product""","""nice product""",14,2,Short Review,False,Positive,0.9262
REV000949,PH026,Tecno Spark 50 5G,Flipkart,"""value for money""","""value for money""",17,3,Short Review,False,Neutral,0.7636
REV000950,PH026,Tecno Spark 50 5G,Amazon,"""Third class phone Wastage of money It's gets langed Hack""","""Third class phone Wastage of money It's gets langed Hack""",58,10,Good,False,Negative,0.9114
REV000951,PH026,Tecno Spark 50 5G,Amazon,"""Do not buy this tecno mobile at any cost. If you buy it you already lose your money.""","""Do not buy this tecno mobile at any cost. If you buy it you already lose your money.""",86,18,Good,False,Negative,0.8772
REV000952,PH027,Redmi 15A 5G,Flipkart,"""This is better for normal use. But it has worst camera quality. Battery is also good, stays for full day. Display is fantastic. Writing it after a week of use.""","""This is better for normal use. But it has worst camera quality. Battery is also good, stays for full day. Display is fantastic. Writing it after a week of use.""",161,30,Good,False,Positive,0.8547
REV000953,PH027,Redmi 15A 5G,Flipkart,"""Outstanding""","""Outstanding""",13,1,Very Short,False,Positive,0.9313
REV000954,PH027,Redmi 15A 5G,Flipkart,"""This phone very good, nice camera, good looking phone, lightweight and best grip phone.""","""This phone very good, nice camera, good looking phone, lightweight and best grip phone.""",89,14,Good,False,Positive,0.9843
REV000955,PH027,Redmi 15A 5G,Flipkart,"""Go""","""Go""",4,1,Very Short,False,Neutral,0.7918
REV000956,PH027,Redmi 15A 5G,Flipkart,"""Very good 💯""","""Very good 💯""",13,3,Short Review,False,Positive,0.9828
REV000957,PH027,Redmi 15A 5G,Flipkart,"""Overall worth for that price.""","""Overall worth for that price.""",31,5,Good,False,Positive,0.6004
REV000958,PH027,Redmi 15A 5G,Flipkart,"""Best 5G low price phone.""","""Best 5G low price phone.""",26,5,Good,False,Positive,0.9673
REV000959,PH027,Redmi 15A 5G,Flipkart,"""Value for money, best phone under budget.""","""Value for money, best phone under budget.""",43,7,Good,False,Positive,0.9596
REV000960,PH027,Redmi 15A 5G,Flipkart,"""Camera quality is not good.""","""Camera quality is not good.""",29,5,Good,False,Negative,0.8766
REV000961,PH027,Redmi 15A 5G,Flipkart,"""Very bad quality camera.""","""Very bad quality camera.""",26,4,Good,False,Negative,0.9208
REV000962,PH027,Redmi 15A 5G,Flipkart,"""The phone hangs a lot, and the camera quality is also poor.""","""The phone hangs a lot, and the camera quality is also poor.""",61,12,Good,False,Negative,0.9157
REV000963,PH027,Redmi 15A 5G,Flipkart,"""This is a useless mobile. Its charging is very slow, it gets fully charged only after charging overnight for around 6 hours.""","""This is a useless mobile. Its charging is very slow, it gets fully charged only after charging overnight for around 6 hours.""",126,22,Good,False,Negative,0.9551
REV000964,PH027,Redmi 15A 5G,Flipkart,"""Nice""","""Nice""",6,1,Very Short,False,Positive,0.8956
REV000965,PH027,Redmi 15A 5G,Flipkart,"""I bought this phone for my mother. At first I thought the issues were temporary and maybe updates would improve it, but after almost 3 months the problems remain.""","""I bought this phone for my mother. At first I thought the issues were temporary and maybe updates would improve it, but after almost 3 months the problems remain.""",164,29,Good,False,Negative,0.6315
REV000966,PH027,Redmi 15A 5G,Flipkart,"""Not good phone.""","""Not good phone.""",17,3,Short Review,False,Negative,0.8697
REV000967,PH027,Redmi 15A 5G,Flipkart,"""Hanging.""","""Hanging.""",10,1,Very Short,False,Neutral,0.8851
REV000968,PH027,Redmi 15A 5G,Flipkart,"""Performance is not good. Phone is hanging. Also phone is heating.""","""Performance is not good. Phone is hanging. Also phone is heating.""",67,11,Good,False,Negative,0.9246
REV000969,PH027,Redmi 15A 5G,Flipkart,"""Supper 😋""","""Supper 😋""",10,2,Short Review,False,Positive,0.7038
REV000970,PH027,Redmi 15A 5G,Flipkart,"""Phone problem.""","""Phone problem.""",16,2,Short Review,False,Neutral,0.5492
REV000971,PH027,Redmi 15A 5G,Flipkart,"""After using for a month, the phone is very slow. All features are not good. Camera, display, speaker and volume are poor. Very much hanging.""","""After using for a month, the phone is very slow. All features are not good. Camera, display, speaker and volume are poor. Very much hanging.""",142,25,Good,False,Negative,0.9431
REV000972,PH027,Redmi 15A 5G,Flipkart,"""Good product.""","""Good product.""",15,2,Short Review,False,Positive,0.9522
REV000973,PH027,Redmi 15A 5G,Flipkart,"""Battery backup is good.""","""Battery backup is good.""",25,4,Good,False,Positive,0.9277
REV000974,PH027,Redmi 15A 5G,Flipkart,"""Mobile is good for normal use.""","""Mobile is good for normal use.""",32,6,Good,False,Positive,0.8536
REV000975,PH027,Redmi 15A 5G,Flipkart,"""Good looking phone.""","""Good looking phone.""",21,3,Short Review,False,Positive,0.9593
REV000976,PH027,Redmi 15A 5G,Flipkart,"""Worth buying.""","""Worth buying.""",15,2,Short Review,False,Positive,0.865
REV000977,PH027,Redmi 15A 5G,Flipkart,"""Very smooth performance.""","""Very smooth performance.""",26,3,Short Review,False,Positive,0.9591
REV000978,PH027,Redmi 15A 5G,Flipkart,"""Average camera.""","""Average camera.""",17,2,Short Review,False,Neutral,0.7224
REV000979,PH027,Redmi 15A 5G,Flipkart,"""Phone heats while charging.""","""Phone heats while charging.""",29,4,Good,False,Neutral,0.7994
REV000980,PH027,Redmi 15A 5G,Flipkart,"""Good value for money.""","""Good value for money.""",23,4,Good,False,Positive,0.8834
REV000981,PH027,Redmi 15A 5G,Flipkart,"""Display is good.""","""Display is good.""",18,3,Short Review,False,Positive,0.9541
REV000982,PH027,Redmi 15A 5G,Flipkart,"""Overall decent phone for the price.""","""Overall decent phone for the price.""",37,6,Good,False,Positive,0.9383
REV000983,PH027,Redmi 15A 5G,Amazon,"""Network issues on phone""","""Network issues on phone""",25,4,Good,False,Negative,0.5561
REV000984,PH027,Redmi 15A 5G,Amazon,"""Very bad phone not purchase network issues no service not good redmi,15a phone not purchase money wasted very very bad phone""","""Very bad phone not purchase network issues no service not good redmi,15a phone not purchase money wasted very very bad phone""",126,21,Good,False,Negative,0.9496
REV000985,PH028,Vivo Y11 5G,Amazon,"""You can order now""","""You can order now""",19,4,Good,False,Neutral,0.8702
REV000986,PH028,Vivo Y11 5G,Amazon,"""Too bad product.... Don't buy.... Too slow operation like virus affected...""","""Too bad product.... Don't buy.... Too slow operation like virus affected...""",77,11,Good,False,Negative,0.9433
REV000987,PH028,Vivo Y11 5G,Amazon,"""Good product""","""Good product""",14,2,Short Review,False,Positive,0.8975
REV000988,PH028,Vivo Y11 5G,Amazon,"""Good""","""Good""",6,1,Very Short,False,Positive,0.7658
REV000989,PH028,Vivo Y11 5G,Amazon,"""Awesome""","""Awesome""",9,1,Very Short,False,Positive,0.9743
REV000990,PH028,Vivo Y11 5G,Amazon,"""Good product""","""Good product""",14,2,Short Review,True,Positive,0.8975
REV000991,PH028,Vivo Y11 5G,Amazon,"""Don't purchase this product phone is very slow and lag very""","""Don't purchase this product phone is very slow and lag very""",61,11,Good,False,Negative,0.9154
REV000992,PH028,Vivo Y11 5G,Amazon,"""Iligjt, sharp and smooth.Nice Produss you.""","""Iligjt, sharp and smooth.Nice Produss you.""",44,6,Good,False,Positive,0.9457
REV000993,PH028,Vivo Y11 5G,Amazon,"""Processing is very slow""","""Processing is very slow""",25,4,Good,False,Negative,0.7532
REV000994,PH028,Vivo Y11 5G,Amazon,"""Very nice 👌""","""Very nice 👌""",13,3,Short Review,False,Positive,0.9797
REV000995,PH028,Vivo Y11 5G,Amazon,"""I am not satisfied this product""","""I am not satisfied this product""",33,6,Good,False,Negative,0.9259
REV000996,PH028,Vivo Y11 5G,Amazon,"""Very Bad experience. Camra quality very worse.""","""Very Bad experience. Camra quality very worse.""",48,7,Good,False,Negative,0.9487
REV000997,PH028,Vivo Y11 5G,Amazon,"""Processing is very slow. I.e. Hang this phone""","""Processing is very slow. I.e. Hang this phone""",47,8,Good,False,Negative,0.872
REV000998,PH028,Vivo Y11 5G,Amazon,"""Don't purchase this phone it is Very slow working. If you purchase this phone I'm sure you will be regret""","""Don't purchase this phone it is Very slow working. If you purchase this phone I'm sure you will be regret""",107,20,Good,False,Negative,0.9071
REV000999,PH029,Vivo Y21 5G,Flipkart,"""good""","""good""",6,1,Very Short,False,Positive,0.5239
REV001000,PH029,Vivo Y21 5G,Flipkart,"""worth for money""","""worth for money""",17,3,Short Review,False,Neutral,0.6552
REV001001,PH029,Vivo Y21 5G,Amazon,"""Thank you so much nice product""","""Thank you so much nice product""",32,6,Good,False,Positive,0.9844
REV001002,PH029,Vivo Y21 5G,Amazon,"""Ok""","""Ok""",4,1,Very Short,False,Neutral,0.61
REV001003,PH029,Vivo Y21 5G,Amazon,"""Very nice mobile""","""Very nice mobile""",18,3,Short Review,False,Positive,0.9747
REV001004,PH029,Vivo Y21 5G,Amazon,"""Useless Camera quality and sound quality at this price""","""Useless Camera quality and sound quality at this price""",56,9,Good,False,Negative,0.9321
REV001005,PH029,Vivo Y21 5G,Amazon,"""sound quality issue""","""sound quality issue""",21,3,Short Review,False,Negative,0.7647
REV001006,PH029,Vivo Y21 5G,Amazon,"""This phone have no rating camera, screen, sound, battery everything are not good after spending 21k. Please don't buy this phone u will waste your money and time""","""This phone have no rating camera, screen, sound, battery everything are not good after spending 21k. Please don't buy this phone u will waste your money and time""",163,28,Good,False,Negative,0.9374
REV001007,PH030,Realme P4 Lite 5G,Flipkart,"""This phone overall quality is good but order time extra ₹150 charge on amazon.""","""This phone overall quality is good but order time extra ₹150 charge on amazon.""",80,14,Good,False,Positive,0.9326
REV001008,PH030,Realme P4 Lite 5G,Flipkart,"""Wow.... I got this as I wanted... perfect""","""Wow.... I got this as I wanted... perfect""",43,8,Good,False,Positive,0.9786
REV001009,PH030,Realme P4 Lite 5G,Flipkart,"""best phone""","""best phone""",12,2,Short Review,False,Positive,0.8797
REV001010,PH030,Realme P4 Lite 5G,Flipkart,"""Poor""","""Poor""",6,1,Very Short,False,Neutral,0.4927
REV001011,PH030,Realme P4 Lite 5G,Flipkart,"""Excellent phone with protection from water and dust and also armor shell protection. Massive battery with 144Hz ultra bright display and excellent camera phone.""","""Excellent phone with protection from water and dust and also armor shell protection. Massive battery with 144Hz ultra bright display and excellent camera phone.""",162,24,Good,False,Positive,0.9758
REV001012,PH030,Realme P4 Lite 5G,Flipkart,"""Camera quality is very poor..""","""Camera quality is very poor..""",31,5,Good,False,Negative,0.9141
REV001013,PH030,Realme P4 Lite 5G,Flipkart,"""Very good device. Battery 4.5/5. Display 4/5. Overall good phone.""","""Very good device. Battery 4.5/5. Display 4/5. Overall good phone.""",67,10,Good,False,Positive,0.9825
REV001014,PH030,Realme P4 Lite 5G,Flipkart,"""Bit slow while opening too many apps at same time. Otherwise battery backup and camera is good. Weight of the phone is due to 7000MAH battery. Overall 8/10.""","""Bit slow while opening too many apps at same time. Otherwise battery backup and camera is good. Weight of the phone is due to 7000MAH battery. Overall 8/10.""",158,28,Good,False,Positive,0.8174
REV001015,PH030,Realme P4 Lite 5G,Flipkart,"""camera is not good, so its a concern, has silent call record, is a plus point, purchased at Rs.14500/-, which very high, has android 16 out of box, enjoy, speaker sound is also not that good though louder. conclusion is if you are not in a hurry to replace your existing mobile, you can wait for price reduction or find other brands.""","""camera is not good, so its a concern, has silent call record, is a plus point, purchased at Rs.14500/-, which very high, has android 16 out of box, enjoy, speaker sound is also not that good though louder. conclusion is if you are not in a hurry to replace your existing mobile, you can wait for price reduction or find other brands.""",335,62,Good,False,Negative,0.6941
REV001016,PH030,Realme P4 Lite 5G,Flipkart,"""Value for money""","""Value for money""",17,3,Short Review,False,Neutral,0.7623
REV001017,PH030,Realme P4 Lite 5G,Flipkart,"""Have a good delivery & price battery camara medium""","""Have a good delivery & price battery camara medium""",52,9,Good,False,Positive,0.8662
REV001018,PH030,Realme P4 Lite 5G,Flipkart,"""It is water resisitance""","""It is water resisitance""",25,4,Good,False,Neutral,0.8837
REV001019,PH030,Realme P4 Lite 5G,Flipkart,"""The product is good. They don't do home delivery, they do it in the nearby area and they don't even help with customer care by completing it very well. They are just sitting there taking free salary and harassing the customers. They provide relief to the customer, they don't call for help. They sit around complaining but don't help.""","""The product is good. They don't do home delivery, they do it in the nearby area and they don't even help with customer care by completing it very well. They are just sitting there taking free salary and harassing the customers. They provide relief to the customer, they don't call for help. They sit around complaining but don't help.""",336,59,Good,False,Negative,0.7859
REV001020,PH030,Realme P4 Lite 5G,Flipkart,"""Very good service and mobile is very nice""","""Very good service and mobile is very nice""",43,8,Good,False,Positive,0.9813
REV001021,PH030,Realme P4 Lite 5G,Flipkart,"""Super good""","""Super good""",12,2,Short Review,False,Positive,0.9733
REV001022,PH030,Realme P4 Lite 5G,Flipkart,"""No fast charger""","""No fast charger""",17,3,Short Review,False,Neutral,0.6294
REV001023,PH030,Realme P4 Lite 5G,Flipkart,"""Good""","""Good""",6,1,Very Short,False,Positive,0.7658
REV001024,PH030,Realme P4 Lite 5G,Flipkart,"""That purchase was awesome, Complete budget friendly phone I would like to thanks Amazon which gives us great offers rather than others, when it comes to mobile phone. Look is best in among the 20k category. Rear and front camera is giving a sharp clearirty in day light, interface of the phone is smooth and easy. Speaker quality is good in calling via speaker mode. Battery is powerful. Light weight, Durabililty, grip is normal.""","""That purchase was awesome, Complete budget friendly phone I would like to thanks Amazon which gives us great offers rather than others, when it comes to mobile phone. Look is best in among the 20k category. Rear and front camera is giving a sharp clearirty in day light, interface of the phone is smooth and easy. Speaker quality is good in calling via speaker mode. Battery is powerful. Light weight, Durabililty, grip is normal.""",432,74,Good,False,Positive,0.9795
REV001025,PH030,Realme P4 Lite 5G,Flipkart,"""Budget friendly 🔥 camera quality is best""","""Budget friendly 🔥 camera quality is best""",42,7,Good,False,Positive,0.9338
REV001026,PH030,Realme P4 Lite 5G,Flipkart,"""Nic product""","""Nic product""",13,2,Short Review,False,Neutral,0.7892
REV001027,PH030,Realme P4 Lite 5G,Flipkart,"""Good""","""Good""",6,1,Very Short,True,Positive,0.7658
REV001028,PH030,Realme P4 Lite 5G,Flipkart,"""Nice""","""Nice""",6,1,Very Short,False,Positive,0.8956
REV001029,PH030,Realme P4 Lite 5G,Amazon,"""This phone overall quality is good but order time extra ₹150 charge on amazon.""","""This phone overall quality is good but order time extra ₹150 charge on amazon.""",80,14,Good,True,Positive,0.9326
REV001030,PH030,Realme P4 Lite 5G,Amazon,"""Wow.... I got this as I wanted... perfect""","""Wow.... I got this as I wanted... perfect""",43,8,Good,True,Positive,0.9786
REV001031,PH030,Realme P4 Lite 5G,Amazon,"""best phone""","""best phone""",12,2,Short Review,True,Positive,0.8797
REV001032,PH030,Realme P4 Lite 5G,Amazon,"""Poor""","""Poor""",6,1,Very Short,True,Neutral,0.4927
REV001033,PH030,Realme P4 Lite 5G,Amazon,"""Excellent phone with protection from water and dust and also armor shell protection. Massive battery with 144Hz ultra bright display and excellent camera phone.""","""Excellent phone with protection from water and dust and also armor shell protection. Massive battery with 144Hz ultra bright display and excellent camera phone.""",162,24,Good,True,Positive,0.9758
REV001034,PH030,Realme P4 Lite 5G,Amazon,"""Camera quality is very poor..""","""Camera quality is very poor..""",31,5,Good,True,Negative,0.9141
REV001035,PH030,Realme P4 Lite 5G,Amazon,"""Very good device. Battery 4.5/5. Display 4/5. Overall good phone.""","""Very good device. Battery 4.5/5. Display 4/5. Overall good phone.""",67,10,Good,True,Positive,0.9825
REV001036,PH030,Realme P4 Lite 5G,Amazon,"""Bit slow while opening too many apps at same time. Otherwise battery backup and camera is good. Weight of the phone is due to 7000MAH battery. Overall 8/10.""","""Bit slow while opening too many apps at same time. Otherwise battery backup and camera is good. Weight of the phone is due to 7000MAH battery. Overall 8/10.""",158,28,Good,True,Positive,0.8174
REV001037,PH030,Realme P4 Lite 5G,Amazon,"""camera is not good, so its a concern, has silent call record, is a plus point, purchased at Rs.14500/-, which very high, has android 16 out of box, enjoy, speaker sound is also not that good though louder. conclusion is if you are not in a hurry to replace your existing mobile, you can wait for price reduction or find other brands.""","""camera is not good, so its a concern, has silent call record, is a plus point, purchased at Rs.14500/-, which very high, has android 16 out of box, enjoy, speaker sound is also not that good though louder. conclusion is if you are not in a hurry to replace your existing mobile, you can wait for price reduction or find other brands.""",335,62,Good,True,Negative,0.6941
REV001038,PH030,Realme P4 Lite 5G,Amazon,"""Value for money""","""Value for money""",17,3,Short Review,True,Neutral,0.7623
REV001039,PH030,Realme P4 Lite 5G,Amazon,"""Have a good delivery & price battery camara medium""","""Have a good delivery & price battery camara medium""",52,9,Good,True,Positive,0.8662
REV001040,PH030,Realme P4 Lite 5G,Amazon,"""It is water resisitance""","""It is water resisitance""",25,4,Good,True,Neutral,0.8837
REV001041,PH030,Realme P4 Lite 5G,Amazon,"""The product is good. They don't do home delivery, they do it in the nearby area and they don't even help with customer care by completing it very well. They are just sitting there taking free salary and harassing the customers. They provide relief to the customer, they don't call for help. They sit around complaining but don't help.""","""The product is good. They don't do home delivery, they do it in the nearby area and they don't even help with customer care by completing it very well. They are just sitting there taking free salary and harassing the customers. They provide relief to the customer, they don't call for help. They sit around complaining but don't help.""",336,59,Good,True,Negative,0.7859
REV001042,PH030,Realme P4 Lite 5G,Amazon,"""Very good service and mobile is very nice""","""Very good service and mobile is very nice""",43,8,Good,True,Positive,0.9813
REV001043,PH030,Realme P4 Lite 5G,Amazon,"""Super good""","""Super good""",12,2,Short Review,True,Positive,0.9733
REV001044,PH030,Realme P4 Lite 5G,Amazon,"""No fast charger""","""No fast charger""",17,3,Short Review,True,Neutral,0.6294
REV001045,PH030,Realme P4 Lite 5G,Amazon,"""Good""","""Good""",6,1,Very Short,True,Positive,0.7658
REV001046,PH030,Realme P4 Lite 5G,Amazon,"""That purchase was awesome, Complete budget friendly phone I would like to thanks Amazon which gives us great offers rather than others, when it comes to mobile phone. Look is best in among the 20k category. Rear and front camera is giving a sharp clearirty in day light, interface of the phone is smooth and easy. Speaker quality is good in calling via speaker mode. Battery is powerful. Light weight, Durabililty, grip is normal.""","""That purchase was awesome, Complete budget friendly phone I would like to thanks Amazon which gives us great offers rather than others, when it comes to mobile phone. Look is best in among the 20k category. Rear and front camera is giving a sharp clearirty in day light, interface of the phone is smooth and easy. Speaker quality is good in calling via speaker mode. Battery is powerful. Light weight, Durabililty, grip is normal.""",432,74,Good,True,Positive,0.9795
REV001047,PH030,Realme P4 Lite 5G,Amazon,"""Budget friendly 🔥 camera quality is best""","""Budget friendly 🔥 camera quality is best""",42,7,Good,True,Positive,0.9338
REV001048,PH030,Realme P4 Lite 5G,Amazon,"""Nic product""","""Nic product""",13,2,Short Review,True,Neutral,0.7892
REV001049,PH030,Realme P4 Lite 5G,Amazon,"""Good""","""Good""",6,1,Very Short,True,Positive,0.7658
REV001050,PH030,Realme P4 Lite 5G,Amazon,"""Nice""","""Nice""",6,1,Very Short,True,Positive,0.8956
REV001051,PH031,Oppo A6s 5G,Amazon,"""The smart hat was delivered in perfect condition. All functions are correct. Unfortunately, the charger plug does not meet the standard of our sockets, so the charger cannot be used.""","""The smart hat was delivered in perfect condition. All functions are correct. Unfortunately, the charger plug does not meet the standard of our sockets, so the charger cannot be used.""",184,30,Good,False,Positive,0.5164
REV001052,PH031,Oppo A6s 5G,Amazon,"""Bought this for my son as a first smartphone and got a great Black Friday deal. It's a great phone, he loves its camera and how fast it is. It feels well made and the side fingerprint works well.""","""Bought this for my son as a first smartphone and got a great Black Friday deal. It's a great phone, he loves its camera and how fast it is. It feels well made and the side fingerprint works well.""",197,39,Good,False,Positive,0.9876
REV001053,PH031,Oppo A6s 5G,Amazon,"""Very good phone we like this brand a lot. 4/5 in the family have an Oppo.""","""Very good phone we like this brand a lot. 4/5 in the family have an Oppo.""",75,16,Good,False,Positive,0.988
REV001054,PH031,Oppo A6s 5G,Amazon,"""They are top.""","""They are top.""",15,3,Short Review,False,Neutral,0.5432
REV001055,PH031,Oppo A6s 5G,Amazon,"""I thank the seller for his patience and attention. I had a problem with the shipment and it was able to resolve. Quality commensurate with the price quite well.""","""I thank the seller for his patience and attention. I had a problem with the shipment and it was able to resolve. Quality commensurate with the price quite well.""",162,29,Good,False,Positive,0.9277
REV001056,PH031,Oppo A6s 5G,Amazon,"""Okay.""","""Okay.""",7,1,Very Short,False,Neutral,0.531
REV001057,PH031,Oppo A6s 5G,Amazon,"""Yeah I'm loving it, very good solid phone, slim. Works good, sounds neat.""","""Yeah I'm loving it, very good solid phone, slim. Works good, sounds neat.""",75,13,Good,False,Positive,0.9874
REV001058,PH031,Oppo A6s 5G,Amazon,"""I am very satisfied with the smartphone. It arrived very quickly and safely and well packaged. The mobile phone has top performance and lots of updates.""","""I am very satisfied with the smartphone. It arrived very quickly and safely and well packaged. The mobile phone has top performance and lots of updates.""",154,26,Good,False,Positive,0.986
REV001059,PH031,Oppo A6s 5G,Amazon,"""Software hangs all the time. Software updates every day and gets stuck all the time. I'm very disappointed.""","""Software hangs all the time. Software updates every day and gets stuck all the time. I'm very disappointed.""",109,18,Good,False,Negative,0.9474
REV001060,PH031,Oppo A6s 5G,Amazon,"""Functionality great for my purpose, cheap and completely sufficient. Takes great photos.""","""Functionality great for my purpose, cheap and completely sufficient. Takes great photos.""",90,12,Good,False,Positive,0.9724
REV001061,PH031,Oppo A6s 5G,Amazon,"""Good screen quality.""","""Good screen quality.""",22,3,Short Review,False,Positive,0.9333
REV001062,PH031,Oppo A6s 5G,Amazon,"""Purchased as a gift based on the experience of a previous Oppo smartphone. Good price-quality ratio. I recommend it.""","""Purchased as a gift based on the experience of a previous Oppo smartphone. Good price-quality ratio. I recommend it.""",118,19,Good,False,Positive,0.9697
REV001063,PH031,Oppo A6s 5G,Amazon,"""Very good quality at a good price. Performance and battery are great.""","""Very good quality at a good price. Performance and battery are great.""",71,12,Good,False,Positive,0.9781
REV001064,PH031,Oppo A6s 5G,Amazon,"""Total satisfaction with the level of use.""","""Total satisfaction with the level of use.""",43,7,Good,False,Positive,0.8537
REV001065,PH031,Oppo A6s 5G,Amazon,"""The phone performs well but didn't like that it was carrier software locked.""","""The phone performs well but didn't like that it was carrier software locked.""",78,13,Good,False,Negative,0.701
REV001066,PH031,Oppo A6s 5G,Amazon,"""Really like this brand. Easy to use and set up and great functionality and value for money.""","""Really like this brand. Easy to use and set up and great functionality and value for money.""",93,17,Good,False,Positive,0.9806
REV001067,PH031,Oppo A6s 5G,Amazon,"""Good for those who do not have too many expectations and are satisfied.""","""Good for those who do not have too many expectations and are satisfied.""",73,13,Good,False,Positive,0.9142
REV001068,PH031,Oppo A6s 5G,Amazon,"""For the price really good. The phone can be slow sometimes and lag occasionally. Camera not as good, but acceptable for the price.""","""For the price really good. The phone can be slow sometimes and lag occasionally. Camera not as good, but acceptable for the price.""",132,23,Good,False,Positive,0.8094
REV001069,PH031,Oppo A6s 5G,Amazon,"""The best thing is the battery. Performance is very limited and there is no fast charging.""","""The best thing is the battery. Performance is very limited and there is no fast charging.""",91,16,Good,False,Positive,0.5379
REV001070,PH031,Oppo A6s 5G,Amazon,"""Great for payment tap and pay, a bit slow on processing power.""","""Great for payment tap and pay, a bit slow on processing power.""",64,12,Good,False,Positive,0.8303
REV001071,PH031,Oppo A6s 5G,Amazon,"""As expected.""","""As expected.""",14,2,Short Review,False,Neutral,0.8151
REV001072,PH031,Oppo A6s 5G,Amazon,"""Decent and reliable.""","""Decent and reliable.""",22,3,Short Review,False,Positive,0.8113
REV001073,PH031,Oppo A6s 5G,Amazon,"""This phone is absolutely perfect and does everything I wanted.""","""This phone is absolutely perfect and does everything I wanted.""",64,10,Good,False,Positive,0.9854
REV001074,PH031,Oppo A6s 5G,Amazon,"""Difficulty in communicating by losing the signal.""","""Difficulty in communicating by losing the signal.""",51,7,Good,False,Neutral,0.565
REV001075,PH031,Oppo A6s 5G,Amazon,"""Am loving my new OPPO phone, does everything I want.""","""Am loving my new OPPO phone, does everything I want.""",54,10,Good,False,Positive,0.9896
REV001076,PH031,Oppo A6s 5G,Amazon,"""The network adapter that comes with the phone is for the UK and is not valid for Spain.""","""The network adapter that comes with the phone is for the UK and is not valid for Spain.""",89,18,Good,False,Neutral,0.6285
REV001077,PH031,Oppo A6s 5G,Amazon,"""It's my 4th Oppo, an ok phone for the price you pay.""","""It's my 4th Oppo, an ok phone for the price you pay.""",54,12,Good,False,Positive,0.8508
REV001078,PH031,Oppo A6s 5G,Amazon,"""The Oppo is very nice in hand. Its display is of very good quality. It goes very fluid. Impressive battery and fast charging.""","""The Oppo is very nice in hand. Its display is of very good quality. It goes very fluid. Impressive battery and fast charging.""",127,23,Good,False,Positive,0.9849
REV001079,PH031,Oppo A6s 5G,Amazon,"""Bought this phone for my son's first phone and I have to say for the price I'm shocked how good it was.""","""Bought this phone for my son's first phone and I have to say for the price I'm shocked how good it was.""",105,22,Good,False,Positive,0.9606
REV001080,PH031,Oppo A6s 5G,Amazon,"""Very good phone, it lasted for several years until the battery life began to shorten.""","""Very good phone, it lasted for several years until the battery life began to shorten.""",87,15,Good,False,Positive,0.964
REV001081,PH031,Oppo A6s 5G,Amazon,"""Wife loves the phone and tells me it has everything she wants and it's easy to use.""","""Wife loves the phone and tells me it has everything she wants and it's easy to use.""",85,17,Good,False,Positive,0.977
REV001082,PH031,Oppo A6s 5G,Amazon,"""The photography theme is pretty decent as it makes good photos. Battery lasts for a day and a half with average use.""","""The photography theme is pretty decent as it makes good photos. Battery lasts for a day and a half with average use.""",118,22,Good,False,Positive,0.9438
REV001083,PH031,Oppo A6s 5G,Amazon,"""Battery lasts long, big screen and good picture quality.""","""Battery lasts long, big screen and good picture quality.""",58,9,Good,False,Positive,0.942
REV001084,PH031,Oppo A6s 5G,Amazon,"""It is a very nice terminal and its operation is smooth. The photos and brightness need improvement.""","""It is a very nice terminal and its operation is smooth. The photos and brightness need improvement.""",101,17,Good,False,Positive,0.9587
REV001085,PH031,Oppo A6s 5G,Amazon,"""Amazing value. Comes with phone case and screen protector.""","""Amazing value. Comes with phone case and screen protector.""",60,9,Good,False,Positive,0.9764
REV001086,PH031,Oppo A6s 5G,Amazon,"""Condition is great. Phone works like a dream, has NFC and everything you'd need.""","""Condition is great. Phone works like a dream, has NFC and everything you'd need.""",82,14,Good,False,Positive,0.9775
REV001087,PH031,Oppo A6s 5G,Amazon,"""I find it perfect for the price you pay. I like its design and speed.""","""I find it perfect for the price you pay. I like its design and speed.""",71,15,Good,False,Positive,0.9401
REV001088,PH031,Oppo A6s 5G,Amazon,"""Great buy. Size of phone perfect. Camera not great, but works for me.""","""Great buy. Size of phone perfect. Camera not great, but works for me.""",71,13,Good,False,Positive,0.9728
REV001089,PH031,Oppo A6s 5G,Amazon,"""Like my new phone. Took me a bit to get used to.""","""Like my new phone. Took me a bit to get used to.""",50,12,Good,False,Neutral,0.6415
REV001090,PH031,Oppo A6s 5G,Amazon,"""Received the phone brand new in the box. Great product.""","""Received the phone brand new in the box. Great product.""",57,10,Good,False,Positive,0.9855
REV001091,PH031,Oppo A6s 5G,Amazon,"""Very happy with this purchase. Super fluid, quality screen and a lot of premium feel.""","""Very happy with this purchase. Super fluid, quality screen and a lot of premium feel.""",87,15,Good,False,Positive,0.9873
REV001092,PH031,Oppo A6s 5G,Amazon,"""Has everything it promises. Highly recommended.""","""Has everything it promises. Highly recommended.""",49,6,Good,False,Positive,0.9787
REV001093,PH031,Oppo A6s 5G,Amazon,"""Bought this phone for my son. He absolutely loves it.""","""Bought this phone for my son. He absolutely loves it.""",55,10,Good,False,Positive,0.9903
REV001094,PH031,Oppo A6s 5G,Amazon,"""I loved it. Oppo does a fantastic job with its smartphones. The camera gives excellent results.""","""I loved it. Oppo does a fantastic job with its smartphones. The camera gives excellent results.""",97,16,Good,False,Positive,0.9899
REV001095,PH031,Oppo A6s 5G,Amazon,"""Works normally. The screen lacks some brightness.""","""Works normally. The screen lacks some brightness.""",51,7,Good,False,Neutral,0.7752
REV001096,PH031,Oppo A6s 5G,Amazon,"""Worth the money.""","""Worth the money.""",18,3,Short Review,False,Positive,0.8511
REV001097,PH031,Oppo A6s 5G,Amazon,"""Love this phone. Does everything that a very expensive phone would for much less money.""","""Love this phone. Does everything that a very expensive phone would for much less money.""",89,15,Good,False,Positive,0.9581
REV001098,PH031,Oppo A6s 5G,Amazon,"""Good quality.""","""Good quality.""",15,2,Short Review,False,Positive,0.8707
REV001099,PH031,Oppo A6s 5G,Amazon,"""It is a phone with very good features at a minimum price. The camera is really very good, it weighs little and is fast.""","""It is a phone with very good features at a minimum price. The camera is really very good, it weighs little and is fast.""",121,24,Good,False,Positive,0.9838
REV001100,PH031,Oppo A6s 5G,Amazon,"""Really good budget smartphone. Very happy buy.""","""Really good budget smartphone. Very happy buy.""",48,7,Good,False,Positive,0.9858
REV001101,PH031,Oppo A6s 5G,Amazon,"""All around nice and simple good looking phone.""","""All around nice and simple good looking phone.""",48,8,Good,False,Positive,0.9733
REV001102,PH031,Oppo A6s 5G,Amazon,"""Happy with the product.""","""Happy with the product.""",25,4,Good,False,Positive,0.9713
REV001103,PH031,Oppo A6s 5G,Amazon,"""Meets all specifications very well. The battery charges very fast and lasts two days.""","""Meets all specifications very well. The battery charges very fast and lasts two days.""",87,14,Good,False,Positive,0.9726
REV001104,PH031,Oppo A6s 5G,Amazon,"""I've been using the phone for almost a year. The battery life is excellent and the screen is great.""","""I've been using the phone for almost a year. The battery life is excellent and the screen is great.""",101,19,Good,False,Positive,0.9863
REV001105,PH031,Oppo A6s 5G,Amazon,"""I liked the storage capacity and its speed.""","""I liked the storage capacity and its speed.""",45,8,Good,False,Positive,0.9349
REV001106,PH031,Oppo A6s 5G,Amazon,"""It's fast, the camera is great and the battery lasts for two days.""","""It's fast, the camera is great and the battery lasts for two days.""",68,13,Good,False,Positive,0.9837
REV001107,PH031,Oppo A6s 5G,Amazon,"""Very fluid. Camera is acceptable for the price. Fast charging.""","""Very fluid. Camera is acceptable for the price. Fast charging.""",64,10,Good,False,Positive,0.8177
REV001108,PH031,Oppo A6s 5G,Amazon,"""The battery is its strong point. The camera leaves something to be desired.""","""The battery is its strong point. The camera leaves something to be desired.""",77,13,Good,False,Positive,0.5335
REV001109,PH031,Oppo A6s 5G,Amazon,"""The camera goes great both rear and front. Satisfied with the purchase.""","""The camera goes great both rear and front. Satisfied with the purchase.""",73,12,Good,False,Positive,0.9844
REV001110,PH031,Oppo A6s 5G,Amazon,"""A phone that has all the modern features ready, is capable of 5G, has a long battery life and sufficient performance.""","""A phone that has all the modern features ready, is capable of 5G, has a long battery life and sufficient performance.""",119,21,Good,False,Positive,0.9189
REV001111,PH031,Oppo A6s 5G,Amazon,"""To laggy for me. Just not up to Samsung quality.""","""To laggy for me. Just not up to Samsung quality.""",50,10,Good,False,Negative,0.8482
REV001112,PH031,Oppo A6s 5G,Amazon,"""Very slow, keeps freezing, don't waste your money.""","""Very slow, keeps freezing, don't waste your money.""",52,8,Good,False,Negative,0.9088
REV001113,PH031,Oppo A6s 5G,Amazon,"""The battery lasts for 2 days, the applications are very fast and the photos and videos come out very well.""","""The battery lasts for 2 days, the applications are very fast and the photos and videos come out very well.""",108,20,Good,False,Positive,0.9784
REV001114,PH031,Oppo A6s 5G,Amazon,"""Has no memory card slot; the software is unstable with multiple crashes occurring frequently.""","""Has no memory card slot; the software is unstable with multiple crashes occurring frequently.""",95,14,Good,False,Negative,0.912
REV001115,PH031,Oppo A6s 5G,Amazon,"""Quickly the microphone stopped working. Then the battery stopped charging.""","""Quickly the microphone stopped working. Then the battery stopped charging.""",76,10,Good,False,Negative,0.77
REV001116,PH031,Oppo A6s 5G,Amazon,"""Good quality/price ratio.""","""Good quality/price ratio.""",27,3,Short Review,False,Positive,0.8647
REV001117,PH031,Oppo A6s 5G,Amazon,"""Quality product but difficulty when it comes to having a brand partner.""","""Quality product but difficulty when it comes to having a brand partner.""",73,12,Good,False,Neutral,0.5714
REV001118,PH031,Oppo A6s 5G,Amazon,"""Very pleased. Super fast performance, camera with superior quality.""","""Very pleased. Super fast performance, camera with superior quality.""",69,9,Good,False,Positive,0.9872
REV001119,PH031,Oppo A6s 5G,Amazon,"""Mobile with an excellent value for money. Highly recommended purchase.""","""Mobile with an excellent value for money. Highly recommended purchase.""",72,10,Good,False,Positive,0.9815
REV001120,PH031,Oppo A6s 5G,Amazon,"""The screen protector was broken. The battery is mediocre.""","""The screen protector was broken. The battery is mediocre.""",59,9,Good,False,Negative,0.9177
REV001121,PH031,Oppo A6s 5G,Amazon,"""A 500-euro mobile should not be hit in all its corners.""","""A 500-euro mobile should not be hit in all its corners.""",57,11,Good,False,Negative,0.6877
REV001122,PH031,Oppo A6s 5G,Amazon,"""I bought the mobile phone and after 4 months the screen stopped working.""","""I bought the mobile phone and after 4 months the screen stopped working.""",74,13,Good,False,Negative,0.7753
REV001123,PH031,Oppo A6s 5G,Amazon,"""Only half satisfies.""","""Only half satisfies.""",22,3,Short Review,False,Neutral,0.4974
REV001124,PH031,Oppo A6s 5G,Amazon,"""I loved this phone, I would repeat with it.""","""I loved this phone, I would repeat with it.""",45,9,Good,False,Positive,0.9844
REV001125,PH031,Oppo A6s 5G,Amazon,"""We bought it for our daughter and the truth is that it is an impressive cell phone.""","""We bought it for our daughter and the truth is that it is an impressive cell phone.""",85,17,Good,False,Positive,0.9764
REV001126,PH031,Oppo A6s 5G,Amazon,"""The product arrived super fast. The device meets my expectations.""","""The product arrived super fast. The device meets my expectations.""",67,10,Good,False,Positive,0.9831
REV001127,PH031,Oppo A6s 5G,Amazon,"""Just brilliant. I'm very happy. I highly recommend it.""","""Just brilliant. I'm very happy. I highly recommend it.""",56,9,Good,False,Positive,0.9886
REV001128,PH031,Oppo A6s 5G,Amazon,"""Spectacular facial recognition, everything is going very fast. I recommend the phone.""","""Spectacular facial recognition, everything is going very fast. I recommend the phone.""",87,12,Good,False,Positive,0.9108
REV001129,PH031,Oppo A6s 5G,Amazon,"""I liked everything in general since it was the mobile I was looking for.""","""I liked everything in general since it was the mobile I was looking for.""",74,14,Good,False,Positive,0.9752
REV001130,PH031,Oppo A6s 5G,Amazon,"""Good performance and presentation quality. It came in time and form.""","""Good performance and presentation quality. It came in time and form.""",70,11,Good,False,Positive,0.9446
REV001131,PH031,Oppo A6s 5G,Amazon,"""I am very happy, especially the duration and speed of charging the battery.""","""I am very happy, especially the duration and speed of charging the battery.""",77,13,Good,False,Positive,0.9882
REV001132,PH031,Oppo A6s 5G,Amazon,"""I really like this phone and 5G at a reasonable price.""","""I really like this phone and 5G at a reasonable price.""",56,11,Good,False,Positive,0.9835
REV001133,PH031,Oppo A6s 5G,Amazon,"""Terrible terminal in terms of durability. My screen broke for no apparent reason.""","""Terrible terminal in terms of durability. My screen broke for no apparent reason.""",83,13,Good,False,Negative,0.9527
REV001134,PH031,Oppo A6s 5G,Amazon,"""It was a gift for my daughter. She seems happy.""","""It was a gift for my daughter. She seems happy.""",49,10,Good,False,Positive,0.9763
REV001135,PH031,Oppo A6s 5G,Amazon,"""I like everything about this product.""","""I like everything about this product.""",39,6,Good,False,Positive,0.9836
REV001136,PH031,Oppo A6s 5G,Amazon,"""Normal. It doesn't reach the end of the day, it eats the battery.""","""Normal. It doesn't reach the end of the day, it eats the battery.""",67,13,Good,False,Neutral,0.5191
REV001137,PH031,Oppo A6s 5G,Amazon,"""This very well has quite a lot of storage capacity.""","""This very well has quite a lot of storage capacity.""",53,10,Good,False,Positive,0.6388
REV001138,PH031,Oppo A6s 5G,Amazon,"""Excellent, I arrived in good condition.""","""Excellent, I arrived in good condition.""",41,6,Good,False,Positive,0.9726
REV001139,PH031,Oppo A6s 5G,Amazon,"""So far it works very well. Fast charging and easy operation.""","""So far it works very well. Fast charging and easy operation.""",62,11,Good,False,Positive,0.9757
REV001140,PH032,Samsung Galaxy M17e 5G,Flipkart,"""Samsung galaxy M17e is average Mobile Phone. Camera - Not good for Click Photos. Performance - Good 👍. Build Quality - It's slippery, try to use a case or cover to protect phone. Battery - Performance...""","""Samsung galaxy M17e is average Mobile Phone. Camera - Not good for Click Photos. Performance - Good 👍. Build Quality - It's slippery, try to use a case or cover to protect phone. Battery - Performance...""",205,36,Good,False,Neutral,0.4052
REV001141,PH032,Samsung Galaxy M17e 5G,Flipkart,"""Best qulity""","""Best qulity""",13,2,Short Review,False,Positive,0.8835
REV001142,PH032,Samsung Galaxy M17e 5G,Flipkart,"""Value of money mobile, best price 👌, super quality, amazing Samsung galaxy, worth feeling better, display monster phone.""","""Value of money mobile, best price 👌, super quality, amazing Samsung galaxy, worth feeling better, display monster phone.""",122,18,Good,False,Positive,0.9847
REV001143,PH032,Samsung Galaxy M17e 5G,Flipkart,"""Good prodact""","""Good prodact""",14,2,Short Review,False,Positive,0.8554
REV001144,PH032,Samsung Galaxy M17e 5G,Flipkart,"""Good""","""Good""",6,1,Very Short,False,Positive,0.7658
REV001145,PH032,Samsung Galaxy M17e 5G,Flipkart,"""Valo phone""","""Valo phone""",12,2,Short Review,False,Neutral,0.8117
REV001146,PH032,Samsung Galaxy M17e 5G,Flipkart,"""Bad experience 😢""","""Bad experience 😢""",18,3,Short Review,False,Negative,0.9159
REV001147,PH032,Samsung Galaxy M17e 5G,Flipkart,"""Phone is laggy and takes time to load, not worth the price, better to go for other brands.""","""Phone is laggy and takes time to load, not worth the price, better to go for other brands.""",92,18,Good,False,Negative,0.9022
REV001148,PH032,Samsung Galaxy M17e 5G,Flipkart,"""The product quality of Flipkart is absolutely equivalent to the quality of footpath brand.""","""The product quality of Flipkart is absolutely equivalent to the quality of footpath brand.""",92,14,Good,False,Negative,0.645
REV001149,PH032,Samsung Galaxy M17e 5G,Flipkart,"""Everything is best of best ❤️ but only the camera 📸 is not satisfied 😔.""","""Everything is best of best ❤️ but only the camera 📸 is not satisfied 😔.""",73,15,Good,False,Neutral,0.3938
REV001150,PH032,Samsung Galaxy M17e 5G,Flipkart,"""It's a very valuable product. But remember this product is for parents.""","""It's a very valuable product. But remember this product is for parents.""",73,12,Good,False,Positive,0.93
REV001151,PH032,Samsung Galaxy M17e 5G,Flipkart,"""Very good performance.""","""Very good performance.""",24,3,Short Review,False,Positive,0.9782
REV001152,PH032,Samsung Galaxy M17e 5G,Flipkart,"""Samsung provide less specifications compared to others, very poor in specification, never purchase Samsung mobiles, not provide charger with handset, price cost high, less facility.""","""Samsung provide less specifications compared to others, very poor in specification, never purchase Samsung mobiles, not provide charger with handset, price cost high, less facility.""",183,25,Good,False,Negative,0.8965
REV001153,PH032,Samsung Galaxy M17e 5G,Flipkart,"""Not happy, mobile hanging and getting hot.""","""Not happy, mobile hanging and getting hot.""",44,7,Good,False,Negative,0.8929
REV001154,PH032,Samsung Galaxy M17e 5G,Flipkart,"""This phone is best for parents, not for multitasking and high performance. The 6GB + 128GB variant is better than 4GB + 128GB.""","""This phone is best for parents, not for multitasking and high performance. The 6GB + 128GB variant is better than 4GB + 128GB.""",128,23,Good,False,Positive,0.8996
REV001155,PH032,Samsung Galaxy M17e 5G,Flipkart,"""Not best phone, quality is very low, so bad phone. I can't purchase Samsung again.""","""Not best phone, quality is very low, so bad phone. I can't purchase Samsung again.""",84,15,Good,False,Negative,0.9432
REV001156,PH032,Samsung Galaxy M17e 5G,Amazon,"""Amazing, worth the money.""","""Amazing, worth the money.""",27,4,Good,False,Positive,0.9733
REV001157,PH032,Samsung Galaxy M17e 5G,Amazon,"""The standout feature is the 6 years of OS and Security updates. In a budget segment where phones are often abandoned after two years, this commitment from Samsung is a game-changer.""","""The standout feature is the 6 years of OS and Security updates. In a budget segment where phones are often abandoned after two years, this commitment from Samsung is a game-changer.""",183,31,Good,False,Positive,0.9621
REV001158,PH032,Samsung Galaxy M17e 5G,Amazon,"""The 6000mAh cell is a monster. I easily get 1.5 to 2 days of usage even with heavy multitasking.""","""The 6000mAh cell is a monster. I easily get 1.5 to 2 days of usage even with heavy multitasking.""",98,19,Good,False,Neutral,0.3927
REV001159,PH032,Samsung Galaxy M17e 5G,Amazon,"""The 120Hz refresh rate makes One UI 8.0 feel incredibly snappy. Scrolling through long PDFs or documentation is buttery smooth.""","""The 120Hz refresh rate makes One UI 8.0 feel incredibly snappy. Scrolling through long PDFs or documentation is buttery smooth.""",129,20,Good,False,Positive,0.4899
REV001160,PH032,Samsung Galaxy M17e 5G,Amazon,"""The GFRP back feels more durable than standard plastic. Combined with the IP54 rating, it handles the daily campus hustle.""","""The GFRP back feels more durable than standard plastic. Combined with the IP54 rating, it handles the daily campus hustle.""",124,20,Good,False,Positive,0.9194
REV001161,PH032,Samsung Galaxy M17e 5G,Amazon,"""The resolution is HD+ (720p). On a large 6.7-inch screen, the pixel density is a bit low.""","""The resolution is HD+ (720p). On a large 6.7-inch screen, the pixel density is a bit low.""",91,17,Good,False,Neutral,0.735
REV001162,PH032,Samsung Galaxy M17e 5G,Amazon,"""The massive battery still takes nearly 2 hours to top up.""","""The massive battery still takes nearly 2 hours to top up.""",59,11,Good,False,Negative,0.652
REV001163,PH032,Samsung Galaxy M17e 5G,Amazon,"""The 50MP main sensor is fine for document scanning and casual daylight shots, but don't expect flagship-level low-light performance.""","""The 50MP main sensor is fine for document scanning and casual daylight shots, but don't expect flagship-level low-light performance.""",134,19,Good,False,Neutral,0.7074
REV001164,PH032,Samsung Galaxy M17e 5G,Amazon,"""If you need a workhorse that stays updated until 2032 and won't die on you mid-day, this is a solid investment.""","""If you need a workhorse that stays updated until 2032 and won't die on you mid-day, this is a solid investment.""",113,21,Good,False,Positive,0.8014
REV001165,PH032,Samsung Galaxy M17e 5G,Amazon,"""The phone feels smooth in daily use thanks to the 120Hz display.""","""The phone feels smooth in daily use thanks to the 120Hz display.""",66,12,Good,False,Positive,0.9437
REV001166,PH032,Samsung Galaxy M17e 5G,Amazon,"""The big 6000mAh battery easily lasts more than a full day with heavy usage.""","""The big 6000mAh battery easily lasts more than a full day with heavy usage.""",77,14,Good,False,Positive,0.8767
REV001167,PH032,Samsung Galaxy M17e 5G,Amazon,"""The performance is good for normal tasks like social media, YouTube, calling, multitasking, and light gaming.""","""The performance is good for normal tasks like social media, YouTube, calling, multitasking, and light gaming.""",111,16,Good,False,Positive,0.9003
REV001168,PH032,Samsung Galaxy M17e 5G,Amazon,"""The 50MP main camera captures clear and natural photos.""","""The 50MP main camera captures clear and natural photos.""",57,9,Good,False,Positive,0.729
REV001169,PH032,Samsung Galaxy M17e 5G,Amazon,"""Samsung’s One UI experience is clean and easy to use.""","""Samsung’s One UI experience is clean and easy to use.""",55,10,Good,False,Positive,0.9559
REV001170,PH032,Samsung Galaxy M17e 5G,Amazon,"""The display resolution could have been better.""","""The display resolution could have been better.""",48,7,Good,False,Negative,0.6476
REV001171,PH032,Samsung Galaxy M17e 5G,Amazon,"""This is a great budget 5G smartphone for students, parents, or anyone looking for a reliable Samsung phone.""","""This is a great budget 5G smartphone for students, parents, or anyone looking for a reliable Samsung phone.""",109,18,Good,False,Positive,0.9732
REV001172,PH032,Samsung Galaxy M17e 5G,Amazon,"""Heating and hanging issue, processor is very slow, price is very high respect to quality.""","""Heating and hanging issue, processor is very slow, price is very high respect to quality.""",91,15,Good,False,Negative,0.8912
REV001173,PH032,Samsung Galaxy M17e 5G,Amazon,"""Battery is good.""","""Battery is good.""",18,3,Short Review,False,Positive,0.9539
REV001174,PH032,Samsung Galaxy M17e 5G,Amazon,"""Some times camera was blurred.""","""Some times camera was blurred.""",32,5,Good,False,Neutral,0.6098
REV001175,PH032,Samsung Galaxy M17e 5G,Amazon,"""Smooth and having a long battery life.""","""Smooth and having a long battery life.""",40,7,Good,False,Positive,0.8444
REV001176,PH032,Samsung Galaxy M17e 5G,Amazon,"""Display serves the purpose, camera is good enough.""","""Display serves the purpose, camera is good enough.""",52,8,Good,False,Neutral,0.4938
REV001177,PH032,Samsung Galaxy M17e 5G,Amazon,"""My only reason to purchase this was the 6+ OS upgrades.""","""My only reason to purchase this was the 6+ OS upgrades.""",57,11,Good,False,Positive,0.5119
REV001178,PH032,Samsung Galaxy M17e 5G,Amazon,"""Looks are just okay, a bit big for my liking.""","""Looks are just okay, a bit big for my liking.""",47,10,Good,False,Positive,0.7665
REV001179,PH032,Samsung Galaxy M17e 5G,Amazon,"""A Samsung phone with a headphone jack, expandable storage and a 6000mAh battery.""","""A Samsung phone with a headphone jack, expandable storage and a 6000mAh battery.""",82,13,Good,False,Positive,0.5384
REV001180,PH032,Samsung Galaxy M17e 5G,Amazon,"""Performs all day-to-day activities with ease.""","""Performs all day-to-day activities with ease.""",47,6,Good,False,Positive,0.717
REV001181,PH032,Samsung Galaxy M17e 5G,Amazon,"""The battery life is great, and the camera decent for a budget phone.""","""The battery life is great, and the camera decent for a budget phone.""",70,13,Good,False,Positive,0.9768
REV001182,PH032,Samsung Galaxy M17e 5G,Amazon,"""Purchased this device at launch with offers, and it's very balanced for this price range.""","""Purchased this device at launch with offers, and it's very balanced for this price range.""",91,15,Good,False,Positive,0.9333
REV001183,PH032,Samsung Galaxy M17e 5G,Amazon,"""The 6 Generations of OS upgrades really sold it for me.""","""The 6 Generations of OS upgrades really sold it for me.""",57,11,Good,False,Positive,0.9469
REV001184,PH032,Samsung Galaxy M17e 5G,Amazon,"""The massive battery gives about 2 days of battery life.""","""The massive battery gives about 2 days of battery life.""",57,10,Good,False,Positive,0.556
REV001185,PH032,Samsung Galaxy M17e 5G,Amazon,"""This device does NOT have NFC.""","""This device does NOT have NFC.""",32,6,Good,False,Negative,0.7514
REV001186,PH032,Samsung Galaxy M17e 5G,Amazon,"""This device doesn't support ARCore.""","""This device doesn't support ARCore.""",37,5,Good,False,Negative,0.768
REV001187,PH032,Samsung Galaxy M17e 5G,Amazon,"""The stock One UI 8 experience still feels very bloated.""","""The stock One UI 8 experience still feels very bloated.""",57,10,Good,False,Negative,0.8683
REV001188,PH032,Samsung Galaxy M17e 5G,Amazon,"""120Hz at max brightness will lead to significant amount of heat.""","""120Hz at max brightness will lead to significant amount of heat.""",66,11,Good,False,Neutral,0.5039
REV001189,PH032,Samsung Galaxy M17e 5G,Amazon,"""Steer clear of the 4GB variant.""","""Steer clear of the 4GB variant.""",33,6,Good,False,Neutral,0.8746
REV001190,PH032,Samsung Galaxy M17e 5G,Amazon,"""The processor feels very slow and not up to the mark for 2026.""","""The processor feels very slow and not up to the mark for 2026.""",64,13,Good,False,Negative,0.9065
REV001191,PH032,Samsung Galaxy M17e 5G,Amazon,"""Apps take time to open, switching between apps lags, and heavy apps stutter badly.""","""Apps take time to open, switching between apps lags, and heavy apps stutter badly.""",84,14,Good,False,Negative,0.8518
REV001192,PH032,Samsung Galaxy M17e 5G,Amazon,"""One UI feels sluggish on this chip.""","""One UI feels sluggish on this chip.""",37,7,Good,False,Negative,0.806
REV001193,PH032,Samsung Galaxy M17e 5G,Amazon,"""For basic calling, WhatsApp, and YouTube, it works.""","""For basic calling, WhatsApp, and YouTube, it works.""",53,8,Good,False,Positive,0.7128
REV001194,PH032,Samsung Galaxy M17e 5G,Amazon,"""Performance is satisfactory.""","""Performance is satisfactory.""",30,3,Short Review,False,Positive,0.8868
REV001195,PH032,Samsung Galaxy M17e 5G,Amazon,"""Camera quality is ok but can be improved.""","""Camera quality is ok but can be improved.""",43,8,Good,False,Positive,0.5477
REV001196,PH032,Samsung Galaxy M17e 5G,Amazon,"""This would be a good purchase if you are looking for an Android 16 phone with long term OS updates.""","""This would be a good purchase if you are looking for an Android 16 phone with long term OS updates.""",101,20,Good,False,Positive,0.9475
REV001197,PH032,Samsung Galaxy M17e 5G,Amazon,"""Battery life good.""","""Battery life good.""",20,3,Short Review,False,Positive,0.929
REV001198,PH032,Samsung Galaxy M17e 5G,Amazon,"""Camera average.""","""Camera average.""",17,2,Short Review,False,Neutral,0.7663
REV001199,PH032,Samsung Galaxy M17e 5G,Amazon,"""Interface looking awesome.""","""Interface looking awesome.""",28,3,Short Review,False,Positive,0.9746
REV001200,PH032,Samsung Galaxy M17e 5G,Amazon,"""Display ok ok.""","""Display ok ok.""",16,3,Short Review,False,Neutral,0.6262
REV001201,PH032,Samsung Galaxy M17e 5G,Amazon,"""Sound very low, one speaker.""","""Sound very low, one speaker.""",30,5,Good,False,Negative,0.7863
REV001202,PH032,Samsung Galaxy M17e 5G,Amazon,"""Good product with camera and sound.""","""Good product with camera and sound.""",37,6,Good,False,Positive,0.9621
REV001203,PH032,Samsung Galaxy M17e 5G,Amazon,"""Security features is the best.""","""Security features is the best.""",32,5,Good,False,Positive,0.9673
REV001204,PH032,Samsung Galaxy M17e 5G,Amazon,"""This phone is useless in 6GB RAM.""","""This phone is useless in 6GB RAM.""",35,7,Good,False,Negative,0.8868
REV001205,PH032,Samsung Galaxy M17e 5G,Amazon,"""One UI itself takes most of the RAM.""","""One UI itself takes most of the RAM.""",38,8,Good,False,Neutral,0.799
REV001206,PH032,Samsung Galaxy M17e 5G,Amazon,"""Camera better than expectations in daylight.""","""Camera better than expectations in daylight.""",46,6,Good,False,Positive,0.9213
REV001207,PH032,Samsung Galaxy M17e 5G,Amazon,"""Very good touch.""","""Very good touch.""",18,3,Short Review,False,Positive,0.9604
REV001208,PH032,Samsung Galaxy M17e 5G,Amazon,"""Call quality and network is good.""","""Call quality and network is good.""",35,6,Good,False,Positive,0.9343
REV001209,PH032,Samsung Galaxy M17e 5G,Amazon,"""Battery is wonderful.""","""Battery is wonderful.""",23,3,Short Review,False,Positive,0.9851
REV001210,PH032,Samsung Galaxy M17e 5G,Amazon,"""Videos and image colours are not good.""","""Videos and image colours are not good.""",40,7,Good,False,Negative,0.9204
REV001211,PH032,Samsung Galaxy M17e 5G,Amazon,"""Camera quality is not good.""","""Camera quality is not good.""",29,5,Good,False,Negative,0.8766
REV001212,PH032,Samsung Galaxy M17e 5G,Amazon,"""LCD screen quality is not good.""","""LCD screen quality is not good.""",33,6,Good,False,Negative,0.9133
REV001213,PH032,Samsung Galaxy M17e 5G,Amazon,"""Battery ok, no heat problem, network connectivity is super speed.""","""Battery ok, no heat problem, network connectivity is super speed.""",67,10,Good,False,Positive,0.9229
REV001214,PH032,Samsung Galaxy M17e 5G,Amazon,"""Good battery backup.""","""Good battery backup.""",22,3,Short Review,False,Positive,0.9082
REV001215,PH032,Samsung Galaxy M17e 5G,Amazon,"""Display is ok.""","""Display is ok.""",16,3,Short Review,False,Positive,0.6009
REV001216,PH032,Samsung Galaxy M17e 5G,Amazon,"""Speed good for normal usage.""","""Speed good for normal usage.""",30,5,Good,False,Positive,0.7931
REV001217,PH032,Samsung Galaxy M17e 5G,Amazon,"""Sometimes the mobile hangs during normal use, especially while multitasking.""","""Sometimes the mobile hangs during normal use, especially while multitasking.""",78,10,Good,False,Neutral,0.7408
REV001218,PH032,Samsung Galaxy M17e 5G,Amazon,"""Fast charging does not work properly, and the phone charges very slowly at times.""","""Fast charging does not work properly, and the phone charges very slowly at times.""",83,14,Good,False,Negative,0.8883
REV001219,PH032,Samsung Galaxy M17e 5G,Amazon,"""Camera and battery backup are decent for daily use.""","""Camera and battery backup are decent for daily use.""",53,9,Good,False,Positive,0.8076
REV001220,PH032,Samsung Galaxy M17e 5G,Amazon,"""Good camera quality but can be improved.""","""Good camera quality but can be improved.""",42,7,Good,False,Positive,0.7119
REV001221,PH032,Samsung Galaxy M17e 5G,Amazon,"""Selling the phone without charger adapter is a major drawback.""","""Selling the phone without charger adapter is a major drawback.""",64,10,Good,False,Negative,0.7831
REV001222,PH032,Samsung Galaxy M17e 5G,Amazon,"""Good phone with decent configuration, but camera is just ok.""","""Good phone with decent configuration, but camera is just ok.""",62,10,Good,False,Positive,0.9049
REV001223,PH032,Samsung Galaxy M17e 5G,Amazon,"""Front camera pictures are not good.""","""Front camera pictures are not good.""",37,6,Good,False,Negative,0.8949
REV001224,PH032,Samsung Galaxy M17e 5G,Amazon,"""Rear camera picture quality is very nice.""","""Rear camera picture quality is very nice.""",43,7,Good,False,Positive,0.9785
REV001225,PH032,Samsung Galaxy M17e 5G,Amazon,"""Hanging and slow to open app.""","""Hanging and slow to open app.""",31,6,Good,False,Negative,0.5226
REV001226,PH032,Samsung Galaxy M17e 5G,Amazon,"""Difficulty to unlock screen due to mismatch of biometric security.""","""Difficulty to unlock screen due to mismatch of biometric security.""",68,10,Good,False,Negative,0.504
REV001227,PH032,Samsung Galaxy M17e 5G,Amazon,"""Very worst case.""","""Very worst case.""",18,3,Short Review,False,Negative,0.8824
REV001228,PH032,Samsung Galaxy M17e 5G,Amazon,"""Worth it. Screen size is big.""","""Worth it. Screen size is big.""",31,6,Good,False,Positive,0.8563
REV001229,PH032,Samsung Galaxy M17e 5G,Amazon,"""You need to compromise on display and brightness.""","""You need to compromise on display and brightness.""",51,8,Good,False,Neutral,0.7502
REV001230,PH032,Samsung Galaxy M17e 5G,Amazon,"""Adaptive brightness is not visible, set to manual.""","""Adaptive brightness is not visible, set to manual.""",52,8,Good,False,Neutral,0.743
REV001231,PH032,Samsung Galaxy M17e 5G,Amazon,"""Slow networking. Tower coverage problem.""","""Slow networking. Tower coverage problem.""",42,5,Good,False,Negative,0.8226
REV001232,PH032,Samsung Galaxy M17e 5G,Amazon,"""Has a lot of features.""","""Has a lot of features.""",24,5,Good,False,Neutral,0.5938
REV001233,PH032,Samsung Galaxy M17e 5G,Amazon,"""Battery draining fast.""","""Battery draining fast.""",24,3,Short Review,False,Negative,0.5229
REV001234,PH032,Samsung Galaxy M17e 5G,Amazon,"""Best phone under 14k from Samsung. Running smooth so far.""","""Best phone under 14k from Samsung. Running smooth so far.""",59,10,Good,False,Positive,0.9796
REV001235,PH032,Samsung Galaxy M17e 5G,Amazon,"""Excellent in battery backup and camera.""","""Excellent in battery backup and camera.""",41,6,Good,False,Positive,0.9563
REV001236,PH032,Samsung Galaxy M17e 5G,Amazon,"""Nice display. Super sound. Nice performance.""","""Nice display. Super sound. Nice performance.""",46,6,Good,False,Positive,0.9801
REV001237,PH032,Samsung Galaxy M17e 5G,Amazon,"""Battery backup and camera clear very nice.""","""Battery backup and camera clear very nice.""",44,7,Good,False,Positive,0.9781
REV001238,PH032,Samsung Galaxy M17e 5G,Amazon,"""Poor audio and mobile signal.""","""Poor audio and mobile signal.""",31,5,Good,False,Negative,0.8722
REV001239,PH032,Samsung Galaxy M17e 5G,Amazon,"""No back cover in the box, no adapter, charger.""","""No back cover in the box, no adapter, charger.""",48,9,Good,False,Negative,0.5756
REV001240,PH032,Samsung Galaxy M17e 5G,Amazon,"""Does not accommodate 2 SIMs.""","""Does not accommodate 2 SIMs.""",30,5,Good,False,Negative,0.7067
REV001241,PH032,Samsung Galaxy M17e 5G,Amazon,"""Camera quality is very bad.""","""Camera quality is very bad.""",29,5,Good,False,Negative,0.9265
REV001242,PH032,Samsung Galaxy M17e 5G,Amazon,"""Performance is bad.""","""Performance is bad.""",21,3,Short Review,False,Negative,0.9022
REV001243,PH032,Samsung Galaxy M17e 5G,Amazon,"""No AOD (Always On Display).""","""No AOD (Always On Display).""",29,5,Good,False,Neutral,0.759
REV001244,PH032,Samsung Galaxy M17e 5G,Amazon,"""Battery robust, can go without charging more than 24 hours.""","""Battery robust, can go without charging more than 24 hours.""",61,10,Good,False,Positive,0.7065
REV001245,PH032,Samsung Galaxy M17e 5G,Amazon,"""Camera quality good, senses depth and angle clearly.""","""Camera quality good, senses depth and angle clearly.""",54,8,Good,False,Positive,0.8986
REV001246,PH032,Samsung Galaxy M17e 5G,Amazon,"""Appearance violet very impressive.""","""Appearance violet very impressive.""",36,4,Good,False,Positive,0.9467
REV001247,PH032,Samsung Galaxy M17e 5G,Amazon,"""It's slow. Very slow. Even searching for names in WhatsApp takes time.""","""It's slow. Very slow. Even searching for names in WhatsApp takes time.""",72,12,Good,False,Negative,0.8663
REV001248,PH032,Samsung Galaxy M17e 5G,Amazon,"""At this price, a 5G phone with 6 years OS upgrade is excellent.""","""At this price, a 5G phone with 6 years OS upgrade is excellent.""",65,13,Good,False,Positive,0.9696
REV001249,PH032,Samsung Galaxy M17e 5G,Amazon,"""Nice phone with lots of customization and very smooth.""","""Nice phone with lots of customization and very smooth.""",56,9,Good,False,Positive,0.9771
REV001250,PH032,Samsung Galaxy M17e 5G,Amazon,"""The all-in-one quality type handset.""","""The all-in-one quality type handset.""",38,5,Good,False,Neutral,0.5686
REV001251,PH032,Samsung Galaxy M17e 5G,Amazon,"""Most magnificent side is its price range.""","""Most magnificent side is its price range.""",43,7,Good,False,Positive,0.9559
REV001252,PH032,Samsung Galaxy M17e 5G,Amazon,"""Battery: very good.""","""Battery: very good.""",21,3,Short Review,False,Positive,0.9738
REV001253,PH032,Samsung Galaxy M17e 5G,Amazon,"""Display: not so bad but not good.""","""Display: not so bad but not good.""",35,7,Good,False,Negative,0.4616
REV001254,PH032,Samsung Galaxy M17e 5G,Amazon,"""Camera: really very bad.""","""Camera: really very bad.""",26,4,Good,False,Negative,0.9383
REV001255,PH032,Samsung Galaxy M17e 5G,Amazon,"""User interface: awesome.""","""User interface: awesome.""",26,3,Short Review,False,Positive,0.9816
REV001256,PH032,Samsung Galaxy M17e 5G,Amazon,"""RAM management: too bad, in 6GB only 1.5GB free for use.""","""RAM management: too bad, in 6GB only 1.5GB free for use.""",58,11,Good,False,Negative,0.8664
REV001257,PH032,Samsung Galaxy M17e 5G,Amazon,"""Very bad. Do not buy.""","""Very bad. Do not buy.""",23,5,Good,False,Negative,0.9295
REV001258,PH032,Samsung Galaxy M17e 5G,Amazon,"""It hangs while opening the camera and does not work smoothly at all.""","""It hangs while opening the camera and does not work smoothly at all.""",70,13,Good,False,Negative,0.8952
REV001259,PH032,Samsung Galaxy M17e 5G,Amazon,"""The biggest problem is lag.""","""The biggest problem is lag.""",29,5,Good,False,Negative,0.6939
REV001260,PH032,Samsung Galaxy M17e 5G,Amazon,"""Overall average. I prefer buying another brand at this price.""","""Overall average. I prefer buying another brand at this price.""",63,10,Good,False,Negative,0.5941
REV001261,PH032,Samsung Galaxy M17e 5G,Amazon,"""Touch quality, sound quality, display features, everything is good.""","""Touch quality, sound quality, display features, everything is good.""",69,9,Good,False,Positive,0.9633
REV001262,PH032,Samsung Galaxy M17e 5G,Amazon,"""Must buy adaptor from Samsung store or centre only.""","""Must buy adaptor from Samsung store or centre only.""",53,9,Good,False,Neutral,0.881
REV001263,PH032,Samsung Galaxy M17e 5G,Amazon,"""Charging speed fast and quality of camera gives value for money.""","""Charging speed fast and quality of camera gives value for money.""",66,11,Good,False,Positive,0.8855
REV001264,PH032,Samsung Galaxy M17e 5G,Amazon,"""Feel no heat during normal use.""","""Feel no heat during normal use.""",33,6,Good,False,Neutral,0.7803
REV001265,PH033,Vivo T5x 5G,Flipkart,“Very nice this mobile 🙂❤️”,“Very nice this mobile 🙂❤️”,27,5,Good,False,Positive,0.9884
REV001266,PH033,Vivo T5x 5G,Flipkart,“phone is awesome but delivery boy behaviour was very bad”,“phone is awesome but delivery boy behaviour was very bad”,58,10,Good,False,Negative,0.8543
REV001267,PH033,Vivo T5x 5G,Flipkart,“Good product batter life so long in this rate price value of,“Good product batter life so long in this rate price value of,61,12,Good,False,Positive,0.7889
REV001268,PH033,Vivo T5x 5G,Flipkart,Product”,Product”,8,1,Very Short,False,Neutral,0.7473
REV001269,PH033,Vivo T5x 5G,Flipkart,“Mind-blowing purchase”,“Mind-blowing purchase”,23,2,Short Review,False,Positive,0.7448
REV001270,PH033,Vivo T5x 5G,Flipkart,“Good camera green colour”,“Good camera green colour”,26,4,Good,False,Positive,0.8707
REV001271,PH033,Vivo T5x 5G,Flipkart,"“, Gautam Buddha Nagar”","“, Gautam Buddha Nagar”",23,4,Good,False,Neutral,0.9279
REV001272,PH033,Vivo T5x 5G,Flipkart,“This is a phone price comparison with better performance and the,“This is a phone price comparison with better performance and the,65,11,Good,False,Neutral,0.5143
REV001273,PH033,Vivo T5x 5G,Flipkart,camera is Good and the look is Good and the Gaming experience is,camera is Good and the look is Good and the Gaming experience is,64,13,Good,False,Positive,0.9543
REV001274,PH033,Vivo T5x 5G,Flipkart,better . I like this phone Vivo t5x thanks… 👍”,better . I like this phone Vivo t5x thanks... 👍”,48,10,Good,False,Positive,0.9825
REV001275,PH033,Vivo T5x 5G,Flipkart,“It’s a excellent mobile of this price on Vivo mobile Very good,“It’s a excellent mobile of this price on Vivo mobile Very good,63,12,Good,False,Positive,0.9859
REV001276,PH033,Vivo T5x 5G,Flipkart,"performance, super display and battery backup 3 day”","performance, super display and battery backup 3 day”",52,8,Good,False,Positive,0.7484
REV001277,PH033,Vivo T5x 5G,Flipkart,"“Mobile Camara is average, Display is good and also battery is very","“Mobile Camara is average, Display is good and also battery is very",67,12,Good,False,Positive,0.6377
REV001278,PH033,Vivo T5x 5G,Flipkart,good.”,good.”,6,1,Very Short,False,Positive,0.838
REV001279,PH033,Vivo T5x 5G,Flipkart,“Value for money big battery very good Camera very good phone. T5X”,“Value for money big battery very good Camera very good phone. T5X”,67,12,Good,False,Positive,0.9726
REV001280,PH033,Vivo T5x 5G,Flipkart,“As per instructions mention battery will be fully charged in 45 min,“As per instructions mention battery will be fully charged in 45 min,68,12,Good,False,Neutral,0.7948
REV001281,PH033,Vivo T5x 5G,Flipkart,but couldn’t charged and moving picture not captured properly.”,but couldn’t charged and moving picture not captured properly.”,63,9,Good,False,Negative,0.7401
REV001282,PH033,Vivo T5x 5G,Flipkart,“koushik debnath debnath”,“koushik debnath debnath”,25,3,Short Review,False,Neutral,0.8318
REV001283,PH033,Vivo T5x 5G,Flipkart,“It looks very beautiful. The camera is also good and everything is,“It looks very beautiful. The camera is also good and everything is,67,12,Good,False,Positive,0.9867
REV001284,PH033,Vivo T5x 5G,Flipkart,very beautiful in all aspects. It would be better if there was a,very beautiful in all aspects. It would be better if there was a,64,13,Good,False,Positive,0.9426
REV001285,PH033,Vivo T5x 5G,Flipkart,display finger lock. I have a komzori side finger.”,display finger lock. I have a komzori side finger.”,51,9,Good,False,Neutral,0.8699
REV001286,PH033,Vivo T5x 5G,Flipkart,“Ossom mobile under 25k I like this ❤️❤️”,“Ossom mobile under 25k I like this ❤️❤️”,41,8,Good,False,Positive,0.9813
REV001287,PH033,Vivo T5x 5G,Flipkart,“It is good but it can be better.. by Ayush Raj..”,“It is good but it can be better.. by Ayush Raj..”,50,11,Good,False,Positive,0.8032
REV001288,PH033,Vivo T5x 5G,Flipkart,“Disappointed with display and fingerprint sensor it could be given,“Disappointed with display and fingerprint sensor it could be given,67,10,Good,False,Negative,0.8819
REV001289,PH033,Vivo T5x 5G,Flipkart,amoled display and on screen fingerprint sensor….. Overall good for,amoled display and on screen fingerprint sensor..... Overall good for,69,10,Good,False,Positive,0.9257
REV001290,PH033,Vivo T5x 5G,Flipkart,normal use.. price could have been around 19000 for 256 GB vari…”,normal use.. price could have been around 19000 for 256 GB vari...”,67,12,Good,False,Neutral,0.7101
REV001291,PH033,Vivo T5x 5G,Flipkart,“Mouth speaker quality is very poor”,“Mouth speaker quality is very poor”,36,6,Good,False,Negative,0.8957
REV001292,PH033,Vivo T5x 5G,Flipkart,“Best and budget phone 💥💯”,“Best and budget phone 💥💯”,26,5,Good,False,Positive,0.9679
REV001293,PH033,Vivo T5x 5G,Flipkart,“Changed to vivo however it’s a downgrade in performance.. phone,“Changed to vivo however it’s a downgrade in performance.. phone,64,10,Good,False,Neutral,0.493
REV001294,PH033,Vivo T5x 5G,Flipkart,keeps getting stuck between application.. facing screen freezing,keeps getting stuck between application.. facing screen freezing,64,8,Good,False,Negative,0.7949
REV001295,PH033,Vivo T5x 5G,Flipkart,issue already Don’t buy”,issue already Don’t buy”,24,4,Good,False,Neutral,0.5512
REV001296,PH033,Vivo T5x 5G,Flipkart,“Very good Phone good looking good camera and battery”,“Very good Phone good looking good camera and battery”,54,9,Good,False,Positive,0.9797
REV001297,PH033,Vivo T5x 5G,Flipkart,"“Nice camera quality, good working ojone”","“Nice camera quality, good working ojone”",41,6,Good,False,Positive,0.9488
REV001298,PH033,Vivo T5x 5G,Flipkart,“Product is awesome at this price.”,“Product is awesome at this price.”,35,6,Good,False,Positive,0.9796
REV001299,PH033,Vivo T5x 5G,Flipkart,“Camera quality is very nice 3 days battery backup Full 5g network,“Camera quality is very nice 3 days battery backup Full 5g network,66,12,Good,False,Positive,0.9727
REV001300,PH033,Vivo T5x 5G,Flipkart,Nice camera Good phone for games All-rounder”,Nice camera Good phone for games All-rounder”,45,7,Good,False,Positive,0.9638
REV001301,PH033,Vivo T5x 5G,Flipkart,“Great smartphone. A good camera phone with strong and long-lasting,“Great smartphone. A good camera phone with strong and long-lasting,67,10,Good,False,Positive,0.9809
REV001302,PH033,Vivo T5x 5G,Flipkart,battery.”,battery.”,9,1,Very Short,False,Neutral,0.808
REV001303,PH033,Vivo T5x 5G,Flipkart,“Decent mobile phone in this segment. very nice Display and features,“Decent mobile phone in this segment. very nice Display and features,68,11,Good,False,Positive,0.9812
REV001304,PH033,Vivo T5x 5G,Flipkart,Bigger Battery and good performance Worth buying 🙂👌👌👍”,Bigger Battery and good performance Worth buying 🙂👌👌👍”,54,8,Good,False,Positive,0.9771
REV001305,PH033,Vivo T5x 5G,Flipkart,"“It’s a great phone, but for the money 🤑💰”","“It’s a great phone, but for the money 🤑💰”",42,9,Good,False,Positive,0.9519
REV001306,PH033,Vivo T5x 5G,Flipkart,“Good phone best battery and performance Worth the money if you want,“Good phone best battery and performance Worth the money if you want,68,12,Good,False,Positive,0.9723
REV001307,PH033,Vivo T5x 5G,Flipkart,vivo brand mobile”,vivo brand mobile”,18,3,Short Review,False,Neutral,0.7272
REV001308,PH033,Vivo T5x 5G,Flipkart,"“Mobile is very good, but finger print scanner is not available on","“Mobile is very good, but finger print scanner is not available on",66,12,Good,False,Negative,0.4468
REV001309,PH033,Vivo T5x 5G,Flipkart,screen it looks very cheap.”,screen it looks very cheap.”,28,5,Good,False,Neutral,0.6316
REV001310,PH033,Vivo T5x 5G,Flipkart,“Very good mobile value for money”,“Very good mobile value for money”,34,6,Good,False,Positive,0.9499
REV001311,PH033,Vivo T5x 5G,Flipkart,“Camera quality is not muchh good . Good phone at this price”,“Camera quality is not muchh good . Good phone at this price”,61,12,Good,False,Neutral,0.4344
REV001312,PH033,Vivo T5x 5G,Flipkart,“I think I need some update to play smoothly”,“I think I need some update to play smoothly”,45,9,Good,False,Neutral,0.7413
REV001313,PH033,Vivo T5x 5G,Flipkart,“Smooth and performance good”,“Smooth and performance good”,29,4,Good,False,Positive,0.914
REV001314,PH033,Vivo T5x 5G,Flipkart,"“This vivo t5x is very cool, and it’s durability is awesome and the","“This vivo t5x is very cool, and it’s durability is awesome and the",67,13,Good,False,Positive,0.9809
REV001315,PH033,Vivo T5x 5G,Flipkart,camera feature is fabulous and lastly this phone 🤩 is best budget,camera feature is fabulous and lastly this phone 🤩 is best budget,65,12,Good,False,Positive,0.9858
REV001316,PH033,Vivo T5x 5G,Flipkart,phone and must buy for high performance and massive 7200 mah batte…”,phone and must buy for high performance and massive 7200 mah batte...”,70,12,Good,False,Positive,0.8458
REV001317,PH033,Vivo T5x 5G,Flipkart,"“, Jagatsinghapur District”","“, Jagatsinghapur District”",27,3,Short Review,False,Neutral,0.9305
REV001318,PH033,Vivo T5x 5G,Flipkart,“Battery backup very nice”,“Battery backup very nice”,26,4,Good,False,Positive,0.9752
REV001319,PH033,Vivo T5x 5G,Flipkart,"“I have been used 15 days, value for money phone, Camera is good","“I have been used 15 days, value for money phone, Camera is good",64,13,Good,False,Positive,0.9104
REV001320,PH033,Vivo T5x 5G,Flipkart,"with this price range, display is average, after that all is good.”","with this price range, display is average, after that all is good.”",67,12,Good,False,Positive,0.5841
REV001321,PH033,Vivo T5x 5G,Flipkart,“Mobile is getting hanged sometimes . Camera is good. Battery,“Mobile is getting hanged sometimes . Camera is good. Battery,61,10,Good,False,Neutral,0.533
REV001322,PH033,Vivo T5x 5G,Flipkart,awesome”,awesome”,8,1,Very Short,False,Positive,0.922
REV001323,PH033,Vivo T5x 5G,Flipkart,"“I am using Vivo T5x 8/256 , now all over good.Front Camera","“I am using Vivo T5x 8/256 , now all over good.Front Camera",59,12,Good,False,Positive,0.8508
REV001324,PH033,Vivo T5x 5G,Flipkart,"disappointed. But I will do honest review after one month,","disappointed. But I will do honest review after one month,",58,10,Good,False,Negative,0.7643
REV001325,PH033,Vivo T5x 5G,Flipkart,performance is good”,performance is good”,20,3,Short Review,False,Positive,0.9188
REV001326,PH033,Vivo T5x 5G,Flipkart,“Mobile finishing and design was too good. I love it ❤️ Camera,“Mobile finishing and design was too good. I love it ❤️ Camera,62,12,Good,False,Positive,0.9885
REV001327,PH033,Vivo T5x 5G,Flipkart,quality also owsome”,quality also owsome”,20,3,Short Review,False,Neutral,0.6434
REV001328,PH033,Vivo T5x 5G,Flipkart,“Good at everything still now Will update later after complete,“Good at everything still now Will update later after complete,62,10,Good,False,Positive,0.893
REV001329,PH033,Vivo T5x 5G,Flipkart,usage”,usage”,6,1,Very Short,False,Neutral,0.7976
REV001330,PH033,Vivo T5x 5G,Flipkart,“Product is good this price range camera is good battary is best and,“Product is good this price range camera is good battary is best and,68,13,Good,False,Positive,0.9634
REV001331,PH033,Vivo T5x 5G,Flipkart,"display, performance is also good best phone for midrange.”","display, performance is also good best phone for midrange.”",59,9,Good,False,Positive,0.9629
REV001332,PH033,Vivo T5x 5G,Flipkart,“Vivo T5x 5G is best mobile phone. Performance is too good 👍”,“Vivo T5x 5G is best mobile phone. Performance is too good 👍”,61,12,Good,False,Positive,0.9874
REV001333,PH033,Vivo T5x 5G,Flipkart,“Best phone Value of money”,“Best phone Value of money”,27,5,Good,False,Positive,0.8628
REV001334,PH033,Vivo T5x 5G,Flipkart,“Very good product Best camera Best baig battery Best performance”,“Very good product Best camera Best baig battery Best performance”,66,10,Good,False,Positive,0.9795
REV001335,PH033,Vivo T5x 5G,Flipkart,“Good camara good charges 2days”,“Good camara good charges 2days”,32,5,Good,False,Positive,0.8141
REV001336,PH033,Vivo T5x 5G,Flipkart,“Value for money and very nice performance”,“Value for money and very nice performance”,43,7,Good,False,Positive,0.9714
REV001337,PH033,Vivo T5x 5G,Flipkart,"“Very good at this price point, Camera and battery is good and","“Very good at this price point, Camera and battery is good and",62,12,Good,False,Positive,0.9713
REV001338,PH033,Vivo T5x 5G,Flipkart,overall nice experience. Writing this review after 1 week of use.”,overall nice experience. Writing this review after 1 week of use.”,66,11,Good,False,Positive,0.9738
REV001339,PH033,Vivo T5x 5G,Flipkart,“Awesome best purchase”,“Awesome best purchase”,23,3,Short Review,False,Positive,0.9817
REV001340,PH033,Vivo T5x 5G,Flipkart,"“All ok, but Display quality and Touch experience slow”","“All ok, but Display quality and Touch experience slow”",55,9,Good,False,Negative,0.7066
REV001341,PH033,Vivo T5x 5G,Flipkart,“Best 5G smartphone in this price. I really like this phone”,“Best 5G smartphone in this price. I really like this phone”,60,11,Good,False,Positive,0.9882
REV001342,PH033,Vivo T5x 5G,Flipkart,“Value for money phone”,“Value for money phone”,23,4,Good,False,Neutral,0.7243
REV001343,PH033,Vivo T5x 5G,Flipkart,“It is best for me. It is best for camera and good battery”,“It is best for me. It is best for camera and good battery”,59,13,Good,False,Positive,0.9408
REV001344,PH033,Vivo T5x 5G,Flipkart,“Masti water proof mobile value of money”,“Masti water proof mobile value of money”,41,7,Good,False,Neutral,0.7232
REV001345,PH033,Vivo T5x 5G,Flipkart,“Overall phone is good”,“Overall phone is good”,23,4,Good,False,Positive,0.8943
REV001346,PH033,Vivo T5x 5G,Flipkart,“Good Phone Daily Use.”,“Good Phone Daily Use.”,23,4,Good,False,Positive,0.8585
REV001347,PH033,Vivo T5x 5G,Flipkart,“Very nice looking and really a very good phone”,“Very nice looking and really a very good phone”,48,9,Good,False,Positive,0.9843
REV001348,PH033,Vivo T5x 5G,Flipkart,“Excellent Device from VIVO”,“Excellent Device from VIVO”,28,4,Good,False,Positive,0.9758
REV001349,PH033,Vivo T5x 5G,Flipkart,"“This mobile is best camera quality bettery performance very nice,","“This mobile is best camera quality bettery performance very nice,",66,10,Good,False,Positive,0.9842
REV001350,PH033,Vivo T5x 5G,Flipkart,"smooth running, upgrade version of t4x phone”","smooth running, upgrade version of t4x phone”",45,7,Good,False,Positive,0.8376
REV001351,PH033,Vivo T5x 5G,Flipkart,“Best phone for vivo mobile”,“Best phone for vivo mobile”,28,5,Good,False,Positive,0.9424
REV001352,PH033,Vivo T5x 5G,Flipkart,“Super product thank you flipkart and thank you vivo i really,“Super product thank you flipkart and thank you vivo i really,61,11,Good,False,Positive,0.9758
REV001353,PH033,Vivo T5x 5G,Flipkart,recommend in 5star rating From theni district tamilnadu”,recommend in 5star rating From theni district tamilnadu”,56,8,Good,False,Neutral,0.7778
REV001354,PH033,Vivo T5x 5G,Flipkart,“Product is outstanding and very useful”,“Product is outstanding and very useful”,40,6,Good,False,Positive,0.983
REV001355,PH033,Vivo T5x 5G,Flipkart,“Good camera and Good battery backup I like This Mobile”,“Good camera and Good battery backup I like This Mobile”,56,10,Good,False,Positive,0.98
REV001356,PH033,Vivo T5x 5G,Flipkart,“Worth it for money good one”,“Worth it for money good one”,29,6,Good,False,Positive,0.9318
REV001357,PH033,Vivo T5x 5G,Flipkart,“This budget is best mobile”,“This budget is best mobile”,28,5,Good,False,Positive,0.8768
REV001358,PH033,Vivo T5x 5G,Flipkart,“All good but display IPS 😢”,“All good but display IPS 😢”,28,6,Good,False,Negative,0.6607
REV001359,PH033,Vivo T5x 5G,Flipkart,“Very nice product thx Flipkart”,“Very nice product thx Flipkart”,32,5,Good,False,Positive,0.9795
REV001360,PH033,Vivo T5x 5G,Flipkart,“Camera was totally worst🤮”,“Camera was totally worst🤮”,27,4,Good,False,Negative,0.9477
REV001361,PH033,Vivo T5x 5G,Amazon,"""Best best mobile I ever get....strong sound best speed.... amazing product by vivo....no comparison....all handset fail against this t5 vivo.""","""Best best mobile I ever get....strong sound best speed.... amazing product by vivo....no comparison....all handset fail against this t5 vivo.""",143,20,Good,False,Positive,0.9777
REV001362,PH033,Vivo T5x 5G,Amazon,"""Everything is fine except display. They should have given AMOLED display. Overall good camera quality, battery life, processor speed.""","""Everything is fine except display. They should have given AMOLED display. Overall good camera quality, battery life, processor speed.""",135,19,Good,False,Positive,0.9335
REV001363,PH033,Vivo T5x 5G,Amazon,"""I am happy for Vivo T5x shopping on Amazon but the delivery agent service was very bad and did not come to the proper address.""","""I am happy for Vivo T5x shopping on Amazon but the delivery agent service was very bad and did not come to the proper address.""",128,25,Good,False,Negative,0.7057
REV001364,PH033,Vivo T5x 5G,Amazon,"""Good condition.""","""Good condition.""",17,2,Short Review,False,Positive,0.858
REV001365,PH033,Vivo T5x 5G,Amazon,"""Very slow working. Need 5 to 10 seconds to open applications and camera.""","""Very slow working. Need 5 to 10 seconds to open applications and camera.""",74,13,Good,False,Negative,0.8851
REV001366,PH033,Vivo T5x 5G,Amazon,"""Very good phone.""","""Very good phone.""",18,3,Short Review,False,Positive,0.9711
REV001367,PH033,Vivo T5x 5G,Amazon,"""Camera quality is good.""","""Camera quality is good.""",25,4,Good,False,Positive,0.9359
REV001368,PH033,Vivo T5x 5G,Amazon,"""Super mobile, all good functions.""","""Super mobile, all good functions.""",35,5,Good,False,Positive,0.9621
REV001369,PH033,Vivo T5x 5G,Amazon,"""Phone had a few minor scratches.""","""Phone had a few minor scratches.""",34,6,Good,False,Neutral,0.5441
REV001370,PH033,Vivo T5x 5G,Amazon,"""Nice look.""","""Nice look.""",12,2,Short Review,False,Positive,0.9555
REV001371,PH033,Vivo T5x 5G,Amazon,"""Value for money. Camera is decent. Sound is decent.""","""Value for money. Camera is decent. Sound is decent.""",53,9,Good,False,Positive,0.7962
REV001372,PH033,Vivo T5x 5G,Amazon,"""Good performance phone.""","""Good performance phone.""",25,3,Short Review,False,Positive,0.9464
REV001373,PH033,Vivo T5x 5G,Amazon,"""Average phone, it is hanging.""","""Average phone, it is hanging.""",31,5,Good,False,Neutral,0.4806
REV001374,PH033,Vivo T5x 5G,Amazon,"""It's a good phone.""","""It's a good phone.""",20,4,Good,False,Positive,0.9419
REV001375,PH033,Vivo T5x 5G,Amazon,"""Photo camera is beautiful.""","""Photo camera is beautiful.""",28,4,Good,False,Positive,0.9762
REV001376,PH033,Vivo T5x 5G,Amazon,"""Good.""","""Good.""",7,1,Very Short,True,Positive,0.932
REV001377,PH033,Vivo T5x 5G,Amazon,"""Excellent performance.""","""Excellent performance.""",24,2,Short Review,False,Positive,0.9748
REV001378,PH033,Vivo T5x 5G,Amazon,"""Very good.""","""Very good.""",12,2,Short Review,False,Positive,0.976
REV001379,PH033,Vivo T5x 5G,Amazon,"""Quick delivery.""","""Quick delivery.""",17,2,Short Review,False,Positive,0.5737
REV001380,PH033,Vivo T5x 5G,Amazon,"""Best phone.""","""Best phone.""",13,2,Short Review,False,Positive,0.965
REV001381,PH033,Vivo T5x 5G,Amazon,"""Very good packaging.""","""Very good packaging.""",22,3,Short Review,False,Positive,0.9691
REV001382,PH033,Vivo T5x 5G,Amazon,"""Not a good phone. Slow after a month of use.""","""Not a good phone. Slow after a month of use.""",46,10,Good,False,Negative,0.9333
REV001383,PH033,Vivo T5x 5G,Amazon,"""Phone is slow and hangs.""","""Phone is slow and hangs.""",26,5,Good,False,Negative,0.8414
REV001384,PH033,Vivo T5x 5G,Amazon,"""Processor speed is very low. Not recommended for ₹22,000.""","""Processor speed is very low. Not recommended for ₹22,000.""",59,9,Good,False,Negative,0.8942
REV001385,PH033,Vivo T5x 5G,Amazon,"""Cellphone is not working properly and I need to replace it. Do not buy this phone.""","""Cellphone is not working properly and I need to replace it. Do not buy this phone.""",84,16,Good,False,Negative,0.9377
REV001386,PH033,Vivo T5x 5G,Amazon,"""Phone is heating after only 2 days of purchase. Charging is slow in this range.""","""Phone is heating after only 2 days of purchase. Charging is slow in this range.""",81,15,Good,False,Negative,0.7519
REV001387,PH033,Vivo T5x 5G,Amazon,"""Very bad mobile. Memory card slot not available. Mobile works slowly and is expensive. Don't purchase.""","""Very bad mobile. Memory card slot not available. Mobile works slowly and is expensive. Don't purchase.""",104,16,Good,False,Negative,0.9416
REV001388,PH033,Vivo T5x 5G,Amazon,"""This is the worst phone I have ever used. Even with such a powerful processor, it hangs and lags a lot. I regret buying it.""","""This is the worst phone I have ever used. Even with such a powerful processor, it hangs and lags a lot. I regret buying it.""",125,25,Good,False,Negative,0.9637
REV001389,PH033,Vivo T5x 5G,Amazon,"""Worst service. Exchange phone was not accepted even though it was in working condition.""","""Worst service. Exchange phone was not accepted even though it was in working condition.""",89,14,Good,False,Negative,0.9193
REV001390,PH033,Vivo T5x 5G,Amazon,"""Warning: Do NOT buy the Vivo T5x. Within one week the phone hangs frequently and is extremely slow. Worst performance I’ve experienced. Very disappointed.""","""Warning: Do NOT buy the Vivo T5x. Within one week the phone hangs frequently and is extremely slow. Worst performance I’ve experienced. Very disappointed.""",156,24,Good,False,Negative,0.9527
REV001391,PH033,Vivo T5x 5G,Amazon,"""Please don't buy it. The camera is very bad and the battery is average. Vivo cheated me for ₹23,000. Useless product.""","""Please don't buy it. The camera is very bad and the battery is average. Vivo cheated me for ₹23,000. Useless product.""",119,21,Good,False,Negative,0.9477
REV001392,PH034,Oppo K14 5G,Flipkart,"""Very good product""","""Very good product""",19,3,Short Review,False,Positive,0.9724
REV001393,PH034,Oppo K14 5G,Flipkart,"""Very nice 🙂 phone""","""Very nice 🙂 phone""",19,4,Good,False,Positive,0.9764
REV001394,PH034,Oppo K14 5G,Flipkart,"""Good""","""Good""",6,1,Very Short,False,Positive,0.7658
REV001395,PH034,Oppo K14 5G,Flipkart,"""Recently bought K14 6-128, average phone performance, battery, refresh rate wise good and value for money also the main difference is camera and display camera has average picture clarity which can't ... more""","""Recently bought K14 6-128, average phone performance, battery, refresh rate wise good and value for money also the main difference is camera and display camera has average picture clarity which can't ... more""",210,33,Good,False,Positive,0.8067
REV001396,PH034,Oppo K14 5G,Flipkart,"""Very good""","""Very good""",11,2,Short Review,False,Positive,0.9648
REV001397,PH034,Oppo K14 5G,Flipkart,"""Camera was bad don't buy this product it's below average phone try another series""","""Camera was bad don't buy this product it's below average phone try another series""",83,14,Good,False,Negative,0.9368
REV001398,PH034,Oppo K14 5G,Flipkart,"""Value for money""","""Value for money""",17,3,Short Review,False,Neutral,0.7623
REV001399,PH034,Oppo K14 5G,Flipkart,"""Best value for money""","""Best value for money""",22,4,Good,False,Positive,0.8847
REV001400,PH034,Oppo K14 5G,Flipkart,"""Very nice product for normal use.""","""Very nice product for normal use.""",35,6,Good,False,Positive,0.9811
REV001401,PH034,Oppo K14 5G,Flipkart,"""Good mobile""","""Good mobile""",13,2,Short Review,False,Positive,0.7661
REV001402,PH034,Oppo K14 5G,Flipkart,"""Good product""","""Good product""",14,2,Short Review,False,Positive,0.8975
REV001403,PH034,Oppo K14 5G,Flipkart,"""Good camera","""Good camera",12,2,Short Review,False,Positive,0.8535
REV001404,PH034,Oppo K14 5G,Flipkart,Good battery,Good battery,12,2,Short Review,False,Positive,0.8254
REV001405,PH034,Oppo K14 5G,Flipkart,"But display is so bad in this price range""","But display is so bad in this price range""",42,9,Good,False,Negative,0.874
REV001406,PH034,Oppo K14 5G,Flipkart,"""Very nice looking for good thank uu flipkart""","""Very nice looking for good thank uu flipkart""",46,8,Good,False,Positive,0.9755
REV001407,PH034,Oppo K14 5G,Flipkart,"""Very good product. Even one should purchase it. It's Ai erazer feature also very ohsam.""","""Very good product. Even one should purchase it. It's Ai erazer feature also very ohsam.""",89,15,Good,False,Positive,0.9825
REV001408,PH034,Oppo K14 5G,Flipkart,"""Very good phone in this range""","""Very good phone in this range""",31,6,Good,False,Positive,0.9762
REV001409,PH034,Oppo K14 5G,Flipkart,"""Ok""","""Ok""",4,1,Very Short,False,Neutral,0.61
REV001410,PH034,Oppo K14 5G,Flipkart,"""Very nice""","""Very nice""",11,2,Short Review,False,Positive,0.9701
REV001411,PH034,Oppo K14 5G,Flipkart,"""Nice""","""Nice""",6,1,Very Short,False,Positive,0.8956
REV001412,PH034,Oppo K14 5G,Flipkart,"""Very good phone.This is working well""","""Very good phone.This is working well""",38,6,Good,False,Positive,0.9838
REV001413,PH034,Oppo K14 5G,Flipkart,"""Good photo good phone""","""Good photo good phone""",23,4,Good,False,Positive,0.9598
REV001414,PH034,Oppo K14 5G,Flipkart,"""Nice product""","""Nice product""",14,2,Short Review,False,Positive,0.9526
REV001415,PH034,Oppo K14 5G,Flipkart,"""Not very good performance and camera also not good in this price""","""Not very good performance and camera also not good in this price""",66,12,Good,False,Negative,0.9341
REV001416,PH034,Oppo K14 5G,Flipkart,"""Overall best mobile...","""Overall best mobile...",23,3,Short Review,False,Positive,0.9558
REV001417,PH034,Oppo K14 5G,Flipkart,Oppo k 14 5G,Oppo k 14 5G,12,4,Good,False,Neutral,0.8317
REV001418,PH034,Oppo K14 5G,Flipkart,"Mobile is good quality product picture and sound smoothly working with the video and""","Mobile is good quality product picture and sound smoothly working with the video and""",85,14,Good,False,Positive,0.9345
REV001419,PH034,Oppo K14 5G,Flipkart,"""Very nice project""","""Very nice project""",19,3,Short Review,False,Positive,0.9764
REV001420,PH034,Oppo K14 5G,Flipkart,"""Darun""","""Darun""",7,1,Very Short,False,Neutral,0.8383
REV001421,PH034,Oppo K14 5G,Flipkart,"""very good for gaming and battery usage is very long""","""very good for gaming and battery usage is very long""",53,10,Good,False,Positive,0.9385
REV001422,PH034,Oppo K14 5G,Flipkart,"""Exllent Overall Good""","""Exllent Overall Good""",22,3,Short Review,False,Positive,0.9273
REV001423,PH034,Oppo K14 5G,Flipkart,"""Nice and worth for money""","""Nice and worth for money""",26,5,Good,False,Positive,0.8729
REV001424,PH034,Oppo K14 5G,Flipkart,"""Plz don't buy any product e Cart beaz there are cheeting customer and""","""Plz don't buy any product e Cart beaz there are cheeting customer and""",71,13,Good,False,Negative,0.7651
REV001425,PH034,Oppo K14 5G,Flipkart,"""Phone is good but too heavy to carry.""","""Phone is good but too heavy to carry.""",39,8,Good,False,Positive,0.5915
REV001426,PH034,Oppo K14 5G,Flipkart,"""Just an average phone""","""Just an average phone""",23,4,Good,False,Neutral,0.6182
REV001427,PH034,Oppo K14 5G,Flipkart,"""Very bad phone, there is no return now please think before buy, otherwise you guys will bad. Compare to this old phones best.","""Very bad phone, there is no return now please think before buy, otherwise you guys will bad. Compare to this old phones best.",126,23,Good,False,Negative,0.9359
REV001428,PH034,Oppo K14 5G,Flipkart,"Note the camera is not properly working...""","Note the camera is not properly working...""",43,7,Good,False,Negative,0.7858
REV001429,PH034,Oppo K14 5G,Flipkart,"""CAMERA Quality is average""","""CAMERA Quality is average""",27,4,Good,False,Negative,0.8156
REV001430,PH034,Oppo K14 5G,Flipkart,"""Very nice phone quality""","""Very nice phone quality""",25,4,Good,False,Positive,0.9737
REV001431,PH034,Oppo K14 5G,Flipkart,"""Good 👍""","""Good 👍""",8,2,Short Review,False,Positive,0.9672
REV001432,PH034,Oppo K14 5G,Flipkart,"""Super""","""Super""",7,1,Very Short,False,Neutral,0.6928
REV001433,PH034,Oppo K14 5G,Flipkart,"""All is wael""","""All is wael""",13,3,Short Review,False,Neutral,0.7978
REV001434,PH034,Oppo K14 5G,Flipkart,"""Hai i am Nanaji i recently OPPO k14 mobile 2 days working after very heat the mobile and very worst the mobile","""Hai i am Nanaji i recently OPPO k14 mobile 2 days working after very heat the mobile and very worst the mobile",111,22,Good,False,Negative,0.7563
REV001435,PH034,Oppo K14 5G,Flipkart,"Please everyone don't purchase the OPPO mobile....😔😔🥲🥲""","Please everyone don't purchase the OPPO mobile....😔😔🥲🥲""",55,7,Good,False,Negative,0.9012
REV001436,PH034,Oppo K14 5G,Flipkart,"""Very Nice. Good product.""","""Very Nice. Good product.""",26,4,Good,False,Positive,0.9824
REV001437,PH034,Oppo K14 5G,Flipkart,"""Average phone""","""Average phone""",15,2,Short Review,False,Neutral,0.6644
REV001438,PH034,Oppo K14 5G,Flipkart,"""Display not good. Camera quality is very poor. When I tried to return it , it doesn't work. Just Trash""","""Display not good. Camera quality is very poor. When I tried to return it , it doesn't work. Just Trash""",104,20,Good,False,Negative,0.9408
REV001439,PH034,Oppo K14 5G,Flipkart,"""Front camera is ok but rear camera (back camera) is not a good quality and not satisfied with rear camera""","""Front camera is ok but rear camera (back camera) is not a good quality and not satisfied with rear camera""",107,20,Good,False,Negative,0.807
REV001440,PH034,Oppo K14 5G,Flipkart,"""Overall a good phone ..... You can go for it blindly.""","""Overall a good phone ..... You can go for it blindly.""",55,11,Good,False,Positive,0.9508
REV001441,PH034,Oppo K14 5G,Flipkart,"""Nice phone. Battery back very good..""","""Nice phone. Battery back very good..""",38,6,Good,False,Positive,0.9844
REV001442,PH034,Oppo K14 5G,Flipkart,"""Value For Munny Pro""","""Value For Munny Pro""",21,4,Good,False,Neutral,0.7635
REV001443,PH034,Oppo K14 5G,Flipkart,"""Camera quality was very poor 💩""","""Camera quality was very poor 💩""",32,6,Good,False,Negative,0.9489
REV001444,PH034,Oppo K14 5G,Flipkart,"""Best phone under this segment.""","""Best phone under this segment.""",32,5,Good,False,Positive,0.9661
REV001445,PH034,Oppo K14 5G,Flipkart,"""Camera quality is not as expected.""","""Camera quality is not as expected.""",36,6,Good,False,Negative,0.7604
REV001446,PH034,Oppo K14 5G,Flipkart,"""Camera is very bad.","""Camera is very bad.",20,4,Good,False,Negative,0.9316
REV001447,PH034,Oppo K14 5G,Flipkart,"Not good""","Not good""",9,2,Short Review,False,Negative,0.7947
REV001448,PH034,Oppo K14 5G,Flipkart,"""Good Product""","""Good Product""",14,2,Short Review,True,Positive,0.9145
REV001449,PH034,Oppo K14 5G,Flipkart,"""The quality and performance of mobile is very unsatisfactory","""The quality and performance of mobile is very unsatisfactory",61,9,Good,False,Negative,0.9197
REV001450,PH034,Oppo K14 5G,Flipkart,"Mobile is getting hot even if we charge for 15 minutes.""","Mobile is getting hot even if we charge for 15 minutes.""",56,11,Good,False,Neutral,0.5479
REV001451,PH034,Oppo K14 5G,Flipkart,"""Good nice""","""Good nice""",11,2,Short Review,False,Positive,0.9479
REV001452,PH034,Oppo K14 5G,Flipkart,"""Besttt""","""Besttt""",8,1,Very Short,False,Positive,0.9295
REV001453,PH034,Oppo K14 5G,Flipkart,"""Camera quality bad""","""Camera quality bad""",20,3,Short Review,False,Negative,0.8418
REV001454,PH034,Oppo K14 5G,Flipkart,"""Very nice pardoct""","""Very nice pardoct""",19,3,Short Review,False,Positive,0.973
REV001455,PH034,Oppo K14 5G,Flipkart,"""Camera is too bad and too blur photos , battery is better it will be use one full day, display is better performance is ok,","""Camera is too bad and too blur photos , battery is better it will be use one full day, display is better performance is ok,",124,25,Good,False,Positive,0.4921
REV001456,PH034,Oppo K14 5G,Flipkart,"Building quality is ok but too weight,","Building quality is ok but too weight,",38,7,Good,False,Neutral,0.6191
REV001457,PH034,Oppo K14 5G,Flipkart,"And lastly phone is heated ....""","And lastly phone is heated ....""",32,6,Good,False,Neutral,0.5007
REV001458,PH034,Oppo K14 5G,Flipkart,"""Camera quality is very poor just like VGA camera""","""Camera quality is very poor just like VGA camera""",50,9,Good,False,Negative,0.8954
REV001459,PH034,Oppo K14 5G,Flipkart,"""Camera is very bad is not god""","""Camera is very bad is not god""",31,7,Good,False,Negative,0.9183
REV001460,PH034,Oppo K14 5G,Flipkart,"""Mic is not working properly""","""Mic is not working properly""",29,5,Good,False,Negative,0.7349
REV001461,PH034,Oppo K14 5G,Flipkart,"""Excellent""","""Excellent""",11,1,Very Short,False,Positive,0.9634
REV001462,PH034,Oppo K14 5G,Flipkart,"""Super 👌 👍 😍 🥰""","""Super 👌 👍 😍 🥰""",15,5,Good,False,Positive,0.9883
REV001463,PH034,Oppo K14 5G,Flipkart,"""Good but price high""","""Good but price high""",21,4,Good,False,Neutral,0.4917
REV001464,PH034,Oppo K14 5G,Flipkart,"""Ok report""","""Ok report""",11,2,Short Review,False,Neutral,0.862
REV001465,PH034,Oppo K14 5G,Flipkart,"""Over heating issue""","""Over heating issue""",20,3,Short Review,False,Negative,0.5095
REV001466,PH034,Oppo K14 5G,Flipkart,"""V Good""","""V Good""",8,2,Short Review,False,Positive,0.881
REV001467,PH034,Oppo K14 5G,Flipkart,"""Side mount print not working within 4days""","""Side mount print not working within 4days""",43,7,Good,False,Negative,0.8545
REV001468,PH034,Oppo K14 5G,Flipkart,"""Overall, the OPPO K14 is a good value-for-money smartphone with balanced performance and useful features. .The battery life is impressive and easily lasts through a full day of regular use.""","""Overall, the OPPO K14 is a good value-for-money smartphone with balanced performance and useful features. .The battery life is impressive and easily lasts through a full day of regular use.""",191,30,Good,False,Positive,0.9735
REV001469,PH034,Oppo K14 5G,Flipkart,"""Phn hang""","""Phn hang""",10,2,Short Review,False,Neutral,0.8335
REV001470,PH034,Oppo K14 5G,Flipkart,"""Nice phone""","""Nice phone""",12,2,Short Review,False,Positive,0.9101
REV001471,PH034,Oppo K14 5G,Flipkart,"""Camera quality very very poor""","""Camera quality very very poor""",31,5,Good,False,Negative,0.9076
REV001472,PH034,Oppo K14 5G,Flipkart,"""Best mobile with good features, value for money.""","""Best mobile with good features, value for money.""",50,8,Good,False,Positive,0.974
REV001473,PH034,Oppo K14 5G,Flipkart,"""It was not suitable for gam""","""It was not suitable for gam""",29,6,Good,False,Negative,0.775
REV001474,PH034,Oppo K14 5G,Flipkart,"""Good product""","""Good product""",14,2,Short Review,True,Positive,0.8975
REV001475,PH034,Oppo K14 5G,Flipkart,"""Very nice product""","""Very nice product""",19,3,Short Review,False,Positive,0.9774
REV001476,PH034,Oppo K14 5G,Flipkart,"""Superr product""","""Superr product""",16,2,Short Review,False,Neutral,0.7253
REV001477,PH034,Oppo K14 5G,Flipkart,"""Fantastic""","""Fantastic""",11,1,Very Short,False,Positive,0.966
REV001478,PH034,Oppo K14 5G,Amazon,"""Camera are not good camera quality is good back and front camera quality is very poor and also speaker are not good.""","""Camera are not good camera quality is good back and front camera quality is very poor and also speaker are not good.""",118,22,Good,False,Negative,0.8687
REV001479,PH034,Oppo K14 5G,Amazon,"""PLEASE JUST DON'T GO FOR THIS SCRAP…""","""PLEASE JUST DON'T GO FOR THIS SCRAP...""",40,7,Good,False,Negative,0.9189
REV001480,PH034,Oppo K14 5G,Amazon,"""Good""","""Good""",6,1,Very Short,True,Positive,0.7658
REV001481,PH035,LAVA Bold 2 5G,Amazon,"""The packaging of the product was good and received exactly as described and on the same delivery day. The design of the phone is quite impressive, I liked it. The amoled display is impressive with the dual speaker which is loud and decent. But the camera quality is not that good and I noticed the battery drains quickly as compared to my previous phone and heats up too. I also noticed slight lag in the UI sometimes ,other then that no issue at all and you can go for this phone. Around one hour,it almost full charges if we don't use the phone while charging but it takes more time if we use the phone while charging. I hope the battery draining issue resolves soon in a new software update and the camera quality gets better too. Overall, it's an Indian brand and we all should keep supporting to make a better future. Thankyou""","""The packaging of the product was good and received exactly as described and on the same delivery day. The design of the phone is quite impressive, I liked it. The amoled display is impressive with the dual speaker which is loud and decent. But the camera quality is not that good and I noticed the battery drains quickly as compared to my previous phone and heats up too. I also noticed slight lag in the UI sometimes ,other then that no issue at all and you can go for this phone. Around one hour,it almost full charges if we don't use the phone while charging but it takes more time if we use the phone while charging. I hope the battery draining issue resolves soon in a new software update and the camera quality gets better too. Overall, it's an Indian brand and we all should keep supporting to make a better future. Thankyou""",833,154,Good,False,Positive,0.9305
REV001482,PH035,LAVA Bold 2 5G,Amazon,"""For the price- it is a very good phone. Clean software, nice display, sufficient features. Although camera is average, but in my case it was never a priority. Battery life is decent but it's been only a day so will test it more. Processor is good enough for daily tasks not gaming or high intensity activity. Design is nice. Headphone jack (3.5mm) is missing, it should have been given. As for software update (1 year). Security update (2 years) could have been more than 1 and 2 years. I would recommend this phone for daily use and heavy tasks. The amazon service has gotten worse in the few past years. I ordered this phone on 14 may it showed delivery on 20 may, but when I completed the payment the delivery date changed to 26 may. Phone was dispatched on 21 may evening. Although I got it on 25 a day before the changed delivery date. The delivery experience was not good at all, had me worried if I was going to get the phone itself or not. Everybody knows how many types of scams are going on in our country.""","""For the price- it is a very good phone. Clean software, nice display, sufficient features. Although camera is average, but in my case it was never a priority. Battery life is decent but it's been only a day so will test it more. Processor is good enough for daily tasks not gaming or high intensity activity. Design is nice. Headphone jack (3.5mm) is missing, it should have been given. As for software update (1 year). Security update (2 years) could have been more than 1 and 2 years. I would recommend this phone for daily use and heavy tasks. The amazon service has gotten worse in the few past years. I ordered this phone on 14 may it showed delivery on 20 may, but when I completed the payment the delivery date changed to 26 may. Phone was dispatched on 21 may evening. Although I got it on 25 a day before the changed delivery date. The delivery experience was not good at all, had me worried if I was going to get the phone itself or not. Everybody knows how many types of scams are going on in our country.""",1018,191,Good,False,Positive,0.6745
REV001483,PH035,LAVA Bold 2 5G,Amazon,"""This phone is just amazing! in this price range. I was worried at first and could not find much review online of this phone and its photo but I purchased it just by looking at its features. It has a good processor, enough ram (6Gb) and moderate cameras. Front camera provides good selfie in day in good light but not very clear in dim light. It's amazing how they have bundled together so many features in this price range. I tried playing NFS game it runs smoothly. Display is HDR supported tried on youtube hdr videos. It was launched in April, 2026 so it has around 2 years of system updates. I really wish Lava tops the market in future. Thank you lava for bringing this amazing phone.""","""This phone is just amazing! in this price range. I was worried at first and could not find much review online of this phone and its photo but I purchased it just by looking at its features. It has a good processor, enough ram (6Gb) and moderate cameras. Front camera provides good selfie in day in good light but not very clear in dim light. It's amazing how they have bundled together so many features in this price range. I tried playing NFS game it runs smoothly. Display is HDR supported tried on youtube hdr videos. It was launched in April, 2026 so it has around 2 years of system updates. I really wish Lava tops the market in future. Thank you lava for bringing this amazing phone.""",691,128,Good,False,Positive,0.9701
REV001484,PH035,LAVA Bold 2 5G,Amazon,"""Other than some heating issues in the peak summer months, everything other is more than expected. I can't imagine this display, speaker, and processor in this price. The display, performance, speaker, everything is good. Even the camera is decent as of its price. I loved the background stream feature and the in display fingerprint sensor is working well. Appearance is good but i would suggest buying the black one ignoring the official images. Charging and battery is same as stated, easily lasts one day.""","""Other than some heating issues in the peak summer months, everything other is more than expected. I can't imagine this display, speaker, and processor in this price. The display, performance, speaker, everything is good. Even the camera is decent as of its price. I loved the background stream feature and the in display fingerprint sensor is working well. Appearance is good but i would suggest buying the black one ignoring the official images. Charging and battery is same as stated, easily lasts one day.""",510,84,Good,False,Positive,0.8093
REV001485,PH035,LAVA Bold 2 5G,Amazon,"""This is a very good product for the price . It's slim and light weight but build is good . Its display is good and day to day task is easy . Little slow to respond but still good enough .it came with a BIS certified fast charger and cable , both are of very good quality . Specially the power cable is thick and durable 👌.overall very happy with purchase till now . I bought it for navigation on motorcycle, will wait and see how it performs. Big thumbs up 👍 to team lava and make in India 🇮🇳!""","""This is a very good product for the price . It's slim and light weight but build is good . Its display is good and day to day task is easy . Little slow to respond but still good enough .it came with a BIS certified fast charger and cable , both are of very good quality . Specially the power cable is thick and durable 👌.overall very happy with purchase till now . I bought it for navigation on motorcycle, will wait and see how it performs. Big thumbs up 👍 to team lava and make in India 🇮🇳!""",495,100,Good,False,Positive,0.975
REV001486,PH035,LAVA Bold 2 5G,Amazon,"""Considering the Price and the specs that this brand offered is what many brand lacks now a days solely for cost-cuttings, and fit themselves in a specific price bracket with definitely low features than this one. Punch-Hole Amoled Display, Indisplay fingerprint sensor, Android 15 out of box with Android 16 Assured and 2 years of security patch software updates, 50 MP rear camera which gives good quality photos, 8 MP front average quality photos, the processor is great for normal everyday tasks without any lags or gitters, battery and the 33w fast charging is great at this price. Overall a great device to consider under this budget of 11500-12500 price bracket. I'm a Galaxy S24 Ultra user, for me the software and camera are the top priorities, I found this phone perfectly fitting in bridging the gap between low range and mid range phones. Few things I didn't liked in terms of software more refinement is needed to organize it more categorically. For other things, basic software level fine tuning with future updates would definitely turn this phone as a budget best. Got to know this a rebranded version of previously launched phone Lava Blaze Amoled 2. Don't know why they have to rebrand it again as Lava Bold 2. Rest, currently I'm testing the phone very minutely in day-to-day real world scenarios. I'll further tune this review accordingly and add HQ Pictures after a week or so.""","""Considering the Price and the specs that this brand offered is what many brand lacks now a days solely for cost-cuttings, and fit themselves in a specific price bracket with definitely low features than this one. Punch-Hole Amoled Display, Indisplay fingerprint sensor, Android 15 out of box with Android 16 Assured and 2 years of security patch software updates, 50 MP rear camera which gives good quality photos, 8 MP front average quality photos, the processor is great for normal everyday tasks without any lags or gitters, battery and the 33w fast charging is great at this price. Overall a great device to consider under this budget of 11500-12500 price bracket. I'm a Galaxy S24 Ultra user, for me the software and camera are the top priorities, I found this phone perfectly fitting in bridging the gap between low range and mid range phones. Few things I didn't liked in terms of software more refinement is needed to organize it more categorically. For other things, basic software level fine tuning with future updates would definitely turn this phone as a budget best. Got to know this a rebranded version of previously launched phone Lava Blaze Amoled 2. Don't know why they have to rebrand it again as Lava Bold 2. Rest, currently I'm testing the phone very minutely in day-to-day real world scenarios. I'll further tune this review accordingly and add HQ Pictures after a week or so.""",1399,238,Good,False,Neutral,0.5094
REV001487,PH035,LAVA Bold 2 5G,Amazon,"""Looking at the price theres not much to complain. Its just that i didnt find the camera good. Although i am not sure how cameras are supposed to be in this proce range. Low light photos are grainy and not sharp. Also i feel that they should also give better battery packs. Since everyone's goving 6-7k mah""","""Looking at the price theres not much to complain. Its just that i didnt find the camera good. Although i am not sure how cameras are supposed to be in this proce range. Low light photos are grainy and not sharp. Also i feel that they should also give better battery packs. Since everyone's goving 6-7k mah""",307,57,Good,False,Negative,0.8072
REV001488,PH035,LAVA Bold 2 5G,Amazon,"""Been 17 days of use. Sound, camera, fingerprint reader, performance, and screen resolution are very good. No heating issues. It takes almost 1.5 hrs for a full charge. The only disappointment is that the battery drain is faster than expected.""","""Been 17 days of use. Sound, camera, fingerprint reader, performance, and screen resolution are very good. No heating issues. It takes almost 1.5 hrs for a full charge. The only disappointment is that the battery drain is faster than expected.""",244,40,Good,False,Positive,0.8821
REV001489,PH035,LAVA Bold 2 5G,Amazon,"""Good""","""Good""",6,1,Very Short,False,Positive,0.7658
REV001490,PH035,LAVA Bold 2 5G,Amazon,"""I receive genuine product from amazon. Smartphone review. Display- Excellent with Indisplay fingerprint. Battery-Good with no heating. Storage-Very Good. Camera- Good. Connectivity-Very good. Sound- Excellent.""","""I receive genuine product from amazon. Smartphone review. Display- Excellent with Indisplay fingerprint. Battery-Good with no heating. Storage-Very Good. Camera- Good. Connectivity-Very good. Sound- Excellent.""",211,25,Good,False,Positive,0.9543
REV001491,PH035,LAVA Bold 2 5G,Amazon,"""best camera phone look also good with indian brand""","""best camera phone look also good with indian brand""",52,9,Good,False,Positive,0.9681
REV001492,PH035,LAVA Bold 2 5G,Amazon,"""Good mobile""","""Good mobile""",13,2,Short Review,False,Positive,0.7661
REV001493,PH035,LAVA Bold 2 5G,Amazon,"""Other than camera, overall phone is good and best in this price sagement. Camera is very low than other phone. Except camera, i must recommended to buy this phone for daily use.""","""Other than camera, overall phone is good and best in this price sagement. Camera is very low than other phone. Except camera, i must recommended to buy this phone for daily use.""",179,32,Good,False,Positive,0.9409
REV001494,PH035,LAVA Bold 2 5G,Amazon,"""Good at price, camera okay, display ok speed good, battery ok""","""Good at price, camera okay, display ok speed good, battery ok""",63,11,Good,False,Positive,0.8978
REV001495,PH035,LAVA Bold 2 5G,Amazon,"""Amazing""","""Amazing""",9,1,Very Short,False,Positive,0.9573
REV001496,PH035,LAVA Bold 2 5G,Amazon,"""It's a good phone, no doubt, but the screen protector is neither factory applied nor does it come with the box. (It's a scam) Very disappointing. Please don't spoil your reputation over a screen protector.""","""It's a good phone, no doubt, but the screen protector is neither factory applied nor does it come with the box. (It's a scam) Very disappointing. Please don't spoil your reputation over a screen protector.""",207,35,Good,False,Negative,0.9019
REV001497,PH035,LAVA Bold 2 5G,Amazon,"""Mobile 📱 good""","""Mobile 📱 good""",15,3,Short Review,False,Positive,0.895
REV001498,PH035,LAVA Bold 2 5G,Amazon,"""Good 👍""","""Good 👍""",8,2,Short Review,False,Positive,0.9672
REV001499,PH035,LAVA Bold 2 5G,Amazon,"""Good phone""","""Good phone""",12,2,Short Review,False,Positive,0.87
REV001500,PH035,LAVA Bold 2 5G,Amazon,"""A good phone in the budget. Good things - 1 - AMOLED screen 2 - low weight 3 - network connectivity is excellent 4 - clean user interface/stock Android 5 - camera according to budget 6 - average design is fine. Fine - 1 - battery 5000 mah whereas other companies are currently offering 6000-7000 mah. 2- The refresh rate is 120 but only in the user interface. The app gets 60 Hz, which absolutely spoils the mood. 3- Software updates are nothing special. Must be at least 3+2. It's an average phone. If you improve the software, you can become fantastic.""","""A good phone in the budget. Good things - 1 - AMOLED screen 2 - low weight 3 - network connectivity is excellent 4 - clean user interface/stock Android 5 - camera according to budget 6 - average design is fine. Fine - 1 - battery 5000 mah whereas other companies are currently offering 6000-7000 mah. 2- The refresh rate is 120 but only in the user interface. The app gets 60 Hz, which absolutely spoils the mood. 3- Software updates are nothing special. Must be at least 3+2. It's an average phone. If you improve the software, you can become fantastic.""",556,102,Good,False,Positive,0.8928
REV001501,PH035,LAVA Bold 2 5G,Amazon,"""Our relatives and we have been using Lava smartphones for last 4-5 years. Lava phones' quality and durability is very good. They do not become sluggish or lose battery capacity. The only issues I see is that they are slow in providing security updates. And they have extremely few service centers as they provide home service, which is a bit costly. About this phone Lava Bold 2 5 G .. This is a relaunched version of Lava Amoled 2. The phone's AMOLED display, stereo speakers, and overall fit and finish is very good. It takes around 90 minutes to charge from 0 to 100 % i.e., around one minute for every one percent of charge using the Lava charger that comes with the phone. The camera is decent, tuned for low-light photos and provides true colors. The phone comes with Android 15 with 1 year OS and 2 years security upgrades. Lava should add a battery protection feature to avoid the battery getting overcharged. The phone has background streaming feature and call recording. Overall, I highly recommend this phone. Good job by Lava...""","""Our relatives and we have been using Lava smartphones for last 4-5 years. Lava phones' quality and durability is very good. They do not become sluggish or lose battery capacity. The only issues I see is that they are slow in providing security updates. And they have extremely few service centers as they provide home service, which is a bit costly. About this phone Lava Bold 2 5 G .. This is a relaunched version of Lava Amoled 2. The phone's AMOLED display, stereo speakers, and overall fit and finish is very good. It takes around 90 minutes to charge from 0 to 100 % i.e., around one minute for every one percent of charge using the Lava charger that comes with the phone. The camera is decent, tuned for low-light photos and provides true colors. The phone comes with Android 15 with 1 year OS and 2 years security upgrades. Lava should add a battery protection feature to avoid the battery getting overcharged. The phone has background streaming feature and call recording. Overall, I highly recommend this phone. Good job by Lava...""",1042,183,Good,False,Positive,0.8017
REV001502,PH035,LAVA Bold 2 5G,Amazon,"""I bought the Lava Bold 2 on 28/09/2026. I have checked all the overall functions. The phone is good, though not excellent. A drawback is that there is no noise cancellation option during calls. The phone is lightweight and looks good. I am not concerned about the camera quality, so it is fine for me. I mainly prefer stock Android and smooth performance, and in that aspect, this mobile performs well. I bought the Lava Bold 2 mobile on 28/09/2026. I saw all the functions of this mobile. The mobile is good, but not very good. One drawback is that there is no noise cancellation feature when talking. This mobile is light and with a good appearance. I don't care about the camera, so it is just right. I mainly saw stock Android and performance. In that sense this mobile offers good performance.""","""I bought the Lava Bold 2 on 28/09/2026. I have checked all the overall functions. The phone is good, though not excellent. A drawback is that there is no noise cancellation option during calls. The phone is lightweight and looks good. I am not concerned about the camera quality, so it is fine for me. I mainly prefer stock Android and smooth performance, and in that aspect, this mobile performs well. I bought the Lava Bold 2 mobile on 28/09/2026. I saw all the functions of this mobile. The mobile is good, but not very good. One drawback is that there is no noise cancellation feature when talking. This mobile is light and with a good appearance. I don't care about the camera, so it is just right. I mainly saw stock Android and performance. In that sense this mobile offers good performance.""",800,143,Good,False,Positive,0.666
REV001503,PH035,LAVA Bold 2 5G,Amazon,"""Very nice 👍""","""Very nice 👍""",13,3,Short Review,False,Positive,0.9821
REV001504,PH035,LAVA Bold 2 5G,Amazon,"""Everything is good but no screen guard. In the box, screen guard is mentioned in product page, should not mention if not providing, everything is okay.""","""Everything is good but no screen guard. In the box, screen guard is mentioned in product page, should not mention if not providing, everything is okay.""",153,26,Good,False,Positive,0.7033
REV001505,PH035,LAVA Bold 2 5G,Amazon,"""Phone Good but batry backup not good""","""Phone Good but batry backup not good""",38,7,Good,False,Negative,0.6089
REV001506,PH035,LAVA Bold 2 5G,Amazon,"""Price worth it. Not any single company give you 5g phone with 6 gb ram and 128 gb storage... shopkeeper also said that many mobile phones prices raises in this year so thank you lava company. original product given by amazon phone looks good with this price.""","""Price worth it. Not any single company give you 5g phone with 6 gb ram and 128 gb storage... shopkeeper also said that many mobile phones prices raises in this year so thank you lava company. original product given by amazon phone looks good with this price.""",260,47,Good,False,Positive,0.8656
REV001507,PH035,LAVA Bold 2 5G,Amazon,"""Very clean stock android experience with good performance phone in this price range and display was so good and bright colour accuracy with this price range and value for money.""","""Very clean stock android experience with good performance phone in this price range and display was so good and bright colour accuracy with this price range and value for money.""",179,30,Good,False,Positive,0.9799
REV001508,PH035,LAVA Bold 2 5G,Amazon,"""Super Phone 📱""","""Super Phone 📱""",15,3,Short Review,False,Neutral,0.6371
REV001509,PH035,LAVA Bold 2 5G,Amazon,"""Charging is too slow but performance good, good phone in this price segment.""","""Charging is too slow but performance good, good phone in this price segment.""",78,13,Good,False,Positive,0.8923
REV001510,PH035,LAVA Bold 2 5G,Amazon,"""I don't understand if the screen of this mobile is covered with glass or will it have to be installed separately? By the way, the performance of the phone is tremendous.""","""I don't understand if the screen of this mobile is covered with glass or will it have to be installed separately? By the way, the performance of the phone is tremendous.""",171,31,Good,False,Positive,0.5958
REV001511,PH035,LAVA Bold 2 5G,Amazon,"""First impression is good. In this price range they give amoled display and 120hz refresh rate is unbelievable battery is good and the sound quality is great, So totally i feel worth with this product (Actually i bought this mobile for my sister and this is her honest review).......!""","""First impression is good. In this price range they give amoled display and 120hz refresh rate is unbelievable battery is good and the sound quality is great, So totally i feel worth with this product (Actually i bought this mobile for my sister and this is her honest review).......!""",285,49,Good,False,Positive,0.9807
REV001512,PH035,LAVA Bold 2 5G,Amazon,"""The handset is good. But, back side sum hitting issue, I don't know this issue is battery Or prosser. When a video play in hand set a full volume then after sometime this issue filled. So. Please take some modified against this issue. Thanks 👍""","""The handset is good. But, back side sum hitting issue, I don't know this issue is battery Or prosser. When a video play in hand set a full volume then after sometime this issue filled. So. Please take some modified against this issue. Thanks 👍""",245,45,Good,False,Neutral,0.4904
REV001513,PH035,LAVA Bold 2 5G,Amazon,"""Best mobile in this Price range.""","""Best mobile in this Price range.""",34,6,Good,False,Positive,0.9687
REV001514,PH035,LAVA Bold 2 5G,Amazon,"""Very nice in this price range.""","""Very nice in this price range.""",32,6,Good,False,Positive,0.9721
REV001515,PH035,LAVA Bold 2 5G,Amazon,"""Good phone under 12500""","""Good phone under 12500""",24,4,Good,False,Positive,0.8543
REV001516,PH035,LAVA Bold 2 5G,Amazon,"""After using it for few days i can say that it is a good product at the price it is offered. Nice ui, very smooth. Every thing is great except the camera. If camera is not your priority then you can definitely go for it! Edit: after using it for 2.5 months i have experienced software glitches. Lava should improve the software experience.""","""After using it for few days i can say that it is a good product at the price it is offered. Nice ui, very smooth. Every thing is great except the camera. If camera is not your priority then you can definitely go for it! Edit: after using it for 2.5 months i have experienced software glitches. Lava should improve the software experience.""",340,63,Good,False,Positive,0.9617
REV001517,PH035,LAVA Bold 2 5G,Amazon,"""Except the camera... Everything is good. Light weight, no bloatware, Android 15, easy handling, good display, decent amount of storage. Perfect for a simple user.""","""Except the camera... Everything is good. Light weight, no bloatware, Android 15, easy handling, good display, decent amount of storage. Perfect for a simple user.""",164,25,Good,False,Positive,0.9586
REV001518,PH035,LAVA Bold 2 5G,Amazon,"""If you want this phone to take photos then it is useless because it has like 2mp result.zero class camera.it has light weight and has in display fingerprint 🫆 that is the reason to buy it.earlier i bought lava play ultra that too had the worst camera so overall lava has zero camera quality""","""If you want this phone to take photos then it is useless because it has like 2mp result.zero class camera.it has light weight and has in display fingerprint 🫆 that is the reason to buy it.earlier i bought lava play ultra that too had the worst camera so overall lava has zero camera quality""",292,54,Good,False,Negative,0.8914
REV001519,PH035,LAVA Bold 2 5G,Amazon,"""Good quality""","""Good quality""",14,2,Short Review,False,Positive,0.5948
REV001520,PH035,LAVA Bold 2 5G,Amazon,"""Phone bahut badhiya hai lekin Battery 🪫 jaldi down 👎 hoti hai""","""Phone bahut badhiya hai lekin Battery 🪫 jaldi down 👎 hoti hai""",63,12,Good,False,Negative,0.6911
REV001521,PH035,LAVA Bold 2 5G,Amazon,"""My real use experience : Display - 10/10 (amoled+120hz refresh rate works almost everywhere unlike my realme). Battery - 10/10 (as per capacity, lasts around 7hrs on normal use). Performance - 7/10 (showed yellowish-red graph in 20 min throttle test but no issue in real life use). Speaker is loud but no bass. Use Nova launcher, it will make the experience even better.""","""My real use experience : Display - 10/10 (amoled+120hz refresh rate works almost everywhere unlike my realme). Battery - 10/10 (as per capacity, lasts around 7hrs on normal use). Performance - 7/10 (showed yellowish-red graph in 20 min throttle test but no issue in real life use). Speaker is loud but no bass. Use Nova launcher, it will make the experience even better.""",372,63,Good,False,Positive,0.8747
REV001522,PH035,LAVA Bold 2 5G,Amazon,"""Mast phone Hai. Proudly Indian Brand""","""Mast phone Hai. Proudly Indian Brand""",38,6,Good,False,Positive,0.8882
REV001523,PH035,LAVA Bold 2 5G,Amazon,"""GOOD BEST BETTER TQ""","""GOOD BEST BETTER TQ""",21,4,Good,False,Positive,0.9528
REV001524,PH035,LAVA Bold 2 5G,Amazon,"""Phone is good for the price range but I did not received the screen protector which they mentioned in box screen protector will be given and also battery give sot of 6-7 hours otherwise everything is good with phone i request lava team to compensate me for screen protector which they mentioned but not provided with phone.""","""Phone is good for the price range but I did not received the screen protector which they mentioned in box screen protector will be given and also battery give sot of 6-7 hours otherwise everything is good with phone i request lava team to compensate me for screen protector which they mentioned but not provided with phone.""",325,57,Good,False,Negative,0.4741
REV001525,PH035,LAVA Bold 2 5G,Amazon,"""Value for money product. Camera quality is low but when used AI editing the image quality is enhanced greatly compared with other mobiles within this budget. There is no lag and no heat concern, except charging from below 20% but that's at par with other fast charging comparable mobiles""","""Value for money product. Camera quality is low but when used AI editing the image quality is enhanced greatly compared with other mobiles within this budget. There is no lag and no heat concern, except charging from below 20% but that's at par with other fast charging comparable mobiles""",289,49,Good,False,Positive,0.841
REV001526,PH035,LAVA Bold 2 5G,Amazon,"""Sim ejector pin missing h""","""Sim ejector pin missing h""",27,5,Good,False,Neutral,0.6322
REV001527,PH035,LAVA Bold 2 5G,Amazon,"""more features than the rivals. Amoled full HD display with 6 gb ram is pretty good. phone is running smoothly as of now. 120Hz is actually there.""","""more features than the rivals. Amoled full HD display with 6 gb ram is pretty good. phone is running smoothly as of now. 120Hz is actually there.""",147,27,Good,False,Positive,0.9462
REV001528,PH035,LAVA Bold 2 5G,Amazon,"""Shandar phone, still no problem yet.. M using since last a month, Feature which I like veruky much: always on display work 24hrs., IR blaster, sound, display quality, looks, battery good, charging super. Feature which is not good not bad : it's camera, rear camera is good but front ok ok""","""Shandar phone, still no problem yet.. M using since last a month, Feature which I like veruky much: always on display work 24hrs., IR blaster, sound, display quality, looks, battery good, charging super. Feature which is not good not bad : it's camera, rear camera is good but front ok ok""",290,51,Good,False,Positive,0.9221
REV001529,PH035,LAVA Bold 2 5G,Amazon,"""Phone is good but lava has not provided the screen protector in the box which they mentioned is provided in the box. Please compensate me for not providing the screen protector with the phone.""","""Phone is good but lava has not provided the screen protector in the box which they mentioned is provided in the box. Please compensate me for not providing the screen protector with the phone.""",194,34,Good,False,Negative,0.6956
REV001530,PH035,LAVA Bold 2 5G,Amazon,"""Very good I am very happy with product everything will be good..""","""Very good I am very happy with product everything will be good..""",66,12,Good,False,Positive,0.988
REV001531,PH035,LAVA Bold 2 5G,Amazon,"""Overall experience still now best""","""Overall experience still now best""",35,5,Good,False,Positive,0.9669
REV001532,PH035,LAVA Bold 2 5G,Amazon,"""For normal use phone is Awesome & budget phone. Camera, Processor, Fingerprint are good, Battery should be more powerful.""","""For normal use phone is Awesome & budget phone. Camera, Processor, Fingerprint are good, Battery should be more powerful.""",123,19,Good,False,Positive,0.9547
REV001533,PH035,LAVA Bold 2 5G,Amazon,"""Everything is ok...but having issue with back button.. thinking about to return this product if this issue raises more""","""Everything is ok...but having issue with back button.. thinking about to return this product if this issue raises more""",120,19,Good,False,Neutral,0.4887
REV001534,PH035,LAVA Bold 2 5G,Amazon,"""Well, Comfortable Surely Setisfication Naturally Feelings Rights ok! With in Lava Sony Japan Tokiyo Company Best New Version Latest Model Likes My Budget Very Sensitive Feeling With in Very Different Metters Bettery 5000 Capacity But Naturally Strong Power Bettery Sony Japan Tokiyo Company Nice 👍 like me Really ok! With in Customer service Providers Calling Me Now! My Free 🎁🧧 Hemplers Register By Post Parcel 📦 Dispatch Urgently Quickly now ok""","""Well, Comfortable Surely Setisfication Naturally Feelings Rights ok! With in Lava Sony Japan Tokiyo Company Best New Version Latest Model Likes My Budget Very Sensitive Feeling With in Very Different Metters Bettery 5000 Capacity But Naturally Strong Power Bettery Sony Japan Tokiyo Company Nice 👍 like me Really ok! With in Customer service Providers Calling Me Now! My Free 🎁🧧 Hemplers Register By Post Parcel 📦 Dispatch Urgently Quickly now ok""",448,71,Good,False,Positive,0.9591
REV001535,PH035,LAVA Bold 2 5G,Amazon,"""Features they provided with phone are awesome but problem is they have to also provide the application to run them easily in operative way with class look""","""Features they provided with phone are awesome but problem is they have to also provide the application to run them easily in operative way with class look""",156,27,Good,False,Neutral,0.4797
REV001536,PH035,LAVA Bold 2 5G,Amazon,"""Nice product made in India thank you Lava and Amazon facilities""","""Nice product made in India thank you Lava and Amazon facilities""",65,11,Good,False,Positive,0.9813
REV001537,PH035,LAVA Bold 2 5G,Amazon,"""Best budget phone | Good Battery Life | Good Durability | Best Speed | Good Features | But No Fingerprint""","""Best budget phone | Good Battery Life | Good Durability | Best Speed | Good Features | But No Fingerprint""",107,20,Good,False,Positive,0.9132
REV001538,PH035,LAVA Bold 2 5G,Amazon,"""Got the phone for its stock Android software.working great with no bloatware.strongly recommended if you want no bloatware smartphone""","""Got the phone for its stock Android software.working great with no bloatware.strongly recommended if you want no bloatware smartphone""",135,19,Good,False,Positive,0.96
REV001539,PH035,LAVA Bold 2 5G,Amazon,"""Nice phone 📱 👍💯🥰🔥👌😘♥️ Nice Display 😍✨🫣🤩🥳👌😱🥰 Nice Brand LAVA BOLD2 Awesome 👍 ALL ROUNDER PHONE 📱 THANKS AMAZON NICE DELIVERY RATING ⭐⭐⭐⭐⭐ Nice camera 📸 ⭐⭐⭐⭐⭐""","""Nice phone 📱 👍💯🥰🔥👌😘♥️ Nice Display 😍✨🫣🤩🥳👌😱🥰 Nice Brand LAVA BOLD2 Awesome 👍 ALL ROUNDER PHONE 📱 THANKS AMAZON NICE DELIVERY RATING ⭐⭐⭐⭐⭐ Nice camera 📸 ⭐⭐⭐⭐⭐""",158,27,Good,False,Positive,0.9873
REV001540,PH035,LAVA Bold 2 5G,Amazon,"""I just received today, after setup i find the phone is good, camera is just fine, Display, Sound is good, no junk apps, But rubbish exchange policy of Amazon, they fake value your product to sale new Phone.... don't exchange""","""I just received today, after setup i find the phone is good, camera is just fine, Display, Sound is good, no junk apps, But rubbish exchange policy of Amazon, they fake value your product to sale new Phone.... don't exchange""",226,40,Good,False,Positive,0.6047
REV001541,PH035,LAVA Bold 2 5G,Amazon,"""Amazing budget phone at this price ram 6gb, latest media tech processor and stock UI. Lastly it’s made in India makes the phone stand out at this price. Con- camera not that great but okish.""","""Amazing budget phone at this price ram 6gb, latest media tech processor and stock UI. Lastly it’s made in India makes the phone stand out at this price. Con- camera not that great but okish.""",192,35,Good,False,Positive,0.9708
REV001542,PH035,LAVA Bold 2 5G,Amazon,"""Wow 😲 Awesome Phone.. Everything is good 👍 Keep it up Lava🫶""","""Wow 😲 Awesome Phone.. Everything is good 👍 Keep it up Lava🫶""",61,12,Good,False,Positive,0.9904
REV001543,PH035,LAVA Bold 2 5G,Amazon,"""Been using this phone for a while now. I can confidently say this is the best 5g phone under 15k segment with lots of features like in-display fingerprint, MediaTek Dimensity 7000 series processor and good camera.""","""Been using this phone for a while now. I can confidently say this is the best 5g phone under 15k segment with lots of features like in-display fingerprint, MediaTek Dimensity 7000 series processor and good camera.""",215,36,Good,False,Positive,0.9853
REV001544,PH035,LAVA Bold 2 5G,Amazon,"""Good product Go for it 💯""","""Good product Go for it 💯""",26,6,Good,False,Positive,0.9725
REV001545,PH035,LAVA Bold 2 5G,Amazon,"""Value for money. Consider turning of the touch vibration Taptic sound which consume more power. Good performance and fingerprint reader""","""Value for money. Consider turning of the touch vibration Taptic sound which consume more power. Good performance and fingerprint reader""",137,20,Good,False,Positive,0.8578
REV001546,PH035,LAVA Bold 2 5G,Amazon,"""Touchscreen is working very bad 😔😞 Rubbish screen touch""","""Touchscreen is working very bad 😔😞 Rubbish screen touch""",57,9,Good,False,Negative,0.9475
REV001547,PH035,LAVA Bold 2 5G,Amazon,"""Normal level quality, battry life too poor, fingerprint sensor working properly, Display not good on this price, hitting issue more than this price, so not by this mobile on this price। Bluetooth not working properly and bluetooth auto off during use""","""Normal level quality, battry life too poor, fingerprint sensor working properly, Display not good on this price, hitting issue more than this price, so not by this mobile on this price। Bluetooth not working properly and bluetooth auto off during use""",252,41,Good,False,Negative,0.9
REV001548,PH035,LAVA Bold 2 5G,Amazon,"""Android 15 still""","""Android 15 still""",18,3,Short Review,False,Neutral,0.8343
REV001549,PH035,LAVA Bold 2 5G,Amazon,"""Best option under 15k. Buy it with doubt.""","""Best option under 15k. Buy it with doubt.""",43,8,Good,False,Positive,0.8881
REV001550,PH035,LAVA Bold 2 5G,Amazon,"""Good""","""Good""",6,1,Very Short,True,Positive,0.7658
REV001551,PH035,LAVA Bold 2 5G,Amazon,"""Good experience with Lava Bold 2 5g""","""Good experience with Lava Bold 2 5g""",37,7,Good,False,Positive,0.9506
REV001552,PH035,LAVA Bold 2 5G,Amazon,"""Very light, very glossy & stylish phone. Lava is doing very good in this sector. It's a small responsibility for us to promote our Indian brand. Very smooth operation, amoled screen superb. Resolution awesome & in this price chain... No other brands are giving such features. Awesome that's it.""","""Very light, very glossy & stylish phone. Lava is doing very good in this sector. It's a small responsibility for us to promote our Indian brand. Very smooth operation, amoled screen superb. Resolution awesome & in this price chain... No other brands are giving such features. Awesome that's it.""",296,49,Good,False,Positive,0.9763
REV001553,PH035,LAVA Bold 2 5G,Amazon,"""Good""","""Good""",6,1,Very Short,True,Positive,0.7658
REV001554,PH035,LAVA Bold 2 5G,Amazon,"""Good product""","""Good product""",14,2,Short Review,False,Positive,0.8975
REV001555,PH035,LAVA Bold 2 5G,Amazon,"""It is a very good mobile phone in low budget.""","""It is a very good mobile phone in low budget.""",47,10,Good,False,Positive,0.9734
REV001556,PH035,LAVA Bold 2 5G,Amazon,"""Good Quality and Fast. Camera quality also fine.""","""Good Quality and Fast. Camera quality also fine.""",50,8,Good,False,Positive,0.9613
REV001557,PH035,LAVA Bold 2 5G,Amazon,"""Touch not working smoothly.""","""Touch not working smoothly.""",29,4,Good,False,Negative,0.7192
REV001558,PH035,LAVA Bold 2 5G,Amazon,"""Lava is doing great. Phone is working soo smooth. No lagggg. Camera Quality is Good.""","""Lava is doing great. Phone is working soo smooth. No lagggg. Camera Quality is Good.""",86,15,Good,False,Positive,0.9817
REV001559,PH035,LAVA Bold 2 5G,Amazon,"""Hello my my mobile replace place your order is a cancel but your mobile is a unsatiscent review not satisfied your mobile phone mobile problem""","""Hello my my mobile replace place your order is a cancel but your mobile is a unsatiscent review not satisfied your mobile phone mobile problem""",144,25,Good,False,Negative,0.9097
REV001560,PH035,LAVA Bold 2 5G,Amazon,"""Nice mobile all features are excellent in 14k budget thanks lava""","""Nice mobile all features are excellent in 14k budget thanks lava""",66,11,Good,False,Positive,0.9788
REV001561,PH035,LAVA Bold 2 5G,Amazon,"""Excellent phone for the price , The design looks premium and the 5g connectivity work smoothly.👍""","""Excellent phone for the price , The design looks premium and the 5g connectivity work smoothly.👍""",98,16,Good,False,Positive,0.9838
REV001562,PH035,LAVA Bold 2 5G,Amazon,"""One of the best deal under 14k, I like the processor, smoothness, Refresh Rate and battery capacity of this mobile. The display one of the best in this price range. Camera is ok ok. If you want best performance this is the best deal for you.""","""One of the best deal under 14k, I like the processor, smoothness, Refresh Rate and battery capacity of this mobile. The display one of the best in this price range. Camera is ok ok. If you want best performance this is the best deal for you.""",243,46,Good,False,Positive,0.9804
REV001563,PH035,LAVA Bold 2 5G,Amazon,"""I like it design, display, comfort""","""I like it design, display, comfort""",36,6,Good,False,Positive,0.9468
REV001564,PH035,LAVA Bold 2 5G,Amazon,"""They given me someone's returned phone.. charger also old one dust marks atlest polish karke hi de dete....battery backup is really good. Camera bad , audio also bad qaility .. china phones MI vivo me bhi isse acchabajata hai..and Without headphone jack. FM play kaise hoga.. this phone price should be 10k. Charger cable qaulity is good""","""They given me someone's returned phone.. charger also old one dust marks atlest polish karke hi de dete....battery backup is really good. Camera bad , audio also bad qaility .. china phones MI vivo me bhi isse acchabajata hai..and Without headphone jack. FM play kaise hoga.. this phone price should be 10k. Charger cable qaulity is good""",339,57,Good,False,Negative,0.3724
REV001565,PH035,LAVA Bold 2 5G,Amazon,"""Really good i like very much 😊""","""Really good i like very much 😊""",32,7,Good,False,Positive,0.9879
REV001566,PH035,LAVA Bold 2 5G,Amazon,"""One of the best phone under 15000. People always ask a out your phone when you use it outdoor. Everything's awsome. Specially all animations and comfortable app opening animation support 😁. Camera is also great with good stabilization in video. Display is top class with very minimal bezels. Battery is good enough ,easily lasts a day of charged upto 75%. Charging speed is decent. Only cons I think is no support of ,3.5mm jack. May be due to maintaininh slimness nd lightweight. You won't regret anyday. Go for it. Specially for parents""","""One of the best phone under 15000. People always ask a out your phone when you use it outdoor. Everything's awsome. Specially all animations and comfortable app opening animation support 😁. Camera is also great with good stabilization in video. Display is top class with very minimal bezels. Battery is good enough ,easily lasts a day of charged upto 75%. Charging speed is decent. Only cons I think is no support of ,3.5mm jack. May be due to maintaininh slimness nd lightweight. You won't regret anyday. Go for it. Specially for parents""",540,92,Good,False,Positive,0.964
REV001567,PH035,LAVA Bold 2 5G,Amazon,"""Best budget Phone.""","""Best budget Phone.""",20,3,Short Review,False,Positive,0.946
REV001568,PH035,LAVA Bold 2 5G,Amazon,"""Good product""","""Good product""",14,2,Short Review,True,Positive,0.8975
REV001569,PH035,LAVA Bold 2 5G,Amazon,"""Very nice product""","""Very nice product""",19,3,Short Review,False,Positive,0.9774
REV001570,PH035,LAVA Bold 2 5G,Amazon,"""Best 👍💯all very nice phone This real mony's phone""","""Best 👍💯all very nice phone This real mony's phone""",51,9,Good,False,Positive,0.9838
REV001571,PH035,LAVA Bold 2 5G,Amazon,"""Great spec with Value for money with Best build quality and Nice looking phone with good camera as per the price hike product quality and spec is too good go for it""","""Great spec with Value for money with Best build quality and Nice looking phone with good camera as per the price hike product quality and spec is too good go for it""",166,32,Good,False,Positive,0.9774
REV001572,PH035,LAVA Bold 2 5G,Amazon,"""Best phone in this range. Camera quality impressive, display feel smooth as its has AMOLED display with 120hz refresh rate. Indisplay fingerprint scanner work fast, phone feels light weighted also come with charger in the box,no others brand give this feature, with this budget this phone is best""","""Best phone in this range. Camera quality impressive, display feel smooth as its has AMOLED display with 120hz refresh rate. Indisplay fingerprint scanner work fast, phone feels light weighted also come with charger in the box,no others brand give this feature, with this budget this phone is best""",298,48,Good,False,Positive,0.9751
REV001573,PH035,LAVA Bold 2 5G,Amazon,"""Good budget friendly""","""Good budget friendly""",22,3,Short Review,False,Positive,0.8467
REV001574,PH035,LAVA Bold 2 5G,Amazon,"""The best mobile in this range .""","""The best mobile in this range .""",33,7,Good,False,Positive,0.9471
REV001575,PH035,LAVA Bold 2 5G,Amazon,"""Budget friendly, but charging getting slowly.""","""Budget friendly, but charging getting slowly.""",47,6,Good,False,Neutral,0.6342
REV001576,PH035,LAVA Bold 2 5G,Amazon,"""Basat""","""Basat""",7,1,Very Short,False,Neutral,0.8584
REV001577,PH035,LAVA Bold 2 5G,Amazon,"""Nice""","""Nice""",6,1,Very Short,False,Positive,0.8956
REV001578,PH035,LAVA Bold 2 5G,Amazon,"""I m shocked when i saw this phone, it light weight and very fast , i downloaded whatsapp it just take 6 sec to download it, must recommend this phone in this budget , well done lava u made a perfect phone""","""I m shocked when i saw this phone, it light weight and very fast , i downloaded whatsapp it just take 6 sec to download it, must recommend this phone in this budget , well done lava u made a perfect phone""",206,42,Good,False,Positive,0.9846
REV001579,PH035,LAVA Bold 2 5G,Amazon,"""Bohot hi badiya""","""Bohot hi badiya""",17,3,Short Review,False,Neutral,0.7208
REV001580,PH035,LAVA Bold 2 5G,Amazon,"""In this price segment Best pHone Ever ...""","""In this price segment Best pHone Ever ...""",43,8,Good,False,Positive,0.9645
REV001581,PH035,LAVA Bold 2 5G,Amazon,"""Good phone""","""Good phone""",12,2,Short Review,True,Positive,0.87
REV001582,PH035,LAVA Bold 2 5G,Amazon,"""Good value for money""","""Good value for money""",22,4,Good,False,Positive,0.7938
REV001583,PH035,LAVA Bold 2 5G,Amazon,"""Excellent display and smooth performance.""","""Excellent display and smooth performance.""",43,5,Good,False,Positive,0.9677
REV001584,PH035,LAVA Bold 2 5G,Amazon,"""Battery backup is decent but camera could have been better.""","""Battery backup is decent but camera could have been better.""",61,10,Good,False,Positive,0.4995
REV001585,PH035,LAVA Bold 2 5G,Amazon,"""Very lightweight and easy to use.""","""Very lightweight and easy to use.""",35,6,Good,False,Positive,0.9479
REV001586,PH035,LAVA Bold 2 5G,Amazon,"""Stock Android experience is awesome.""","""Stock Android experience is awesome.""",38,5,Good,False,Positive,0.9813
REV001587,PH035,LAVA Bold 2 5G,Amazon,"""Good performance for daily usage.""","""Good performance for daily usage.""",35,5,Good,False,Positive,0.9377
REV001588,PH035,LAVA Bold 2 5G,Amazon,"""Charging speed is satisfactory.""","""Charging speed is satisfactory.""",33,4,Good,False,Positive,0.9095
REV001589,PH035,LAVA Bold 2 5G,Amazon,"""No heating issue till now.""","""No heating issue till now.""",28,5,Good,False,Neutral,0.845
REV001590,PH035,LAVA Bold 2 5G,Amazon,"""Display quality is excellent.""","""Display quality is excellent.""",31,4,Good,False,Positive,0.9799
REV001591,PH035,LAVA Bold 2 5G,Amazon,"""Fingerprint sensor works fast.""","""Fingerprint sensor works fast.""",32,4,Good,False,Positive,0.6693
REV001592,PH035,LAVA Bold 2 5G,Amazon,"""Sound quality is good.""","""Sound quality is good.""",24,4,Good,False,Positive,0.9584
REV001593,PH035,LAVA Bold 2 5G,Amazon,"""Camera is average.""","""Camera is average.""",20,3,Short Review,False,Negative,0.4685
REV001594,PH035,LAVA Bold 2 5G,Amazon,"""Nice phone in this budget.""","""Nice phone in this budget.""",28,5,Good,False,Positive,0.9542
REV001595,PH035,LAVA Bold 2 5G,Amazon,"""Overall satisfied with the purchase.""","""Overall satisfied with the purchase.""",38,5,Good,False,Positive,0.9353
REV001596,PH035,LAVA Bold 2 5G,Amazon,"""Value for money.""","""Value for money.""",18,3,Short Review,False,Neutral,0.7732
REV001597,PH035,LAVA Bold 2 5G,Amazon,"""Good build quality.""","""Good build quality.""",21,3,Short Review,False,Positive,0.8273
REV001598,PH035,LAVA Bold 2 5G,Amazon,"""Recommended for normal users.""","""Recommended for normal users.""",31,4,Good,False,Neutral,0.7954
REV001599,PH035,LAVA Bold 2 5G,Amazon,"""Nice experience so far.""","""Nice experience so far.""",25,4,Good,False,Positive,0.9775
REV001600,PH036,iQOO Z11x 5G,Flipkart,"""Overall design and working is very good I love the camera quality tooo ... This product worth a buy""","""Overall design and working is very good I love the camera quality tooo ... This product worth a buy""",101,19,Good,False,Positive,0.9873
REV001601,PH036,iQOO Z11x 5G,Flipkart,"""So amazing I'm so very happy very good phone""","""So amazing I'm so very happy very good phone""",46,9,Good,False,Positive,0.9895
REV001602,PH036,iQOO Z11x 5G,Flipkart,"""Phone is so beautiful ❤️ Battery 🔋 backup""","""Phone is so beautiful ❤️ Battery 🔋 backup""",43,8,Good,False,Positive,0.9831
REV001603,PH036,iQOO Z11x 5G,Flipkart,"""Nice product.... 👍👍👍""","""Nice product.... 👍👍👍""",22,3,Short Review,False,Positive,0.9825
REV001604,PH036,iQOO Z11x 5G,Flipkart,"""Value for money 💰, suitable for those who are normal daily basis uses and decent gaming performance also come out""","""Value for money 💰, suitable for those who are normal daily basis uses and decent gaming performance also come out""",115,20,Good,False,Positive,0.9083
REV001605,PH036,iQOO Z11x 5G,Flipkart,"""Nice phone""","""Nice phone""",12,2,Short Review,False,Positive,0.9101
REV001606,PH036,iQOO Z11x 5G,Flipkart,"""Excellent Phone 📱🤳📱""","""Excellent Phone 📱🤳📱""",21,3,Short Review,False,Positive,0.984
REV001607,PH036,iQOO Z11x 5G,Flipkart,"""Good""","""Good""",6,1,Very Short,False,Positive,0.7658
REV001608,PH036,iQOO Z11x 5G,Flipkart,"""The phone is really good! It's not bad at all! It offers a great value for the price. I'm genuinely impressed. The features and performance are excellent. It's definitely a worthwhile purchase. Highly recommended!""","""The phone is really good! It's not bad at all! It offers a great value for the price. I'm genuinely impressed. The features and performance are excellent. It's definitely a worthwhile purchase. Highly recommended!""",215,34,Good,False,Positive,0.9857
REV001609,PH036,iQOO Z11x 5G,Flipkart,"""Wonderful phone ❤️""","""Wonderful phone ❤️""",20,3,Short Review,False,Positive,0.9847
REV001610,PH036,iQOO Z11x 5G,Flipkart,"""Camera quality good""","""Camera quality good""",21,3,Short Review,False,Positive,0.7547
REV001611,PH036,iQOO Z11x 5G,Flipkart,"""Good product""","""Good product""",14,2,Short Review,False,Positive,0.8975
REV001612,PH036,iQOO Z11x 5G,Flipkart,"""The phone is really awesome according to its price, camera is also awesome and battery backup is also excellent. Display quality is also good.""","""The phone is really awesome according to its price, camera is also awesome and battery backup is also excellent. Display quality is also good.""",144,24,Good,False,Positive,0.9892
REV001613,PH036,iQOO Z11x 5G,Flipkart,"""Very nice mobile in this price range.""","""Very nice mobile in this price range.""",39,7,Good,False,Positive,0.9809
REV001614,PH036,iQOO Z11x 5G,Flipkart,"""Super mobile. Worth for money.""","""Super mobile. Worth for money.""",32,5,Good,False,Positive,0.9529
REV001615,PH036,iQOO Z11x 5G,Flipkart,"""Excellent performance.""","""Excellent performance.""",24,2,Short Review,False,Positive,0.9748
REV001616,PH036,iQOO Z11x 5G,Flipkart,"""Good battery backup.""","""Good battery backup.""",22,3,Short Review,False,Positive,0.9082
REV001617,PH036,iQOO Z11x 5G,Flipkart,"""Camera is very good.""","""Camera is very good.""",22,4,Good,False,Positive,0.9701
REV001618,PH036,iQOO Z11x 5G,Flipkart,"""Best phone under this budget.""","""Best phone under this budget.""",31,5,Good,False,Positive,0.9708
REV001619,PH036,iQOO Z11x 5G,Flipkart,"""Very smooth performance.""","""Very smooth performance.""",26,3,Short Review,False,Positive,0.9591
REV001620,PH036,iQOO Z11x 5G,Flipkart,"""Nice design and display.""","""Nice design and display.""",26,4,Good,False,Positive,0.9722
REV001621,PH036,iQOO Z11x 5G,Flipkart,"""Very fast charging.""","""Very fast charging.""",21,3,Short Review,False,Positive,0.7535
REV001622,PH036,iQOO Z11x 5G,Flipkart,"""Good quality.""","""Good quality.""",15,2,Short Review,False,Positive,0.8707
REV001623,PH036,iQOO Z11x 5G,Flipkart,"""Awesome phone.""","""Awesome phone.""",16,2,Short Review,False,Positive,0.9801
REV001624,PH036,iQOO Z11x 5G,Flipkart,"""Display is excellent.""","""Display is excellent.""",23,3,Short Review,False,Positive,0.9797
REV001625,PH036,iQOO Z11x 5G,Flipkart,"""Processor is very fast.""","""Processor is very fast.""",25,4,Good,False,Positive,0.8112
REV001626,PH036,iQOO Z11x 5G,Flipkart,"""Good gaming performance.""","""Good gaming performance.""",26,3,Short Review,False,Positive,0.9486
REV001627,PH036,iQOO Z11x 5G,Flipkart,"""Very nice experience.""","""Very nice experience.""",23,3,Short Review,False,Positive,0.9796
REV001628,PH036,iQOO Z11x 5G,Flipkart,"""Overall excellent mobile.""","""Overall excellent mobile.""",27,3,Short Review,False,Positive,0.9722
REV001629,PH036,iQOO Z11x 5G,Flipkart,"""Worth buying.""","""Worth buying.""",15,2,Short Review,False,Positive,0.865
REV001630,PH036,iQOO Z11x 5G,Flipkart,"""Good camera and battery.""","""Good camera and battery.""",26,4,Good,False,Positive,0.9334
REV001631,PH036,iQOO Z11x 5G,Flipkart,"""Excellent product.""","""Excellent product.""",20,2,Short Review,False,Positive,0.9711
REV001632,PH036,iQOO Z11x 5G,Flipkart,"""Very good mobile.""","""Very good mobile.""",19,3,Short Review,False,Positive,0.9659
REV001633,PH036,iQOO Z11x 5G,Flipkart,"""Amazing phone.""","""Amazing phone.""",16,2,Short Review,False,Positive,0.9734
REV001634,PH036,iQOO Z11x 5G,Flipkart,"""Premium look.""","""Premium look.""",15,2,Short Review,False,Neutral,0.5261
REV001635,PH036,iQOO Z11x 5G,Flipkart,"""Best value for money.""","""Best value for money.""",23,4,Good,False,Positive,0.9431
REV001636,PH036,iQOO Z11x 5G,Flipkart,"""Very good display quality.""","""Very good display quality.""",28,4,Good,False,Positive,0.9709
REV001637,PH036,iQOO Z11x 5G,Flipkart,"""Performance is outstanding.""","""Performance is outstanding.""",29,3,Short Review,False,Positive,0.9769
REV001638,PH036,iQOO Z11x 5G,Flipkart,"""Battery lasts long.""","""Battery lasts long.""",21,3,Short Review,False,Positive,0.5
REV001639,PH036,iQOO Z11x 5G,Flipkart,"""Good sound quality.""","""Good sound quality.""",21,3,Short Review,False,Positive,0.9315
REV001640,PH036,iQOO Z11x 5G,Amazon,"""Nice product The product will not drain the battery fastly For normal users the charge may come for 3 days There are having AI feature The photo are clear The phone will not heat when we play more games""","""Nice product The product will not drain the battery fastly For normal users the charge may come for 3 days There are having AI feature The photo are clear The phone will not heat when we play more games""",204,39,Good,False,Positive,0.8676
REV001641,PH036,iQOO Z11x 5G,Amazon,"""Build quality is good but sometimes the phone lags while multitasking, 5g works well, superb battery life, ok ok camera, good sound, bit heavy, good display for an LCD, no major heating, one can also go for one plus ce6lite for better interface experience.""","""Build quality is good but sometimes the phone lags while multitasking, 5g works well, superb battery life, ok ok camera, good sound, bit heavy, good display for an LCD, no major heating, one can also go for one plus ce6lite for better interface experience.""",258,44,Good,False,Positive,0.8942
REV001642,PH036,iQOO Z11x 5G,Amazon,"""Good product in reasonable budget""","""Good product in reasonable budget""",35,5,Good,False,Positive,0.9057
REV001643,PH036,iQOO Z11x 5G,Amazon,"""Fantastic smooth speedy mobile and best service by Amazon dilivery""","""Fantastic smooth speedy mobile and best service by Amazon dilivery""",68,10,Good,False,Positive,0.9823
REV001644,PH036,iQOO Z11x 5G,Amazon,"""Mobile is in good but budget seems bit high""","""Mobile is in good but budget seems bit high""",45,9,Good,False,Neutral,0.5791
REV001645,PH036,iQOO Z11x 5G,Amazon,"""Very nice product very smooth and fast everything is best and battery life is super good and just camera is not so good I didn't like photos""","""Very nice product very smooth and fast everything is best and battery life is super good and just camera is not so good I didn't like photos""",142,27,Good,False,Positive,0.5224
REV001646,PH036,iQOO Z11x 5G,Amazon,"""It's a good smartphone hello for money and its working perfectly and smoothly h i can't not explain sound quality is good double speaker and display is looking like just as required of premium device . The appearance of the device is awesome and display HD Plus""","""It's a good smartphone hello for money and its working perfectly and smoothly h i can't not explain sound quality is good double speaker and display is looking like just as required of premium device . The appearance of the device is awesome and display HD Plus""",263,47,Good,False,Positive,0.983
REV001647,PH036,iQOO Z11x 5G,Amazon,"""Spec wise its a great phone, but experience wise its not better than nothing mobiles. Speed and battery life is good.""","""Spec wise its a great phone, but experience wise its not better than nothing mobiles. Speed and battery life is good.""",119,21,Good,False,Positive,0.9059
REV001648,PH036,iQOO Z11x 5G,Amazon,"""Battery best hai lekin mobile fast nahin Hai""","""Battery best hai lekin mobile fast nahin Hai""",46,8,Good,False,Neutral,0.6138
REV001649,PH036,iQOO Z11x 5G,Amazon,"""Overall good product. The only negative thing is processing speed a bit slow.""","""Overall good product. The only negative thing is processing speed a bit slow.""",79,13,Good,False,Positive,0.8712
REV001650,PH036,iQOO Z11x 5G,Amazon,"""Best budget phone.""","""Best budget phone.""",20,3,Short Review,False,Positive,0.9376
REV001651,PH036,iQOO Z11x 5G,Amazon,"""Good battery backup don't expect more from this device""","""Good battery backup don't expect more from this device""",56,9,Good,False,Positive,0.8839
REV001652,PH036,iQOO Z11x 5G,Amazon,"""Ok but the delivery boy not deliverable in my location he delivered in 7km away from my location""","""Ok but the delivery boy not deliverable in my location he delivered in 7km away from my location""",98,18,Good,False,Negative,0.7888
REV001653,PH036,iQOO Z11x 5G,Amazon,"""The phone seems to be a good one ! Has held upto the expectations as claimed ! I accidentally dropped in a bucket of water and still it is running without any problems! Sturdy phone !""","""The phone seems to be a good one ! Has held upto the expectations as claimed ! I accidentally dropped in a bucket of water and still it is running without any problems! Sturdy phone !""",185,36,Good,False,Positive,0.9658
REV001654,PH036,iQOO Z11x 5G,Amazon,"""Nice product""","""Nice product""",14,2,Short Review,False,Positive,0.9526
REV001655,PH036,iQOO Z11x 5G,Amazon,"""It's good for daily use and for elderly people who use for only calls and text .. device performance is good .. but the camara is not that good on this device compare to other devices in this segment.. camara cannot take motion images""","""It's good for daily use and for elderly people who use for only calls and text .. device performance is good .. but the camara is not that good on this device compare to other devices in this segment.. camara cannot take motion images""",236,44,Good,False,Neutral,0.4474
REV001656,PH036,iQOO Z11x 5G,Amazon,"""Nice""","""Nice""",6,1,Very Short,False,Positive,0.8956
REV001657,PH036,iQOO Z11x 5G,Amazon,"""value for money""","""value for money""",17,3,Short Review,False,Neutral,0.7636
REV001658,PH036,iQOO Z11x 5G,Amazon,"""Overall good mobile""","""Overall good mobile""",21,3,Short Review,False,Positive,0.9393
REV001659,PH036,iQOO Z11x 5G,Amazon,"""Camera quality vary bad""","""Camera quality vary bad""",25,4,Good,False,Negative,0.8891
REV001660,PH036,iQOO Z11x 5G,Amazon,"""Nice phone budget friendly""","""Nice phone budget friendly""",28,4,Good,False,Positive,0.9128
REV001661,PH036,iQOO Z11x 5G,Amazon,"""Good""","""Good""",6,1,Very Short,True,Positive,0.7658
REV001662,PH036,iQOO Z11x 5G,Amazon,"""Good phone in 20k range. Bit heavy and can’t use with single hand. Battery backup is too good. Camera is also good but not great. I wish it had AMOLED display. Speakers sound is loud for calls and listening videos but not good for listening music.""","""Good phone in 20k range. Bit heavy and can’t use with single hand. Battery backup is too good. Camera is also good but not great. I wish it had AMOLED display. Speakers sound is loud for calls and listening videos but not good for listening music.""",249,46,Good,False,Negative,0.6222
REV001663,PH036,iQOO Z11x 5G,Amazon,"""Very Good Processor mediatek 7400 Speakers(stereo) IP69 rating with wet touch Battery (7200mAH) Average: Display Camera Charging (44W max) Bad: Lots of bloatware apps which need to be manually deleted or disabled. Overall one of the very few value for money handsets in today's market of inflating costs""","""Very Good Processor mediatek 7400 Speakers(stereo) IP69 rating with wet touch Battery (7200mAH) Average: Display Camera Charging (44W max) Bad: Lots of bloatware apps which need to be manually deleted or disabled. Overall one of the very few value for money handsets in today's market of inflating costs""",305,48,Good,False,Positive,0.5033
REV001664,PH036,iQOO Z11x 5G,Amazon,"""Very nice""","""Very nice""",11,2,Short Review,False,Positive,0.9701
REV001665,PH036,iQOO Z11x 5G,Amazon,"""Best""","""Best""",6,1,Very Short,False,Positive,0.6827
REV001666,PH036,iQOO Z11x 5G,Amazon,"""Good""","""Good""",6,1,Very Short,True,Positive,0.7658
REV001667,PH036,iQOO Z11x 5G,Amazon,"""Nice phone""","""Nice phone""",12,2,Short Review,True,Positive,0.9101
REV001668,PH036,iQOO Z11x 5G,Amazon,"""Had lots of problems for transferring data""","""Had lots of problems for transferring data""",44,7,Good,False,Negative,0.7478
REV001669,PH036,iQOO Z11x 5G,Amazon,"""2 months of usage experience (8gb +256gb, black) *Battery backup is too good but getting heated easily..... *Camera I believe they have AI tools to enhance captured images so that it makes us believe it is highest mega pixel....... *Millitary grade durability is biggest bluff ever... It can't with stand a simple fall from a 2 feet (the frame of mine had got scratches heavily ) * processor is too slow, phone is hanging *Sound quality is good *Appearance is too good *Display is not that impressive""","""2 months of usage experience (8gb +256gb, black) *Battery backup is too good but getting heated easily..... *Camera I believe they have AI tools to enhance captured images so that it makes us believe it is highest mega pixel....... *Millitary grade durability is biggest bluff ever... It can't with stand a simple fall from a 2 feet (the frame of mine had got scratches heavily ) * processor is too slow, phone is hanging *Sound quality is good *Appearance is too good *Display is not that impressive""",502,87,Good,False,Negative,0.575
REV001670,PH036,iQOO Z11x 5G,Amazon,"""Looking so beautiful battery backup so also very good in this price this phone is extremely good.""","""Looking so beautiful battery backup so also very good in this price this phone is extremely good.""",99,17,Good,False,Positive,0.9867
REV001671,PH036,iQOO Z11x 5G,Amazon,"""Battery is too good""","""Battery is too good""",21,4,Good,False,Positive,0.8285
REV001672,PH036,iQOO Z11x 5G,Amazon,"""Nice one 😀""","""Nice one 😀""",12,3,Short Review,False,Positive,0.9791
REV001673,PH036,iQOO Z11x 5G,Amazon,"""Good for multi-tasking and binge watch. Some times it gets more hot. Other than that it is a okay phone.""","""Good for multi-tasking and binge watch. Some times it gets more hot. Other than that it is a okay phone.""",106,20,Good,False,Positive,0.8783
REV001674,PH036,iQOO Z11x 5G,Amazon,"""Not worth for money 22000 purchase under 18000 is more than enough for this phone""","""Not worth for money 22000 purchase under 18000 is more than enough for this phone""",83,15,Good,False,Negative,0.75
REV001675,PH036,iQOO Z11x 5G,Amazon,"""Good ok""","""Good ok""",9,2,Short Review,False,Positive,0.8248
REV001676,PH036,iQOO Z11x 5G,Amazon,"""Good and satisfied""","""Good and satisfied""",20,3,Short Review,False,Positive,0.9537
REV001677,PH036,iQOO Z11x 5G,Amazon,"""Good""","""Good""",6,1,Very Short,True,Positive,0.7658
REV001678,PH036,iQOO Z11x 5G,Amazon,"""Met the expectations. Phone is super smooth, decent camera, good display. i liked it. overall good purchase""","""Met the expectations. Phone is super smooth, decent camera, good display. i liked it. overall good purchase""",109,17,Good,False,Positive,0.9784
REV001679,PH036,iQOO Z11x 5G,Amazon,"""All features are ok but only display should be amoled display instead LCD at this price""","""All features are ok but only display should be amoled display instead LCD at this price""",89,16,Good,False,Positive,0.6501
REV001680,PH036,iQOO Z11x 5G,Amazon,"""Very nice mobile""","""Very nice mobile""",18,3,Short Review,False,Positive,0.9747
REV001681,PH036,iQOO Z11x 5G,Amazon,"""Nice phone""","""Nice phone""",12,2,Short Review,True,Positive,0.9101
REV001682,PH036,iQOO Z11x 5G,Amazon,"""Minur scratch on right side on phone ..... But phone is good.""","""Minur scratch on right side on phone ..... But phone is good.""",63,12,Good,False,Positive,0.8681
REV001683,PH036,iQOO Z11x 5G,Amazon,"""Camera quality ⭐⭐⭐⭐ Sound quality ⭐⭐⭐⭐ Processor ⭐⭐⭐⭐⭐ Battery ⭐⭐⭐⭐⭐. All over the phone is very good""","""Camera quality ⭐⭐⭐⭐ Sound quality ⭐⭐⭐⭐ Processor ⭐⭐⭐⭐⭐ Battery ⭐⭐⭐⭐⭐. All over the phone is very good""",103,17,Good,False,Positive,0.9738
REV001684,PH036,iQOO Z11x 5G,Amazon,"""🤜🏻🤛🏻""","""🤜🏻🤛🏻""",6,1,Very Short,False,Neutral,0.7332
REV001685,PH036,iQOO Z11x 5G,Amazon,"""Good phone all way""","""Good phone all way""",20,4,Good,False,Positive,0.9434
REV001686,PH036,iQOO Z11x 5G,Amazon,"""Fine""","""Fine""",6,1,Very Short,False,Neutral,0.5238
REV001687,PH036,iQOO Z11x 5G,Amazon,"""Yesterday received same device now it’s working fine calls and WiFi are getting connected as expected without any issues. First order received faulty device from Amazon then went to vivo service center and recieved new device""","""Yesterday received same device now it’s working fine calls and WiFi are getting connected as expected without any issues. First order received faulty device from Amazon then went to vivo service center and recieved new device""",227,36,Good,False,Positive,0.5986
REV001688,PH036,iQOO Z11x 5G,Amazon,"""It's good for everyday use, has a decent battery backup, and everything runs smoothly. The camera just average.""","""It's good for everyday use, has a decent battery backup, and everything runs smoothly. The camera just average.""",113,18,Good,False,Positive,0.8786
REV001689,PH036,iQOO Z11x 5G,Amazon,"""Mobile is to bad and after 15 days it's laging very badly. Real camera not to good""","""Mobile is to bad and after 15 days it's laging very badly. Real camera not to good""",84,17,Good,False,Negative,0.9383
REV001690,PH036,iQOO Z11x 5G,Amazon,"""All are perfect, but the sound is very low""","""All are perfect, but the sound is very low""",44,9,Good,False,Negative,0.41
REV001691,PH036,iQOO Z11x 5G,Amazon,"""Awesome""","""Awesome""",9,1,Very Short,False,Positive,0.9743
REV001692,PH036,iQOO Z11x 5G,Amazon,"""Very good""","""Very good""",11,2,Short Review,False,Positive,0.9648
REV001693,PH036,iQOO Z11x 5G,Amazon,"""Super mobile phone 🤳🥰🥰🥰😘😘 Very good quality, very nice ❤️❤️🥰🥰💯✨""","""Super mobile phone 🤳🥰🥰🥰😘😘 Very good quality, very nice ❤️❤️🥰🥰💯✨""",65,10,Good,False,Positive,0.9905
REV001694,PH036,iQOO Z11x 5G,Amazon,"""Worthy""","""Worthy""",8,1,Very Short,False,Neutral,0.605
REV001695,PH036,iQOO Z11x 5G,Amazon,"""Decent phone""","""Decent phone""",14,2,Short Review,False,Positive,0.7823
REV001696,PH036,iQOO Z11x 5G,Amazon,"""Last six months, price is too high.""","""Last six months, price is too high.""",37,7,Good,False,Negative,0.5782
REV001697,PH036,iQOO Z11x 5G,Amazon,"""Best at this range value for customer""","""Best at this range value for customer""",39,7,Good,False,Positive,0.9278
REV001698,PH036,iQOO Z11x 5G,Amazon,"""Good""","""Good""",6,1,Very Short,True,Positive,0.7658
REV001699,PH036,iQOO Z11x 5G,Amazon,"""Phone lage""","""Phone lage""",12,2,Short Review,False,Neutral,0.8323
REV001700,PH036,iQOO Z11x 5G,Amazon,"""I like very much the product and the colour is very nice""","""I like very much the product and the colour is very nice""",58,12,Good,False,Positive,0.9872
REV001701,PH036,iQOO Z11x 5G,Amazon,"""Nice product with good apps.. But many games preloaded which were not needed for few customers""","""Nice product with good apps.. But many games preloaded which were not needed for few customers""",96,16,Good,False,Positive,0.8163
REV001702,PH036,iQOO Z11x 5G,Amazon,"""Don't buy if u are looking for photography, Cemara is not good ...""","""Don't buy if u are looking for photography, Cemara is not good ...""",68,13,Good,False,Negative,0.8928
REV001703,PH036,iQOO Z11x 5G,Amazon,"""Good product""","""Good product""",14,2,Short Review,True,Positive,0.8975
REV001704,PH036,iQOO Z11x 5G,Amazon,"""Well designed device which is user-friendly. Durability to be known Otherwise the mobile is as per the description.""","""Well designed device which is user-friendly. Durability to be known Otherwise the mobile is as per the description.""",117,18,Good,False,Positive,0.8173
REV001705,PH036,iQOO Z11x 5G,Amazon,"""Nice""","""Nice""",6,1,Very Short,True,Positive,0.8956
REV001706,PH036,iQOO Z11x 5G,Amazon,"""Good one as of now!! Sound quality awesome""","""Good one as of now!! Sound quality awesome""",44,8,Good,False,Positive,0.9877
REV001707,PH036,iQOO Z11x 5G,Amazon,"""Not as per expectation.camera qualitynot good""","""Not as per expectation.camera qualitynot good""",47,6,Good,False,Negative,0.8759
REV001708,PH036,iQOO Z11x 5G,Amazon,"""Nice""","""Nice""",6,1,Very Short,True,Positive,0.8956
REV001709,PH036,iQOO Z11x 5G,Amazon,"""Nice phone in under budget.""","""Nice phone in under budget.""",29,5,Good,False,Positive,0.9435
REV001710,PH036,iQOO Z11x 5G,Amazon,"""Nice product""","""Nice product""",14,2,Short Review,True,Positive,0.9526
REV001711,PH036,iQOO Z11x 5G,Amazon,"""Super""","""Super""",7,1,Very Short,False,Neutral,0.6928
REV001712,PH036,iQOO Z11x 5G,Amazon,"""Good""","""Good""",6,1,Very Short,True,Positive,0.7658
REV001713,PH036,iQOO Z11x 5G,Amazon,"""I'm using these phone for 2 weeks now. Firstly phone hold charge pretty good but doesn't charge fast takes more 1 half hour to 2 to charge , setting any notification is very difficult, touch screen doesn't work sometimes acts Stange ,cam is good ,when you hold the phone any finger touches the touch sensor it's keep on beeping wrong fingerprint and get time out. Not idle""","""I'm using these phone for 2 weeks now. Firstly phone hold charge pretty good but doesn't charge fast takes more 1 half hour to 2 to charge , setting any notification is very difficult, touch screen doesn't work sometimes acts Stange ,cam is good ,when you hold the phone any finger touches the touch sensor it's keep on beeping wrong fingerprint and get time out. Not idle""",374,67,Good,False,Negative,0.4783
REV001714,PH036,iQOO Z11x 5G,Amazon,"""Good Product""","""Good Product""",14,2,Short Review,True,Positive,0.9145
REV001715,PH036,iQOO Z11x 5G,Amazon,"""I recommend to buy at least 8gb variant""","""I recommend to buy at least 8gb variant""",41,8,Good,False,Neutral,0.6972
REV001716,PH036,iQOO Z11x 5G,Amazon,"""Good product""","""Good product""",14,2,Short Review,True,Positive,0.8975
REV001717,PH036,iQOO Z11x 5G,Amazon,"""All ok but Display should amoled or poled in this price""","""All ok but Display should amoled or poled in this price""",57,11,Good,False,Neutral,0.679
REV001718,PH036,iQOO Z11x 5G,Amazon,"""Good one for daily use. Battery stands for 1.5days in regular use""","""Good one for daily use. Battery stands for 1.5days in regular use""",67,12,Good,False,Positive,0.9336
REV001719,PH036,iQOO Z11x 5G,Amazon,"""Battery capacity एक्सीलेंट Soung normal Display good""","""Battery capacity एक्सीलेंट Soung normal Display good""",54,7,Good,False,Neutral,0.5944
REV001720,PH036,iQOO Z11x 5G,Amazon,"""Smartphone is good at 18k , delivery is fast ,""","""Smartphone is good at 18k , delivery is fast ,""",48,10,Good,False,Positive,0.9462
REV001721,PH036,iQOO Z11x 5G,Amazon,"""Good Product""","""Good Product""",14,2,Short Review,True,Positive,0.9145
REV001722,PH036,iQOO Z11x 5G,Amazon,"""Good phone 👍""","""Good phone 👍""",14,3,Short Review,False,Positive,0.9685
REV001723,PH036,iQOO Z11x 5G,Amazon,"""Nice 👍""","""Nice 👍""",8,2,Short Review,False,Positive,0.9718
REV001724,PH036,iQOO Z11x 5G,Amazon,"""Average battery not exactly as mentioned""","""Average battery not exactly as mentioned""",42,6,Good,False,Negative,0.6026
REV001725,PH036,iQOO Z11x 5G,Amazon,"""Not worthy""","""Not worthy""",12,2,Short Review,False,Negative,0.6932
REV001726,PH036,iQOO Z11x 5G,Amazon,"""Nice smartphone with great features and so handy to operate.""","""Nice smartphone with great features and so handy to operate.""",62,10,Good,False,Positive,0.9827
REV001727,PH036,iQOO Z11x 5G,Amazon,"""Best battery performance mobile body delicate""","""Best battery performance mobile body delicate""",47,6,Good,False,Positive,0.8937
REV001728,PH036,iQOO Z11x 5G,Amazon,"""Not worthy for such amount""","""Not worthy for such amount""",28,5,Good,False,Negative,0.7756
REV001729,PH036,iQOO Z11x 5G,Amazon,"""Bhut acha phone nice product""","""Bhut acha phone nice product""",30,5,Good,False,Positive,0.8888
REV001730,PH036,iQOO Z11x 5G,Amazon,"""good""","""good""",6,1,Very Short,True,Positive,0.5239
REV001731,PH036,iQOO Z11x 5G,Amazon,"""Nice one but side mont finger print""","""Nice one but side mont finger print""",37,7,Good,False,Neutral,0.4611
REV001732,PH036,iQOO Z11x 5G,Amazon,"""Very good first mobile""","""Very good first mobile""",24,4,Good,False,Positive,0.9741
REV001733,PH036,iQOO Z11x 5G,Amazon,"""Very good product and very smoothly Sound Quality is very good Battery Life is 48 hours normal use camera Quality super""","""Very good product and very smoothly Sound Quality is very good Battery Life is 48 hours normal use camera Quality super""",121,21,Good,False,Positive,0.9781
REV001734,PH036,iQOO Z11x 5G,Amazon,"""Best under 18000rs camera not good""","""Best under 18000rs camera not good""",36,6,Good,False,Negative,0.8867
REV001735,PH036,iQOO Z11x 5G,Amazon,"""Good quality""","""Good quality""",14,2,Short Review,False,Positive,0.5948
REV001736,PH036,iQOO Z11x 5G,Amazon,"""Good 😊👍""","""Good 😊👍""",9,2,Short Review,False,Positive,0.9755
REV001737,PH036,iQOO Z11x 5G,Amazon,"""Best product in budget with 7200 mg battery power.""","""Best product in budget with 7200 mg battery power.""",52,9,Good,False,Positive,0.9649
REV001738,PH036,iQOO Z11x 5G,Amazon,"""Descent software performance and good gaming performance but lacks a bit in camera performance.worth the money""","""Descent software performance and good gaming performance but lacks a bit in camera performance.worth the money""",112,16,Good,False,Positive,0.8305
REV001739,PH036,iQOO Z11x 5G,Amazon,"""Nice good phone""","""Nice good phone""",17,3,Short Review,False,Positive,0.9578
REV001740,PH037,Vivo Y51 Pro,Flipkart,"""looking cool""","""looking cool""",14,2,Short Review,False,Positive,0.846
REV001741,PH037,Vivo Y51 Pro,Flipkart,"""nice""","""nice""",6,1,Very Short,False,Positive,0.6514
REV001742,PH037,Vivo Y51 Pro,Flipkart,"""very good""","""very good""",11,2,Short Review,False,Positive,0.9543
REV001743,PH037,Vivo Y51 Pro,Flipkart,"""front camera quality is very poor""","""front camera quality is very poor""",35,6,Good,False,Negative,0.9105
REV001744,PH037,Vivo Y51 Pro,Flipkart,"""good""","""good""",6,1,Very Short,False,Positive,0.5239
REV001745,PH037,Vivo Y51 Pro,Amazon,"""Good""","""Good""",6,1,Very Short,True,Positive,0.7658
REV001746,PH037,Vivo Y51 Pro,Amazon,"""My phone not working No one help regarding this even customer""","""My phone not working No one help regarding this even customer""",63,11,Good,False,Negative,0.9102
REV001747,PH037,Vivo Y51 Pro,Amazon,"""Processor is slow. Vibration mode is not working on call on vibration. Front camera not up to mark""","""Processor is slow. Vibration mode is not working on call on vibration. Front camera not up to mark""",100,18,Good,False,Negative,0.8777
REV001748,PH037,Vivo Y51 Pro,Amazon,"""While the camera performance did not meet expectations, the mobile's battery life is exceptionally impressive.""","""While the camera performance did not meet expectations, the mobile's battery life is exceptionally impressive.""",112,15,Good,False,Positive,0.9537
REV001749,PH037,Vivo Y51 Pro,Amazon,"""Perfect phone no issues camera quality is too good adding camera picture sample see your self pictures taken by vivo y51 5g pro.""","""Perfect phone no issues camera quality is too good adding camera picture sample see your self pictures taken by vivo y51 5g pro.""",130,23,Good,False,Positive,0.9669
REV001750,PH037,Vivo Y51 Pro,Amazon,"""Vivo y51pro Waste phone camera is worst.. don't buy this phone looking purpose good otherwise chettha phone ....... Hj Hj""","""Vivo y51pro Waste phone camera is worst.. don't buy this phone looking purpose good otherwise chettha phone ....... Hj Hj""",123,20,Good,False,Negative,0.9101
REV001751,PH037,Vivo Y51 Pro,Amazon,"""I got red 8 gb + 256gb phone battery it's fine camera quality also good and super phone. .... And it's look also super display quality is good..""","""I got red 8 gb + 256gb phone battery it's fine camera quality also good and super phone. .... And it's look also super display quality is good..""",146,28,Good,False,Positive,0.9766
REV001752,PH037,Vivo Y51 Pro,Amazon,"""Ok very smooth but The weight is a bit more and charger is slow 44 ward to 67 ward should""","""Ok very smooth but The weight is a bit more and charger is slow 44 ward to 67 ward should""",91,20,Good,False,Neutral,0.577
REV001753,PH037,Vivo Y51 Pro,Amazon,"""Very bad mobile. Please don't buy it. Its camera quality is very poor. Both sound quality also bad. Overall waste of money.""","""Very bad mobile. Please don't buy it. Its camera quality is very poor. Both sound quality also bad. Overall waste of money.""",125,22,Good,False,Negative,0.9509
REV001754,PH038,Poco C85x 5G,Flipkart,"""CAMERA IS WORST BATTERY IS EXCELLENT PERFORMANCE ONLY DAILY USE IT IS BEST FOR PARENTS CHARGING IT TAKES MORE TIME BECAUSE LONG LASTING OVERALL IT IS A AVERAGE PHONE I WOULD GIVE 3.5/5 RATING""","""CAMERA IS WORST BATTERY IS EXCELLENT PERFORMANCE ONLY DAILY USE IT IS BEST FOR PARENTS CHARGING IT TAKES MORE TIME BECAUSE LONG LASTING OVERALL IT IS A AVERAGE PHONE I WOULD GIVE 3.5/5 RATING""",193,34,Good,False,Negative,0.8554
REV001755,PH038,Poco C85x 5G,Flipkart,"""Good but heating issue""","""Good but heating issue""",24,4,Good,False,Neutral,0.5866
REV001756,PH038,Poco C85x 5G,Flipkart,"""According to price moble is good 😊""","""According to price moble is good 😊""",36,7,Good,False,Positive,0.9449
REV001757,PH038,Poco C85x 5G,Flipkart,"""Value for money product Good price""","""Value for money product Good price""",36,6,Good,False,Positive,0.7777
REV001758,PH038,Poco C85x 5G,Flipkart,"""Overall average mobile but look is too good 👍""","""Overall average mobile but look is too good 👍""",47,9,Good,False,Positive,0.9556
REV001759,PH038,Poco C85x 5G,Flipkart,"""Awesome budget phone!!!""","""Awesome budget phone!!!""",25,3,Short Review,False,Positive,0.9858
REV001760,PH038,Poco C85x 5G,Flipkart,"""The display of the phone is very bad, the performance of the phone is very bad, it is very useless, whatever I say about it, its performance is bad, please I will take care of the phone from my side s... more""","""The display of the phone is very bad, the performance of the phone is very bad, it is very useless, whatever I say about it, its performance is bad, please I will take care of the phone from my side s... more""",210,42,Good,False,Negative,0.9433
REV001761,PH038,Poco C85x 5G,Flipkart,"""Superb""","""Superb""",8,1,Very Short,False,Positive,0.8744
REV001762,PH038,Poco C85x 5G,Flipkart,"""Ok""","""Ok""",4,1,Very Short,False,Neutral,0.61
REV001763,PH038,Poco C85x 5G,Flipkart,"""Good""","""Good""",6,1,Very Short,False,Positive,0.7658
REV001764,PH038,Poco C85x 5G,Flipkart,"""Good phone""","""Good phone""",12,2,Short Review,False,Positive,0.87
REV001765,PH038,Poco C85x 5G,Flipkart,"""Good mobile""","""Good mobile""",13,2,Short Review,False,Positive,0.7661
REV001766,PH038,Poco C85x 5G,Flipkart,"""Nice""","""Nice""",6,1,Very Short,False,Positive,0.8956
REV001767,PH038,Poco C85x 5G,Flipkart,"""Value for money""","""Value for money""",17,3,Short Review,False,Neutral,0.7623
REV001768,PH038,Poco C85x 5G,Flipkart,"""Good battery backup""","""Good battery backup""",21,3,Short Review,False,Positive,0.8172
REV001769,PH038,Poco C85x 5G,Flipkart,"""Camera is average""","""Camera is average""",19,3,Short Review,False,Negative,0.5004
REV001770,PH038,Poco C85x 5G,Flipkart,"""Very nice phone""","""Very nice phone""",17,3,Short Review,False,Positive,0.9744
REV001771,PH038,Poco C85x 5G,Flipkart,"""Worth buying""","""Worth buying""",14,2,Short Review,False,Positive,0.7073
REV001772,PH038,Poco C85x 5G,Flipkart,"""Nice display""","""Nice display""",14,2,Short Review,False,Positive,0.9325
REV001773,PH038,Poco C85x 5G,Flipkart,"""Good for daily use""","""Good for daily use""",20,4,Good,False,Positive,0.8223
REV001774,PH038,Poco C85x 5G,Flipkart,"""Battery is excellent""","""Battery is excellent""",22,3,Short Review,False,Positive,0.9771
REV001775,PH038,Poco C85x 5G,Flipkart,"""Performance is smooth""","""Performance is smooth""",23,3,Short Review,False,Neutral,0.53
REV001776,PH038,Poco C85x 5G,Flipkart,"""Good product""","""Good product""",14,2,Short Review,False,Positive,0.8975
REV001777,PH038,Poco C85x 5G,Flipkart,"""Awesome mobile""","""Awesome mobile""",16,2,Short Review,False,Positive,0.9694
REV001778,PH038,Poco C85x 5G,Flipkart,"""Nice design""","""Nice design""",13,2,Short Review,False,Positive,0.9412
REV001779,PH038,Poco C85x 5G,Flipkart,"""Good sound quality""","""Good sound quality""",20,3,Short Review,False,Positive,0.8334
REV001780,PH038,Poco C85x 5G,Flipkart,"""Fast charging is good""","""Fast charging is good""",23,4,Good,False,Positive,0.8867
REV001781,PH038,Poco C85x 5G,Flipkart,"""Very good""","""Very good""",11,2,Short Review,False,Positive,0.9648
REV001782,PH038,Poco C85x 5G,Flipkart,"""Good camera""","""Good camera""",13,2,Short Review,False,Positive,0.7992
REV001783,PH038,Poco C85x 5G,Flipkart,"""Satisfied with the purchase""","""Satisfied with the purchase""",29,4,Good,False,Positive,0.7555
REV001784,PH038,Poco C85x 5G,Flipkart,"""Excellent phone""","""Excellent phone""",17,2,Short Review,False,Positive,0.9571
REV001785,PH038,Poco C85x 5G,Flipkart,"""Best in this budget""","""Best in this budget""",21,4,Good,False,Positive,0.9294
REV001786,PH038,Poco C85x 5G,Flipkart,"""Looks premium""","""Looks premium""",15,2,Short Review,False,Neutral,0.7177
REV001787,PH038,Poco C85x 5G,Flipkart,"""Good performance""","""Good performance""",18,2,Short Review,False,Positive,0.8976
REV001788,PH038,Poco C85x 5G,Flipkart,"""Battery lasts long""","""Battery lasts long""",20,3,Short Review,False,Neutral,0.5986
REV001789,PH038,Poco C85x 5G,Flipkart,"""Display is good""","""Display is good""",17,3,Short Review,False,Positive,0.9223
REV001790,PH038,Poco C85x 5G,Flipkart,"""Processor is decent""","""Processor is decent""",21,3,Short Review,False,Positive,0.6961
REV001791,PH038,Poco C85x 5G,Flipkart,"""Overall good phone""","""Overall good phone""",20,3,Short Review,False,Positive,0.9358
REV001792,PH038,Poco C85x 5G,Flipkart,"""Value for money mobile""","""Value for money mobile""",24,4,Good,False,Neutral,0.7182
REV001793,PH038,Poco C85x 5G,Flipkart,"""Very smooth""","""Very smooth""",13,2,Short Review,False,Positive,0.8201
REV001794,PH038,Poco C85x 5G,Flipkart,"""Excellent battery""","""Excellent battery""",19,2,Short Review,False,Positive,0.9297
REV001795,PH038,Poco C85x 5G,Flipkart,"""Camera could be better""","""Camera could be better""",24,4,Good,False,Neutral,0.5433
REV001796,PH038,Poco C85x 5G,Flipkart,"""Good quality""","""Good quality""",14,2,Short Review,False,Positive,0.5948
REV001797,PH038,Poco C85x 5G,Flipkart,"""Super phone""","""Super phone""",13,2,Short Review,False,Neutral,0.6455
REV001798,PH038,Poco C85x 5G,Flipkart,"""Nice mobile""","""Nice mobile""",13,2,Short Review,False,Positive,0.9029
REV001799,PH038,Poco C85x 5G,Flipkart,"""Works well""","""Works well""",12,2,Short Review,False,Positive,0.9129
REV001800,PH038,Poco C85x 5G,Flipkart,"""Happy with the product""","""Happy with the product""",24,4,Good,False,Positive,0.9581
REV001801,PH038,Poco C85x 5G,Flipkart,"""Good experience""","""Good experience""",17,2,Short Review,False,Positive,0.9114
REV001802,PH038,Poco C85x 5G,Flipkart,"""Worth the money""","""Worth the money""",17,3,Short Review,False,Positive,0.7045
REV001803,PH038,Poco C85x 5G,Flipkart,"""Nice build quality""","""Nice build quality""",20,3,Short Review,False,Positive,0.911
REV001804,PH038,Poco C85x 5G,Flipkart,"""Good phone for parents""","""Good phone for parents""",24,4,Good,False,Positive,0.8635
REV001805,PH038,Poco C85x 5G,Flipkart,"""Excellent""","""Excellent""",11,1,Very Short,False,Positive,0.9634
REV001806,PH038,Poco C85x 5G,Flipkart,"""Very good battery""","""Very good battery""",19,3,Short Review,False,Positive,0.9488
REV001807,PH038,Poco C85x 5G,Flipkart,"""Display quality is nice""","""Display quality is nice""",25,4,Good,False,Positive,0.9515
REV001808,PH038,Poco C85x 5G,Flipkart,"""Phone is lightweight""","""Phone is lightweight""",22,3,Short Review,False,Neutral,0.5422
REV001809,PH038,Poco C85x 5G,Flipkart,"""No heating issue""","""No heating issue""",18,3,Short Review,False,Neutral,0.8051
REV001810,PH038,Poco C85x 5G,Flipkart,"""Good for normal use""","""Good for normal use""",21,4,Good,False,Positive,0.7663
REV001811,PH038,Poco C85x 5G,Flipkart,"""Excellent performance""","""Excellent performance""",23,2,Short Review,False,Positive,0.952
REV001812,PH038,Poco C85x 5G,Flipkart,"""Nice camera""","""Nice camera""",13,2,Short Review,False,Positive,0.8706
REV001813,PH038,Poco C85x 5G,Flipkart,"""Good purchase""","""Good purchase""",15,2,Short Review,False,Positive,0.9133
REV001814,PH038,Poco C85x 5G,Flipkart,"""Overall satisfied""","""Overall satisfied""",19,2,Short Review,False,Positive,0.8456
REV001815,PH038,Poco C85x 5G,Flipkart,"""Best value""","""Best value""",12,2,Short Review,False,Positive,0.6149
REV001816,PH038,Poco C85x 5G,Flipkart,"""Amazing phone""","""Amazing phone""",15,2,Short Review,False,Positive,0.973
REV001817,PH038,Poco C85x 5G,Flipkart,"""Nice features""","""Nice features""",15,2,Short Review,False,Positive,0.9189
REV001818,PH038,Poco C85x 5G,Flipkart,"""Fast performance""","""Fast performance""",18,2,Short Review,False,Neutral,0.6493
REV001819,PH038,Poco C85x 5G,Flipkart,"""Smooth UI""","""Smooth UI""",11,2,Short Review,False,Positive,0.5572
REV001820,PH038,Poco C85x 5G,Flipkart,"""Battery backup is good""","""Battery backup is good""",24,4,Good,False,Positive,0.8774
REV001821,PH038,Poco C85x 5G,Flipkart,"""Good choice""","""Good choice""",13,2,Short Review,False,Positive,0.7481
REV001822,PH038,Poco C85x 5G,Flipkart,"""Premium look""","""Premium look""",14,2,Short Review,False,Neutral,0.6652
REV001823,PH038,Poco C85x 5G,Flipkart,"""Very nice experience""","""Very nice experience""",22,3,Short Review,False,Positive,0.9798
REV001824,PH038,Poco C85x 5G,Flipkart,"""Decent phone""","""Decent phone""",14,2,Short Review,False,Positive,0.7823
REV001825,PH038,Poco C85x 5G,Flipkart,"""Highly recommended""","""Highly recommended""",20,2,Short Review,False,Positive,0.9485
REV001826,PH038,Poco C85x 5G,Flipkart,"""Good in this price range""","""Good in this price range""",26,5,Good,False,Positive,0.863
REV001827,PH038,Poco C85x 5G,Flipkart,"""Nice product""","""Nice product""",14,2,Short Review,False,Positive,0.9526
REV001828,PH038,Poco C85x 5G,Flipkart,"""Awesome performance""","""Awesome performance""",21,2,Short Review,False,Positive,0.9827
REV001829,PH038,Poco C85x 5G,Flipkart,"""Very smooth phone""","""Very smooth phone""",19,3,Short Review,False,Positive,0.9072
REV001830,PH038,Poco C85x 5G,Flipkart,"""Excellent value""","""Excellent value""",17,2,Short Review,False,Positive,0.8074
REV001831,PH038,Poco C85x 5G,Flipkart,"""Good display and battery""","""Good display and battery""",26,4,Good,False,Positive,0.9269
REV001832,PH038,Poco C85x 5G,Flipkart,"""Nice smartphone""","""Nice smartphone""",17,2,Short Review,False,Positive,0.9204
REV001833,PH038,Poco C85x 5G,Flipkart,"""Good quality product""","""Good quality product""",22,3,Short Review,False,Positive,0.847
REV001834,PH038,Poco C85x 5G,Flipkart,"""Very good device""","""Very good device""",18,3,Short Review,False,Positive,0.9716
REV001835,PH038,Poco C85x 5G,Flipkart,"""Worth every penny""","""Worth every penny""",19,3,Short Review,False,Positive,0.7993
REV001836,PH038,Poco C85x 5G,Flipkart,"""Good for everyday use""","""Good for everyday use""",23,4,Good,False,Positive,0.8884
REV001837,PH038,Poco C85x 5G,Flipkart,"""Excellent battery backup""","""Excellent battery backup""",26,3,Short Review,False,Positive,0.9165
REV001838,PH038,Poco C85x 5G,Flipkart,"""Camera is decent""","""Camera is decent""",18,3,Short Review,False,Positive,0.649
REV001839,PH038,Poco C85x 5G,Flipkart,"""Very impressive""","""Very impressive""",17,2,Short Review,False,Positive,0.9625
REV001840,PH038,Poco C85x 5G,Flipkart,"""Best budget phone""","""Best budget phone""",19,3,Short Review,False,Positive,0.871
REV001841,PH038,Poco C85x 5G,Flipkart,"""Good overall""","""Good overall""",14,2,Short Review,False,Positive,0.9091
REV001842,PH038,Poco C85x 5G,Flipkart,"""Happy with battery""","""Happy with battery""",20,3,Short Review,False,Positive,0.8965
REV001843,PH038,Poco C85x 5G,Flipkart,"""Good sound""","""Good sound""",12,2,Short Review,False,Positive,0.917
REV001844,PH038,Poco C85x 5G,Flipkart,"""Excellent display""","""Excellent display""",19,2,Short Review,False,Positive,0.966
REV001845,PH038,Poco C85x 5G,Flipkart,"""Very nice mobile""","""Very nice mobile""",18,3,Short Review,False,Positive,0.9747
REV001846,PH038,Poco C85x 5G,Flipkart,"""Recommended""","""Recommended""",13,1,Very Short,False,Neutral,0.8758
REV001847,PH038,Poco C85x 5G,Flipkart,"""Good specifications""","""Good specifications""",21,2,Short Review,False,Positive,0.6321
REV001848,PH038,Poco C85x 5G,Flipkart,"""Smooth experience""","""Smooth experience""",19,2,Short Review,False,Positive,0.8162
REV001849,PH038,Poco C85x 5G,Flipkart,"""Perfect for normal users""","""Perfect for normal users""",26,4,Good,False,Positive,0.9134
REV001850,PH038,Poco C85x 5G,Flipkart,"""Nice battery life""","""Nice battery life""",19,3,Short Review,False,Positive,0.895
REV001851,PH038,Poco C85x 5G,Flipkart,"""Good enough""","""Good enough""",13,2,Short Review,False,Neutral,0.5017
REV001852,PH038,Poco C85x 5G,Flipkart,"""Excellent budget device""","""Excellent budget device""",25,3,Short Review,False,Positive,0.9379
REV001853,PH038,Poco C85x 5G,Flipkart,"""Satisfied""","""Satisfied""",11,1,Very Short,False,Positive,0.5727
REV001854,PH038,Poco C85x 5G,Flipkart,"""Nice overall""","""Nice overall""",14,2,Short Review,False,Positive,0.9369
REV001855,PH038,Poco C85x 5G,Flipkart,"""Good purchase for the price""","""Good purchase for the price""",29,5,Good,False,Positive,0.9363
REV001856,PH038,Poco C85x 5G,Flipkart,"""Very good smartphone""","""Very good smartphone""",22,3,Short Review,False,Positive,0.965
REV001857,PH038,Poco C85x 5G,Amazon,"""Not quality 👎 screen and customer care not support.. amazon not support""","""Not quality 👎 screen and customer care not support.. amazon not support""",73,12,Good,False,Negative,0.9354
REV001858,PH038,Poco C85x 5G,Amazon,"""1 star is also more for this product. After 2 months only it is strucked and totally failure item. Now I couldn't return.""","""1 star is also more for this product. After 2 months only it is strucked and totally failure item. Now I couldn't return.""",123,23,Good,False,Negative,0.9333
REV001859,PH038,Poco C85x 5G,Amazon,"""Good quality""","""Good quality""",14,2,Short Review,True,Positive,0.5948
REV001860,PH038,Poco C85x 5G,Amazon,"""Mobile has hang problem""","""Mobile has hang problem""",25,4,Good,False,Negative,0.6048
REV001861,PH038,Poco C85x 5G,Amazon,"""The phone offers good value for money. Its battery life is good as well, so it's worth buying.""","""The phone offers good value for money. Its battery life is good as well, so it's worth buying.""",96,18,Good,False,Positive,0.975
REV001862,PH038,Poco C85x 5G,Amazon,"""Best poco phone c85x""","""Best poco phone c85x""",22,4,Good,False,Positive,0.9138
REV001863,PH038,Poco C85x 5G,Amazon,"""Worst ever product and received a used one Finger print was ther while unboxing""","""Worst ever product and received a used one Finger print was ther while unboxing""",81,14,Good,False,Negative,0.9542
REV001864,PH038,Poco C85x 5G,Amazon,"""Badiya h chalao""","""Badiya h chalao""",17,3,Short Review,False,Neutral,0.8323
REV001865,PH038,Poco C85x 5G,Amazon,"""This phone runs very slowly and some apps don't open right away. It takes a while to even open an app.""","""This phone runs very slowly and some apps don't open right away. It takes a while to even open an app.""",104,21,Good,False,Negative,0.8682
REV001866,PH038,Poco C85x 5G,Amazon,"""Phone is continuously hanging waste""","""Phone is continuously hanging waste""",37,5,Good,False,Negative,0.803
REV001867,PH038,Poco C85x 5G,Amazon,"""No one should buy this smartphone...it hangs a lot ...also u'll also not get support from amazon ...""","""No one should buy this smartphone...it hangs a lot ...also u'll also not get support from amazon ...""",102,18,Good,False,Negative,0.9248
REV001868,PH038,Poco C85x 5G,Amazon,"""Charging is very slow. Phone hanging frequently. Not worth for atleast 9k. Don't buy and don't waste your money. Phone is heavy overheating and turn off. After turn on stucked. No return and no replacement option. Amazon Said go to service centre. That's it.""","""Charging is very slow. Phone hanging frequently. Not worth for atleast 9k. Don't buy and don't waste your money. Phone is heavy overheating and turn off. After turn on stucked. No return and no replacement option. Amazon Said go to service centre. That's it.""",260,44,Good,False,Negative,0.9237
REV001869,PH038,Poco C85x 5G,Amazon,"""Do not buy this product,, multiple app missing""","""Do not buy this product,, multiple app missing""",48,8,Good,False,Negative,0.9128
REV001870,PH038,Poco C85x 5G,Amazon,"""Worst phone""","""Worst phone""",13,2,Short Review,False,Negative,0.9116
REV001871,PH038,Poco C85x 5G,Amazon,"""not satisfied 2ith product""","""not satisfied 2ith product""",28,4,Good,False,Negative,0.8137
REV001872,PH040,Realme C83 5G,Flipkart,"""camera was not good everything else is good""","""camera was not good everything else is good""",45,8,Good,False,Negative,0.5372
REV001873,PH040,Realme C83 5G,Flipkart,"""nice product good emi process""","""nice product good emi process""",31,5,Good,False,Positive,0.9626
REV001874,PH040,Realme C83 5G,Flipkart,"""this is not good camera quality is poor""","""this is not good camera quality is poor""",41,8,Good,False,Negative,0.9356
REV001875,PH040,Realme C83 5G,Flipkart,"""excellent""","""excellent""",11,1,Very Short,False,Positive,0.815
REV001876,PH040,Realme C83 5G,Flipkart,"""over all ok but mobile slow""","""over all ok but mobile slow""",29,6,Good,False,Neutral,0.5127
REV001877,PH040,Realme C83 5G,Flipkart,"""camera disappointing""","""camera disappointing""",22,2,Short Review,False,Negative,0.8406
REV001878,PH040,Realme C83 5G,Amazon,"""Nice phone, I like it.""","""Nice phone, I like it.""",24,5,Good,False,Positive,0.9778
REV001879,PH040,Realme C83 5G,Amazon,"""The worst and most expensive phone is this good Realme c 63 5g 6 128 which was good, which the company did not stop. Please don't take anyone this c 71 c73 c 83 or c85""","""The worst and most expensive phone is this good Realme c 63 5g 6 128 which was good, which the company did not stop. Please don't take anyone this c 71 c73 c 83 or c85""",169,36,Good,False,Negative,0.8323
REV001880,PH040,Realme C83 5G,Amazon,"""Worst experience with this phone. Honestly it does not even deserve half a star. The camera quality is very poor. Charging takes too much time which makes daily use frustrating. Considering the price, the performance is disappointing and not worth buying. I would not recommend this phone to anyone.""","""Worst experience with this phone. Honestly it does not even deserve half a star. The camera quality is very poor. Charging takes too much time which makes daily use frustrating. Considering the price, the performance is disappointing and not worth buying. I would not recommend this phone to anyone.""",301,49,Good,False,Negative,0.9588
REV001881,PH040,Realme C83 5G,Amazon,"""So far everything is working perfectly... nothing to point out""","""So far everything is working perfectly... nothing to point out""",64,10,Good,False,Positive,0.8443
REV001882,PH040,Realme C83 5G,Amazon,"""I had a Xiaomi and I changed following a fall of my device and I took this laptop in relation to the shock resistance and the location systems with 4 satellites. On the other hand, I have hearing aids that did not connect to my laptop and with this new laptop everything is great. 👍👌""","""I had a Xiaomi and I changed following a fall of my device and I took this laptop in relation to the shock resistance and the location systems with 4 satellites. On the other hand, I have hearing aids that did not connect to my laptop and with this new laptop everything is great. 👍👌""",285,55,Good,False,Positive,0.8509
REV001883,PH040,Realme C83 5G,Amazon,"""Quality price I'll buy again great""","""Quality price I'll buy again great""",36,6,Good,False,Positive,0.9482
REV001884,PH040,Realme C83 5G,Amazon,"""Great phone, fast and complete""","""Great phone, fast and complete""",32,5,Good,False,Positive,0.981
REV001885,PH040,Realme C83 5G,Amazon,"""It is a mid-range but it meets all expectations. It's not yet on the manufacturer's website, I've only seen it on Realme India where the launch took place. It's smooth, good storage, and 5G speed. To say the least, I don't really like the gestural launcher and the simple launcher lacks customization.""","""It is a mid-range but it meets all expectations. It's not yet on the manufacturer's website, I've only seen it on Realme India where the launch took place. It's smooth, good storage, and 5G speed. To say the least, I don't really like the gestural launcher and the simple launcher lacks customization.""",303,52,Good,False,Negative,0.4315
REV001886,PH040,Realme C83 5G,Amazon,"""A good phone and it arrived the second day after ordering it with all sincerity it deserves 5 stars""","""A good phone and it arrived the second day after ordering it with all sincerity it deserves 5 stars""",101,19,Good,False,Positive,0.9779
REV001887,PH040,Realme C83 5G,Amazon,"""Ok except for the qr reader... it's not part of the package of apps inserted You need to download an additional app""","""Ok except for the qr reader... it's not part of the package of apps inserted You need to download an additional app""",117,22,Good,False,Neutral,0.5519
REV001888,PH040,Realme C83 5G,Amazon,"""Phone with great performance. Very good and of great quality. The only negative point of the purchase was the carrier; they said that there was an error in the address, when there was none. Then they said that on the date they passed, no one was there when I was at home. They left the package outside the mailbox, on the floor. Lucky it didn't rain, otherwise it was a serious problem. I think that the PAACK carrier should be warned and considered using it.""","""Phone with great performance. Very good and of great quality. The only negative point of the purchase was the carrier; they said that there was an error in the address, when there was none. Then they said that on the date they passed, no one was there when I was at home. They left the package outside the mailbox, on the floor. Lucky it didn't rain, otherwise it was a serious problem. I think that the PAACK carrier should be warned and considered using it.""",461,85,Good,False,Negative,0.3968
REV001889,PH040,Realme C83 5G,Amazon,"""Fantastic cell phone""","""Fantastic cell phone""",22,3,Short Review,False,Positive,0.9774
REV001890,PH040,Realme C83 5G,Amazon,"""Very fluid, really perfect for a low price""","""Very fluid, really perfect for a low price""",44,8,Good,False,Positive,0.9649
REV001891,PH040,Realme C83 5G,Amazon,"""After six months everything ok, great phone and fantastic lifespan""","""After six months everything ok, great phone and fantastic lifespan""",68,10,Good,False,Positive,0.9804
REV001892,PH040,Realme C83 5G,Amazon,"""Excellent smartphone, shock resistance, excellent Ram and Rome capacity and competitive price. Recommended for those who use the smartphone every day but not suitable for extreme gaming""","""Excellent smartphone, shock resistance, excellent Ram and Rome capacity and competitive price. Recommended for those who use the smartphone every day but not suitable for extreme gaming""",187,27,Good,False,Positive,0.882
REV001893,PH040,Realme C83 5G,Amazon,"""Everything perfect as I expected""","""Everything perfect as I expected""",34,5,Good,False,Positive,0.9375
REV001894,PH040,Realme C83 5G,Amazon,"""Great phone quality/price fast and good photos""","""Great phone quality/price fast and good photos""",48,7,Good,False,Positive,0.9718
REV001895,PH040,Realme C83 5G,Amazon,"""performance not up to expectations, especially compared to what is in the description.""","""performance not up to expectations, especially compared to what is in the description.""",88,13,Good,False,Negative,0.6907
REV001896,PH040,Realme C83 5G,Amazon,"""Good phone""","""Good phone""",12,2,Short Review,False,Positive,0.87
REV001897,PH040,Realme C83 5G,Amazon,"""Everything's fine""","""Everything's fine""",19,2,Short Review,False,Positive,0.6312
REV001898,PH040,Realme C83 5G,Amazon,"""Everything I was looking for is in this cell phone""","""Everything I was looking for is in this cell phone""",52,10,Good,False,Neutral,0.6156
REV001899,PH040,Realme C83 5G,Amazon,"""Great gift For a person who usually destroys them, it is indestructible and has all the functions of any other mid-high-end product.""","""Great gift For a person who usually destroys them, it is indestructible and has all the functions of any other mid-high-end product.""",134,22,Good,False,Positive,0.8511
REV001900,PH040,Realme C83 5G,Amazon,"""Very good phone! Great value for money!""","""Very good phone! Great value for money!""",41,7,Good,False,Positive,0.9843
REV001901,PH040,Realme C83 5G,Amazon,"""Poor quality""","""Poor quality""",14,2,Short Review,False,Negative,0.8253
REV001902,PH040,Realme C83 5G,Amazon,"""Definitely a good buy, it does its job. It comes with the cover and the included film and a charging cable. No charger. The configuration from an old Android phone was very fast, we barely missed a morning.""","""Definitely a good buy, it does its job. It comes with the cover and the included film and a charging cable. No charger. The configuration from an old Android phone was very fast, we barely missed a morning.""",208,38,Good,False,Positive,0.9537
REV001903,PH040,Realme C83 5G,Amazon,"""Nice, it gives a sense of solidity but, after just 10 days I am returning it as horizontal lines appear for the entire display that have not gone away even after the reset""","""Nice, it gives a sense of solidity but, after just 10 days I am returning it as horizontal lines appear for the entire display that have not gone away even after the reset""",173,33,Good,False,Neutral,0.4842
REV001904,PH040,Realme C83 5G,Amazon,"""Arrived on time. Good camera, very fast in navigation""","""Arrived on time. Good camera, very fast in navigation""",55,9,Good,False,Positive,0.9638
REV001905,PH040,Realme C83 5G,Amazon,"""In line with expectations.""","""In line with expectations.""",28,4,Good,False,Neutral,0.8539
REV001906,PH041,Motorola Edge 70 Fusion,Flipkart,"""camera 8/10 *Performance 9/10 *Battery backup 10/10 *Display 10/10 No other issues, just have some bugs and no other problem. Highly recommend in this segment""","""camera 8/10 *Performance 9/10 *Battery backup 10/10 *Display 10/10 No other issues, just have some bugs and no other problem. Highly recommend in this segment""",160,25,Good,False,Positive,0.937
REV001907,PH041,Motorola Edge 70 Fusion,Flipkart,"""Good camera Good display Good battery backup Good in gaming 120fps in bgmi Good in charging speed Good in mobile handset feel Con: That would be good if they provide screen guard and back cover, ...""","""Good camera Good display Good battery backup Good in gaming 120fps in bgmi Good in charging speed Good in mobile handset feel Con: That would be good if they provide screen guard and back cover, ...""",200,36,Good,False,Positive,0.9307
REV001908,PH041,Motorola Edge 70 Fusion,Flipkart,"""The battery is too good and the camera is awesome. Perfomance excellent. The design looks pretty.""","""The battery is too good and the camera is awesome. Perfomance excellent. The design looks pretty.""",99,16,Good,False,Positive,0.9867
REV001909,PH041,Motorola Edge 70 Fusion,Flipkart,"""The camera quality is very nice ❤️ Also the battery have long life ❤️ Everything is too good everyone must buy this phone 📱""","""The camera quality is very nice ❤️ Also the battery have long life ❤️ Everything is too good everyone must buy this phone 📱""",125,24,Good,False,Positive,0.9891
REV001910,PH041,Motorola Edge 70 Fusion,Flipkart,"""Camera is good 4.5/5 Display 5/5 Battery 4.5/5 Over all 3 days use phone so good...""","""Camera is good 4.5/5 Display 5/5 Battery 4.5/5 Over all 3 days use phone so good...""",85,16,Good,False,Positive,0.9759
REV001911,PH041,Motorola Edge 70 Fusion,Flipkart,"""Great for gaming and daily use. No lag, very smooth experience.""","""Great for gaming and daily use. No lag, very smooth experience.""",65,11,Good,False,Positive,0.9716
REV001912,PH041,Motorola Edge 70 Fusion,Flipkart,"""Super phone everything is good""","""Super phone everything is good""",32,5,Good,False,Positive,0.9541
REV001913,PH041,Motorola Edge 70 Fusion,Flipkart,"""Very good balance in mid range. Except the side frame which is plastic, build is pretty good and handy with quite less weight for the massive 7000mah. Display: 5/5 Battery: 5/5 Speakers: 5/5 Build: 4/...""","""Very good balance in mid range. Except the side frame which is plastic, build is pretty good and handy with quite less weight for the massive 7000mah. Display: 5/5 Battery: 5/5 Speakers: 5/5 Build: 4/...""",205,35,Good,False,Positive,0.9483
REV001914,PH041,Motorola Edge 70 Fusion,Flipkart,"""The phone looks good the moment you're holding it. Display is good but one thing is a curve which will enable unwanted touch even while watching content. Speakers are good but you'll feel your hand...""","""The phone looks good the moment you're holding it. Display is good but one thing is a curve which will enable unwanted touch even while watching content. Speakers are good but you'll feel your hand...""",202,35,Good,False,Positive,0.8432
REV001915,PH041,Motorola Edge 70 Fusion,Flipkart,"""Awesome Phone 📱🤳""","""Awesome Phone 📱🤳""",18,3,Short Review,False,Positive,0.9883
REV001916,PH041,Motorola Edge 70 Fusion,Flipkart,"""Overall good purchase as compared to other devices at this time""","""Overall good purchase as compared to other devices at this time""",65,11,Good,False,Positive,0.9647
REV001917,PH041,Motorola Edge 70 Fusion,Flipkart,"""I love moto.💚""","""I love moto.💚""",15,3,Short Review,False,Positive,0.9878
REV001918,PH041,Motorola Edge 70 Fusion,Flipkart,"""Ignore the negative reviews. The camera, battery, performance and display are awesome. There is no doubt about it. Although there is a little heating issue while charging (but don't worry because it...""","""Ignore the negative reviews. The camera, battery, performance and display are awesome. There is no doubt about it. Although there is a little heating issue while charging (but don't worry because it...""",203,32,Good,False,Positive,0.8916
REV001919,PH041,Motorola Edge 70 Fusion,Flipkart,"""This segment best phone All out off 5/5""","""This segment best phone All out off 5/5""",41,8,Good,False,Positive,0.9004
REV001920,PH041,Motorola Edge 70 Fusion,Flipkart,"""📱It has good Functions, Nice Look, Light weight, Battery is good, Camera wants Improvement, Speakers is very nice, Want's a Performance Improvement, I think it will be fixed in The Upcoming Updates...""","""📱It has good Functions, Nice Look, Light weight, Battery is good, Camera wants Improvement, Speakers is very nice, Want's a Performance Improvement, I think it will be fixed in The Upcoming Updates...""",202,32,Good,False,Positive,0.9559
REV001921,PH041,Motorola Edge 70 Fusion,Flipkart,"""📱It has good Functions, Nice Look, Light weight, Battery is good, Camera wants Improvement, Speakers is very nice, Want's a Performance Improvement, I think it will be fixed in The Upcoming Updates...""","""📱It has good Functions, Nice Look, Light weight, Battery is good, Camera wants Improvement, Speakers is very nice, Want's a Performance Improvement, I think it will be fixed in The Upcoming Updates...""",202,32,Good,True,Positive,0.9559
REV001922,PH041,Motorola Edge 70 Fusion,Flipkart,"""Phone is good, but the primary protection is not given in the box like the back pouch and the screen guard, when I try to buy them, not available in the market as this is a newly launched mobile. Moto...""","""Phone is good, but the primary protection is not given in the box like the back pouch and the screen guard, when I try to buy them, not available in the market as this is a newly launched mobile. Moto...""",205,40,Good,False,Negative,0.5861
REV001923,PH041,Motorola Edge 70 Fusion,Flipkart,"""Camra 4.5/5 Bettry 5/5 Display 5/5 Design 5/5 Performance 5/5😘""","""Camra 4.5/5 Bettry 5/5 Display 5/5 Design 5/5 Performance 5/5😘""",64,10,Good,False,Positive,0.8826
REV001924,PH041,Motorola Edge 70 Fusion,Flipkart,"""Exllent mobile camera super display super performance also super overall good mobile""","""Exllent mobile camera super display super performance also super overall good mobile""",86,12,Good,False,Positive,0.9827
REV001925,PH041,Motorola Edge 70 Fusion,Flipkart,"""Bought today but so far so good. The only issue is it is surprisingly laggy. And heating up a bit but maybe cause it's first day""","""Bought today but so far so good. The only issue is it is surprisingly laggy. And heating up a bit but maybe cause it's first day""",130,26,Good,False,Positive,0.6487
REV001926,PH041,Motorola Edge 70 Fusion,Flipkart,"""This is definitely an all-rounder phone if you are looking for a phone that will provide a good camera with a good battery and decent performance then go for it . It's been a month since I am using ...""","""This is definitely an all-rounder phone if you are looking for a phone that will provide a good camera with a good battery and decent performance then go for it . It's been a month since I am using ...""",203,40,Good,False,Positive,0.954
REV001927,PH041,Motorola Edge 70 Fusion,Flipkart,"""Overall good""","""Overall good""",14,2,Short Review,False,Positive,0.9234
REV001928,PH041,Motorola Edge 70 Fusion,Flipkart,"""Nice in hand feel and camera are good in low light performance in gaming is also good no lag no frame drop if your budget is under30000 you will definitely buy this phone""","""Nice in hand feel and camera are good in low light performance in gaming is also good no lag no frame drop if your budget is under30000 you will definitely buy this phone""",172,33,Good,False,Positive,0.9761
REV001929,PH041,Motorola Edge 70 Fusion,Flipkart,"""Best Camera, Performance, Battery, Design Looking premium, Value for money""","""Best Camera, Performance, Battery, Design Looking premium, Value for money""",76,10,Good,False,Positive,0.9411
REV001930,PH041,Motorola Edge 70 Fusion,Flipkart,"""Value for Money. Battery quality is best Camera Quality Best Back is made from Rubber easy to handle Curved Glass. Eye protection Good Over all very good phone""","""Value for Money. Battery quality is best Camera Quality Best Back is made from Rubber easy to handle Curved Glass. Eye protection Good Over all very good phone""",161,28,Good,False,Positive,0.9718
REV001931,PH041,Motorola Edge 70 Fusion,Flipkart,"""Finally as I expected it's worth it All over Good phone📱👍😊 I Upgrade to Edge 40 Neo to Edge 70 Fusion""","""Finally as I expected it's worth it All over Good phone📱👍😊 I Upgrade to Edge 40 Neo to Edge 70 Fusion""",103,21,Good,False,Positive,0.9846
REV001932,PH041,Motorola Edge 70 Fusion,Flipkart,"""I love moto big fan of edge series mobile .... unlimited battery life up to 2days ....camara super..overall 10/10 my suggestion""","""I love moto big fan of edge series mobile .... unlimited battery life up to 2days ....camara super..overall 10/10 my suggestion""",129,21,Good,False,Positive,0.987
REV001933,PH041,Motorola Edge 70 Fusion,Flipkart,"""Excellent""","""Excellent""",11,1,Very Short,False,Positive,0.9634
REV001934,PH041,Motorola Edge 70 Fusion,Flipkart,"""Good 👍""","""Good 👍""",8,2,Short Review,False,Positive,0.9672
REV001935,PH041,Motorola Edge 70 Fusion,Flipkart,"""The charger gets very hot while charging and the phone also gets hot little by little. What is the reason for this? Please answer me soon.""","""The charger gets very hot while charging and the phone also gets hot little by little. What is the reason for this? Please answer me soon.""",140,26,Good,False,Negative,0.8341
REV001936,PH041,Motorola Edge 70 Fusion,Flipkart,"""MY BEST LOVING MOBILE, BEAUTIFUL DESIGN, DISPLAY AND SLIM MOBILE... SO HAPPY 😊""","""MY BEST LOVING MOBILE, BEAUTIFUL DESIGN, DISPLAY AND SLIM MOBILE... SO HAPPY 😊""",80,13,Good,False,Positive,0.9891
REV001937,PH041,Motorola Edge 70 Fusion,Flipkart,"""I have been using this phone for about 15 days now , absolutely loving this phone Performance is great Camera and display are top class Very good experience overall Many users including me were fac...""","""I have been using this phone for about 15 days now , absolutely loving this phone Performance is great Camera and display are top class Very good experience overall Many users including me were fac...""",202,35,Good,False,Positive,0.9899
REV001938,PH041,Motorola Edge 70 Fusion,Flipkart,"""Nice phone 📱""","""Nice phone 📱""",14,3,Short Review,False,Positive,0.9568
REV001939,PH041,Motorola Edge 70 Fusion,Flipkart,"""Back side shouldn't be leather finish.. Battery 🌟🌟🌟🌟🌟 Back camera 🌟🌟🌟🌟 Selfie cam🌟🌟🌟🌟🌟 Display 🌟🌟🌟🌟🌟""","""Back side shouldn't be leather finish.. Battery 🌟🌟🌟🌟🌟 Back camera 🌟🌟🌟🌟 Selfie cam🌟🌟🌟🌟🌟 Display 🌟🌟🌟🌟🌟""",102,15,Good,False,Neutral,0.5096
REV001940,PH041,Motorola Edge 70 Fusion,Flipkart,"""Overall good device but camera was more Beauty tipe picture I don't like this and front camera was not good""","""Overall good device but camera was more Beauty tipe picture I don't like this and front camera was not good""",109,20,Good,False,Negative,0.9003
REV001941,PH041,Motorola Edge 70 Fusion,Flipkart,"""Before buying this phone i also had many doubts about how it would be , but after using 5 days i can just say it's perfect in this price. Take a risk and go for it , i swear you will enjoy it😊""","""Before buying this phone i also had many doubts about how it would be , but after using 5 days i can just say it's perfect in this price. Take a risk and go for it , i swear you will enjoy it😊""",194,43,Good,False,Positive,0.9608
REV001942,PH041,Motorola Edge 70 Fusion,Flipkart,"""Amazing battery... Amazing display... Amazing camera... Simply Amazing. Worth every penny""","""Amazing battery... Amazing display... Amazing camera... Simply Amazing. Worth every penny""",91,11,Good,False,Positive,0.9844
REV001943,PH041,Motorola Edge 70 Fusion,Flipkart,"""Just outstanding. Excellent cameras, nice battery backup, flawless UI and light weight. Worth buying.""","""Just outstanding. Excellent cameras, nice battery backup, flawless UI and light weight. Worth buying.""",103,14,Good,False,Positive,0.9798
REV001944,PH041,Motorola Edge 70 Fusion,Flipkart,"""Best all-rounder phone in this range""","""Best all-rounder phone in this range""",38,6,Good,False,Positive,0.9537
REV001945,PH041,Motorola Edge 70 Fusion,Flipkart,"""Excellent camera, smooth performance and battery backup is also very good.""","""Excellent camera, smooth performance and battery backup is also very good.""",76,11,Good,False,Positive,0.9734
REV001946,PH041,Motorola Edge 70 Fusion,Flipkart,"""Premium look and feel. Display quality is awesome.""","""Premium look and feel. Display quality is awesome.""",52,8,Good,False,Positive,0.98
REV001947,PH041,Motorola Edge 70 Fusion,Flipkart,"""Phone is very smooth and clean UI is excellent.""","""Phone is very smooth and clean UI is excellent.""",49,9,Good,False,Positive,0.9804
REV001948,PH041,Motorola Edge 70 Fusion,Flipkart,"""Charging speed is good and battery lasts long.""","""Charging speed is good and battery lasts long.""",48,8,Good,False,Positive,0.9526
REV001949,PH041,Motorola Edge 70 Fusion,Flipkart,"""Very good phone for daily use.""","""Very good phone for daily use.""",32,6,Good,False,Positive,0.9792
REV001950,PH041,Motorola Edge 70 Fusion,Flipkart,"""Camera performance is excellent in daylight.""","""Camera performance is excellent in daylight.""",46,6,Good,False,Positive,0.9705
REV001951,PH041,Motorola Edge 70 Fusion,Flipkart,"""Best Motorola phone in this price segment.""","""Best Motorola phone in this price segment.""",44,7,Good,False,Positive,0.9603
REV001952,PH041,Motorola Edge 70 Fusion,Flipkart,"""This phone is awesome. Camera quality is superb, battery backup is excellent and the display is really vibrant. Performance is smooth and there are no major issues.""","""This phone is awesome. Camera quality is superb, battery backup is excellent and the display is really vibrant. Performance is smooth and there are no major issues.""",166,27,Good,False,Positive,0.9852
REV001953,PH041,Motorola Edge 70 Fusion,Flipkart,"""After using it for a week I can say it is one of the best phones in this budget. Clean UI, no bloatware, excellent display and decent cameras.""","""After using it for a week I can say it is one of the best phones in this budget. Clean UI, no bloatware, excellent display and decent cameras.""",144,28,Good,False,Positive,0.9777
REV001954,PH041,Motorola Edge 70 Fusion,Flipkart,"""The phone is lightweight and premium. Battery backup is fantastic and charging speed is also good.""","""The phone is lightweight and premium. Battery backup is fantastic and charging speed is also good.""",100,16,Good,False,Positive,0.9808
REV001955,PH041,Motorola Edge 70 Fusion,Flipkart,"""Very smooth experience. Gaming performance is also very good without noticeable heating.""","""Very smooth experience. Gaming performance is also very good without noticeable heating.""",90,12,Good,False,Positive,0.9731
REV001956,PH041,Motorola Edge 70 Fusion,Flipkart,"""Excellent display and camera. Motorola has done a great job.""","""Excellent display and camera. Motorola has done a great job.""",62,10,Good,False,Positive,0.9826
REV001957,PH041,Motorola Edge 70 Fusion,Flipkart,"""Battery backup is amazing. Easily lasts for two days with normal usage.""","""Battery backup is amazing. Easily lasts for two days with normal usage.""",73,12,Good,False,Positive,0.9775
REV001958,PH041,Motorola Edge 70 Fusion,Flipkart,"""The curved display looks premium. Camera quality is very good.""","""The curved display looks premium. Camera quality is very good.""",64,10,Good,False,Positive,0.9756
REV001959,PH041,Motorola Edge 70 Fusion,Flipkart,"""Excellent phone for multimedia and gaming.""","""Excellent phone for multimedia and gaming.""",44,6,Good,False,Positive,0.9756
REV001960,PH041,Motorola Edge 70 Fusion,Flipkart,"""Good camera, great battery and stock Android experience is the best part.""","""Good camera, great battery and stock Android experience is the best part.""",75,12,Good,False,Positive,0.9772
REV001961,PH041,Motorola Edge 70 Fusion,Flipkart,"""Very satisfied with the purchase.""","""Very satisfied with the purchase.""",35,5,Good,False,Positive,0.9714
REV001962,PH041,Motorola Edge 70 Fusion,Flipkart,"""Performance is excellent. Display is bright and colors are vibrant.""","""Performance is excellent. Display is bright and colors are vibrant.""",69,10,Good,False,Positive,0.9866
REV001963,PH041,Motorola Edge 70 Fusion,Flipkart,"""Best value for money.""","""Best value for money.""",23,4,Good,False,Positive,0.9431
REV001964,PH041,Motorola Edge 70 Fusion,Flipkart,"""Everything is perfect except the availability of accessories.""","""Everything is perfect except the availability of accessories.""",63,8,Good,False,Positive,0.7873
REV001965,PH041,Motorola Edge 70 Fusion,Flipkart,"""The software experience is very smooth and clean.""","""The software experience is very smooth and clean.""",51,8,Good,False,Positive,0.955
REV001966,PH041,Motorola Edge 70 Fusion,Flipkart,"""Worth buying if you want a clean Android experience.""","""Worth buying if you want a clean Android experience.""",54,9,Good,False,Positive,0.9444
REV001967,PH041,Motorola Edge 70 Fusion,Flipkart,"""Excellent battery life and premium design.""","""Excellent battery life and premium design.""",44,6,Good,False,Positive,0.9563
REV001968,PH041,Motorola Edge 70 Fusion,Amazon,"""The Moto Fusion 70 is a great value-for-money phone with a smooth display, long battery life, and clean Android experience. It handles daily tasks well, though heavy gaming performance is average. Very happy with my purchase of the Moto Fusion 70. Smooth performance make it totally worth it.""","""The Moto Fusion 70 is a great value-for-money phone with a smooth display, long battery life, and clean Android experience. It handles daily tasks well, though heavy gaming performance is average. Very happy with my purchase of the Moto Fusion 70. Smooth performance make it totally worth it.""",294,48,Good,False,Positive,0.9794
REV001969,PH041,Motorola Edge 70 Fusion,Amazon,"""The product is good and have been very much satisfied with it""","""The product is good and have been very much satisfied with it""",63,12,Good,False,Positive,0.9831
REV001970,PH041,Motorola Edge 70 Fusion,Amazon,"""Battery: After one month of usage, I can give you genuine review about the battery. It will help you in decision making. I unplugged the charger at exactly 8 AM. After that I used all Apps for entertainment, office work app like google meet, excel, camera(atleast 500 times), oken scanner, whatsapp calls, msg, video calls, insta, x. Exactly - the mobile shutdown at 0% after 16 hours 40 minutes. The last 3% stood 37 minutes when I was watching YouTube. The last one minute still stood 16 minutes. 100% Charging it takes about about 1 hour. In 8 minutes, the battery charges 0 to 12%. Camera : Great, Dual Video Capture. Speaker: Mind blowing. Dolby Atmos. Display: Superb Grip: Fear of loosing if not used too of slim phone. Mobile very thin. Durability: Always use ring 💍 holder on back cover and a military grade back cover. Software: A MAJOR GLITCH- WHEN YOU SCROLL TWITTER VIDEOS IN CHROME, THEN PREVIOUS VIDEO SOUND KEEP COMING IN YOUR CURRENT VIDEO UNTIL OR UNLESS YOU GO BACK AND PAUSE THAT VIDEO AND THEN COME BACK TO PLAY YOUR CURRENT VIDEO. I THINK MOTOROLA NEEDS TO FIX THIS. Overall 3.8/5 just because of Camera, Battery, and Sound.""","""Battery: After one month of usage, I can give you genuine review about the battery. It will help you in decision making. I unplugged the charger at exactly 8 AM. After that I used all Apps for entertainment, office work app like google meet, excel, camera(atleast 500 times), oken scanner, whatsapp calls, msg, video calls, insta, x. Exactly - the mobile shutdown at 0% after 16 hours 40 minutes. The last 3% stood 37 minutes when I was watching YouTube. The last one minute still stood 16 minutes. 100% Charging it takes about about 1 hour. In 8 minutes, the battery charges 0 to 12%. Camera : Great, Dual Video Capture. Speaker: Mind blowing. Dolby Atmos. Display: Superb Grip: Fear of loosing if not used too of slim phone. Mobile very thin. Durability: Always use ring 💍 holder on back cover and a military grade back cover. Software: A MAJOR GLITCH- WHEN YOU SCROLL TWITTER VIDEOS IN CHROME, THEN PREVIOUS VIDEO SOUND KEEP COMING IN YOUR CURRENT VIDEO UNTIL OR UNLESS YOU GO BACK AND PAUSE THAT VIDEO AND THEN COME BACK TO PLAY YOUR CURRENT VIDEO. I THINK MOTOROLA NEEDS TO FIX THIS. Overall 3.8/5 just because of Camera, Battery, and Sound.""",1148,203,Good,False,Neutral,0.554
REV001971,PH041,Motorola Edge 70 Fusion,Amazon,"""Camera quality is below avg specifically the selfie part... unnecessary default saturation of the photos which is very irritating and you can't do anything about it""","""Camera quality is below avg specifically the selfie part... unnecessary default saturation of the photos which is very irritating and you can't do anything about it""",166,26,Good,False,Negative,0.916
REV001972,PH041,Motorola Edge 70 Fusion,Amazon,"""Overall very average phone one can get better phones in this range...I bought this phone after seeing all the reviews and now i am hell upset because there is no return policy""","""Overall very average phone one can get better phones in this range...I bought this phone after seeing all the reviews and now i am hell upset because there is no return policy""",177,32,Good,False,Negative,0.9295
REV001973,PH041,Motorola Edge 70 Fusion,Amazon,"""Best all rounder phone""","""Best all rounder phone""",24,4,Good,False,Positive,0.9184
REV001974,PH041,Motorola Edge 70 Fusion,Amazon,"""Nice""","""Nice""",6,1,Very Short,False,Positive,0.8956
REV001975,PH041,Motorola Edge 70 Fusion,Amazon,"""When I bought Motorola handset in past and now, I always faced the software problem in every handset. I don't know Why ?? The screen blinked many times and automatic apps closed.""","""When I bought Motorola handset in past and now, I always faced the software problem in every handset. I don't know Why ?? The screen blinked many times and automatic apps closed.""",180,32,Good,False,Negative,0.8481
REV001976,PH041,Motorola Edge 70 Fusion,Amazon,"""Lovely display great battery life""","""Lovely display great battery life""",35,5,Good,False,Positive,0.9799
REV001977,PH041,Motorola Edge 70 Fusion,Amazon,"""Good product""","""Good product""",14,2,Short Review,False,Positive,0.8975
REV001978,PH041,Motorola Edge 70 Fusion,Amazon,"""Very nice , love the product it is good for this price, pretty strong, also battery life and charging is good ,nice finish and rigid too. This is my first time using moto after years of gap and I am happy with the purchase.""","""Very nice , love the product it is good for this price, pretty strong, also battery life and charging is good ,nice finish and rigid too. This is my first time using moto after years of gap and I am happy with the purchase.""",225,44,Good,False,Positive,0.9867
REV001979,PH041,Motorola Edge 70 Fusion,Amazon,"""Good""","""Good""",6,1,Very Short,False,Positive,0.7658
REV001980,PH041,Motorola Edge 70 Fusion,Amazon,"""Good""","""Good""",6,1,Very Short,True,Positive,0.7658
REV001981,PH041,Motorola Edge 70 Fusion,Amazon,"""Excellent""","""Excellent""",11,1,Very Short,True,Positive,0.9634
REV001982,PH041,Motorola Edge 70 Fusion,Amazon,"""Good""","""Good""",6,1,Very Short,True,Positive,0.7658
REV001983,PH041,Motorola Edge 70 Fusion,Amazon,"""Moto-70 edge fusion is value for money. Great camera and features and great price. Delivery was done within time.""","""Moto-70 edge fusion is value for money. Great camera and features and great price. Delivery was done within time.""",115,19,Good,False,Positive,0.9804
REV001984,PH041,Motorola Edge 70 Fusion,Amazon,"""Camera quality is not good""","""Camera quality is not good""",28,5,Good,False,Negative,0.8494
REV001985,PH041,Motorola Edge 70 Fusion,Amazon,"""Nice""","""Nice""",6,1,Very Short,True,Positive,0.8956
REV001986,PH041,Motorola Edge 70 Fusion,Amazon,"""good""","""good""",6,1,Very Short,True,Positive,0.5239
REV001987,PH041,Motorola Edge 70 Fusion,Amazon,"""Nice product""","""Nice product""",14,2,Short Review,False,Positive,0.9526
REV001988,PH041,Motorola Edge 70 Fusion,Amazon,"""Worth it""","""Worth it""",10,2,Short Review,False,Positive,0.7926
REV001989,PH041,Motorola Edge 70 Fusion,Amazon,"""Worth the price in terms of built, specs, features, and performance as well as feel. I think it ticks all the boxes well and value for money too""","""Worth the price in terms of built, specs, features, and performance as well as feel. I think it ticks all the boxes well and value for money too""",146,28,Good,False,Positive,0.9634
REV001990,PH041,Motorola Edge 70 Fusion,Amazon,"""Nice phone""","""Nice phone""",12,2,Short Review,False,Positive,0.9101
REV001991,PH041,Motorola Edge 70 Fusion,Amazon,"""Mobile is awesome""","""Mobile is awesome""",19,3,Short Review,False,Positive,0.9812
REV001992,PH041,Motorola Edge 70 Fusion,Amazon,"""Phone is super gud. Display is superb camera also better""","""Phone is super gud. Display is superb camera also better""",58,10,Good,False,Positive,0.9821
REV001993,PH041,Motorola Edge 70 Fusion,Amazon,"""Wrost delivery. Package was open. They send me a used phone. The didn't give me any replacement. They have wasted hours of my time during the customer care call. The caller was spoken very much with attitude. Without giving me any support they hung up on me. Worst from the amazon. Skip amazon.""","""Wrost delivery. Package was open. They send me a used phone. The didn't give me any replacement. They have wasted hours of my time during the customer care call. The caller was spoken very much with attitude. Without giving me any support they hung up on me. Worst from the amazon. Skip amazon.""",296,53,Good,False,Negative,0.9414
REV001994,PH041,Motorola Edge 70 Fusion,Amazon,"""Grate phone love it. Camera and battery is too good. Only thing I don't like that there is no gallery we have to use Google photos. Otherwise phone is good and value for money""","""Grate phone love it. Camera and battery is too good. Only thing I don't like that there is no gallery we have to use Google photos. Otherwise phone is good and value for money""",177,34,Good,False,Positive,0.8509
REV001995,PH041,Motorola Edge 70 Fusion,Amazon,"""Tow days used Motorola edge 70 fusion camera video recorder zoom leg 👎👎👎""","""Tow days used Motorola edge 70 fusion camera video recorder zoom leg 👎👎👎""",74,13,Good,False,Neutral,0.753
REV001996,PH041,Motorola Edge 70 Fusion,Amazon,"""Screen freezing unable to restart or shutdown""","""Screen freezing unable to restart or shutdown""",47,7,Good,False,Negative,0.7115
REV001997,PH041,Motorola Edge 70 Fusion,Amazon,"""मोटोरोला Edge 70 charging issue. Not charging""","""मोटोरोला Edge 70 charging issue. Not charging""",47,7,Good,False,Negative,0.683
REV001998,PH041,Motorola Edge 70 Fusion,Amazon,"""Really do not know why every time, companies try to complit and for that they put false camera do attract the customer... It is really disappointing to see afterwards that one of my edge 70 fusion camera doesn't work it's a false one ... Though other 2 works fine but still no need to pritend that you offer 3 cams at back""","""Really do not know why every time, companies try to complit and for that they put false camera do attract the customer... It is really disappointing to see afterwards that one of my edge 70 fusion camera doesn't work it's a false one ... Though other 2 works fine but still no need to pritend that you offer 3 cams at back""",324,62,Good,False,Negative,0.8865
REV001999,PH041,Motorola Edge 70 Fusion,Amazon,"""Not working properly after 2 days! Auto restarting contineus.""","""Not working properly after 2 days! Auto restarting contineus.""",63,9,Good,False,Negative,0.8954
REV002000,PH041,Motorola Edge 70 Fusion,Amazon,"""Before you fall for the tempting specs of the new Edge 70 Fusion—like its massive 7000 mAh battery, 1.5K quad-curved display, or premium design—please read this warning. I am writing this because I bought its predecessor, the Moto Edge 50 Fusion, on Amazon in January 2025. It looked like a premium champion on day one, but it hid a critical hardware vulnerability that turned it into a completely useless paperweight right after the warranty ended. My Experience with Motorola Quality: The Sudden Glitch: In May 2026 (just 16 months of very careful use), my phone's screen completely went white. No touch response, no recovery—it completely bricked out of nowhere. The 'Moto Care' Shrug: I took it to an official authorized service center. They didn't even run a deep diagnostic. They took one look at the white screen and immediately declared it a motherboard failure. Zero Accountability: Their exact response was: 'If this happened within 1 year, we would replace it. But since your warranty is over, nothing can be done.' No solutions, no component discounts. A total loss of ₹20K+ in under 1.5 years. Why You Should Hesitate Before Buying the Edge 70 Fusion: Unresolved Hardware Cycles: Online tech forums and community threads are packed with users facing this exact same screen flickering, white screen, and sudden motherboard loop. It points to a serious long-term component optimization issue in Moto's mid-range lineup. Exorbitant Repair Costs: If your Edge 70 Fusion suffers a motherboard breakdown out of warranty, the official repair will cost you nearly as much as the phone itself. No Support Past Day 365: Moto Care will completely abandon you the exact day your 12-month standard warranty expires, leaving you to bear a 100% financial loss. Final Verdict: A phone is an investment that should easily last 2 to 3 years. Motorola has completely lost my trust. Don't risk your hard-earned money on flashy designs; look at brands with proven long-term durability and cooperative post-warranty customer support.""","""Before you fall for the tempting specs of the new Edge 70 Fusion—like its massive 7000 mAh battery, 1.5K quad-curved display, or premium design—please read this warning. I am writing this because I bought its predecessor, the Moto Edge 50 Fusion, on Amazon in January 2025. It looked like a premium champion on day one, but it hid a critical hardware vulnerability that turned it into a completely useless paperweight right after the warranty ended. My Experience with Motorola Quality: The Sudden Glitch: In May 2026 (just 16 months of very careful use), my phone's screen completely went white. No touch response, no recovery—it completely bricked out of nowhere. The 'Moto Care' Shrug: I took it to an official authorized service center. They didn't even run a deep diagnostic. They took one look at the white screen and immediately declared it a motherboard failure. Zero Accountability: Their exact response was: 'If this happened within 1 year, we would replace it. But since your warranty is over, nothing can be done.' No solutions, no component discounts. A total loss of ₹20K+ in under 1.5 years. Why You Should Hesitate Before Buying the Edge 70 Fusion: Unresolved Hardware Cycles: Online tech forums and community threads are packed with users facing this exact same screen flickering, white screen, and sudden motherboard loop. It points to a serious long-term component optimization issue in Moto's mid-range lineup. Exorbitant Repair Costs: If your Edge 70 Fusion suffers a motherboard breakdown out of warranty, the official repair will cost you nearly as much as the phone itself. No Support Past Day 365: Moto Care will completely abandon you the exact day your 12-month standard warranty expires, leaving you to bear a 100% financial loss. Final Verdict: A phone is an investment that should easily last 2 to 3 years. Motorola has completely lost my trust. Don't risk your hard-earned money on flashy designs; look at brands with proven long-term durability and cooperative post-warranty customer support.""",2026,328,Good,False,Neutral,0.461
REV002001,PH041,Motorola Edge 70 Fusion,Amazon,"""Bakwas mobile hai bhai mat kharido mai lekr galti kr di,charger tak kharab ho gya hai iska,""","""Bakwas mobile hai bhai mat kharido mai lekr galti kr di,charger tak kharab ho gya hai iska,""",93,17,Good,False,Neutral,0.7929
REV002002,PH041,Motorola Edge 70 Fusion,Amazon,"""Very bad bad""","""Very bad bad""",14,3,Short Review,False,Negative,0.9052
REV002003,PH041,Motorola Edge 70 Fusion,Amazon,"""Good product and good product and good sarvice good बैटरी लाइफ 😊 👍🏻😊👍🏻 वेरी ब्यूटीफुल एंड वेलु of money 🤑""","""Good product and good product and good sarvice good बैटरी लाइफ 😊 👍🏻😊👍🏻 वेरी ब्यूटीफुल एंड वेलु of money 🤑""",107,20,Good,False,Positive,0.9588
REV002004,PH041,Motorola Edge 70 Fusion,Amazon,"""Best camera and the mobile function is very good""","""Best camera and the mobile function is very good""",50,9,Good,False,Positive,0.9812
REV002005,PH041,Motorola Edge 70 Fusion,Amazon,"""The best thing is that you can download gta san Andreas without any problem and the gaming of madout one is awesome""","""The best thing is that you can download gta san Andreas without any problem and the gaming of madout one is awesome""",117,22,Good,False,Positive,0.9696
REV002006,PH042,Realme Narzo Power 5G,Flipkart,"""Very good Product""","""Very good Product""",19,3,Short Review,False,Positive,0.9712
REV002007,PH042,Realme Narzo Power 5G,Flipkart,"""Battery=8/10 Display=10/10 Network=10/10 5g++ double Plus 5g support both Airtel and Jio Camera=8/10 Rear camera is good in outside but not good in night,, selfie camera need improvement in low light...""","""Battery=8/10 Display=10/10 Network=10/10 5g++ double Plus 5g support both Airtel and Jio Camera=8/10 Rear camera is good in outside but not good in night,, selfie camera need improvement in low light...""",204,31,Good,False,Positive,0.5771
REV002008,PH042,Realme Narzo Power 5G,Flipkart,"""Battery is not good according to 10001""","""Battery is not good according to 10001""",40,7,Good,False,Negative,0.8845
REV002009,PH042,Realme Narzo Power 5G,Flipkart,"""Worst experience ever!""","""Worst experience ever!""",24,3,Short Review,False,Negative,0.9419
REV002010,PH042,Realme Narzo Power 5G,Flipkart,"""Speaker sound quality and battery performance not as expected""","""Speaker sound quality and battery performance not as expected""",63,9,Good,False,Negative,0.8444
REV002011,PH042,Realme Narzo Power 5G,Flipkart,"""Charging time taking to long""","""Charging time taking to long""",30,5,Good,False,Negative,0.8368
REV002012,PH042,Realme Narzo Power 5G,Flipkart,"""Camera is not at all good upto price and battery drains faster for even normal usage and performance is average""","""Camera is not at all good upto price and battery drains faster for even normal usage and performance is average""",113,20,Good,False,Negative,0.9138
REV002013,PH042,Realme Narzo Power 5G,Amazon,"""Videos having out of focus or flickering or blured effect""","""Videos having out of focus or flickering or blured effect""",59,10,Good,False,Neutral,0.5345
REV002014,PH042,Realme Narzo Power 5G,Amazon,"""Worth for money""","""Worth for money""",17,3,Short Review,False,Neutral,0.6742
REV002015,PH042,Realme Narzo Power 5G,Amazon,"""Phone is good But amazon delivery experience is very bad item delivery of 5 days but delivery me 11day after""","""Phone is good But amazon delivery experience is very bad item delivery of 5 days but delivery me 11day after""",110,20,Good,False,Negative,0.8546
REV002016,PH042,Realme Narzo Power 5G,Amazon,"""Not for money 💰 value, battery 🪫 drine fast, only one day backup poor camera quality, poor battery, not battery backup""","""Not for money 💰 value, battery 🪫 drine fast, only one day backup poor camera quality, poor battery, not battery backup""",120,21,Good,False,Negative,0.8906
REV002017,PH042,Realme Narzo Power 5G,Amazon,"""I bought this phone because I was absolutely sick of carrying a power bank everywhere and constantly worrying about my battery dying. After using it for a few weeks, here is my honest, unfiltered review.""","""I bought this phone because I was absolutely sick of carrying a power bank everywhere and constantly worrying about my battery dying. After using it for a few weeks, here is my honest, unfiltered review.""",205,35,Good,False,Negative,0.6493
REV002018,PH042,Realme Narzo Power 5G,Amazon,"""Nice phone worth buy""","""Nice phone worth buy""",22,4,Good,False,Positive,0.9428
REV002019,PH042,Realme Narzo Power 5G,Amazon,"""All other things are good but not satisfied with the performance. From day one I fill I'm using 1 year older phone. Many times it's sticks for second. Sometimes fill phone is hanging even if my storage is not filled 50GB. Battery and camara is good as expected. But perfomance is lower.""","""All other things are good but not satisfied with the performance. From day one I fill I'm using 1 year older phone. Many times it's sticks for second. Sometimes fill phone is hanging even if my storage is not filled 50GB. Battery and camara is good as expected. But perfomance is lower.""",288,52,Good,False,Negative,0.7217
REV002020,PH042,Realme Narzo Power 5G,Amazon,"""Good""","""Good""",6,1,Very Short,False,Positive,0.7658
REV002021,PH042,Realme Narzo Power 5G,Amazon,"""Phone Ram / Camera and security sensor are excellent""","""Phone Ram / Camera and security sensor are excellent""",54,9,Good,False,Positive,0.9613
REV002022,PH042,Realme Narzo Power 5G,Amazon,"""Best budget phone ever under 25 k""","""Best budget phone ever under 25 k""",35,7,Good,False,Positive,0.9488
REV002023,PH042,Realme Narzo Power 5G,Amazon,"""Camera quality not good battery is good""","""Camera quality not good battery is good""",41,7,Good,False,Negative,0.5112
REV002024,PH042,Realme Narzo Power 5G,Amazon,"""Not for money 💰 value, battery 🪫 drine fast, only one day backup poor camera quality, poor battery, not battery backup""","""Not for money 💰 value, battery 🪫 drine fast, only one day backup poor camera quality, poor battery, not battery backup""",120,21,Good,True,Negative,0.8906
REV002025,PH042,Realme Narzo Power 5G,Amazon,"""Felt like scam user interface is good but battery definitely not 10000 mah after testing with 5000 mah it gives same time. We buyed two phone both had same issues. Instead of buying this you can buy real me p4x where that will be 7000 lesser with same chip tech and features. Planning to file a case against real me for this false battery commitment.""","""Felt like scam user interface is good but battery definitely not 10000 mah after testing with 5000 mah it gives same time. We buyed two phone both had same issues. Instead of buying this you can buy real me p4x where that will be 7000 lesser with same chip tech and features. Planning to file a case against real me for this false battery commitment.""",352,65,Good,False,Negative,0.8439
REV002026,PH042,Realme Narzo Power 5G,Amazon,"""For this budget, the mobile phone is decent; currently, there are no issues with lagging, and the battery backup is also good—it easily lasts for two days.""","""For this budget, the mobile phone is decent; currently, there are no issues with lagging, and the battery backup is also good—it easily lasts for two days.""",157,27,Good,False,Positive,0.9398
REV002027,PH042,Realme Narzo Power 5G,Amazon,"""Dekne me tik tak h Use karne me b tik tak hai Back-up itna kaas nai laga 100 to 6% charged with basic use 27hr chala with 4hr screen off Tik tak laga""","""Dekne me tik tak h Use karne me b tik tak hai Back-up itna kaas nai laga 100 to 6% charged with basic use 27hr chala with 4hr screen off Tik tak laga""",151,33,Good,False,Neutral,0.8425
REV002028,PH042,Realme Narzo Power 5G,Amazon,"""Very good phone, Battery best camara good. My suggestion to But buy 8+256. 2000 rupee bachane k chakkar me mat rahena ye phone kam se kam 5 saal chalega so abhi 2000 jyada daalonge to 5saal tak dekhna nahi padega.""","""Very good phone, Battery best camara good. My suggestion to But buy 8+256. 2000 rupee bachane k chakkar me mat rahena ye phone kam se kam 5 saal chalega so abhi 2000 jyada daalonge to 5saal tak dekhna nahi padega.""",215,40,Good,False,Positive,0.8906
REV002029,PH042,Realme Narzo Power 5G,Amazon,"""There is a issue during calls, voice is breaking and WhatsApp is not working properly, reinstalled twice but the same issue is still there""","""There is a issue during calls, voice is breaking and WhatsApp is not working properly, reinstalled twice but the same issue is still there""",140,24,Good,False,Negative,0.8759
REV002030,PH042,Realme Narzo Power 5G,Amazon,"""Nice mobile""","""Nice mobile""",13,2,Short Review,False,Positive,0.9029
REV002031,PH042,Realme Narzo Power 5G,Amazon,"""Good""","""Good""",6,1,Very Short,True,Positive,0.7658
REV002032,PH042,Realme Narzo Power 5G,Amazon,"""Over All good""","""Over All good""",15,3,Short Review,False,Positive,0.8974
REV002033,PH042,Realme Narzo Power 5G,Amazon,"""Good Purchase""","""Good Purchase""",15,2,Short Review,False,Positive,0.8603
REV002034,PH042,Realme Narzo Power 5G,Amazon,"""Wholesome performance wise satisfied as expected, mainly battery and Camera..""","""Wholesome performance wise satisfied as expected, mainly battery and Camera..""",79,10,Good,False,Positive,0.9579
REV002035,PH042,Realme Narzo Power 5G,Amazon,"""Don't buy this product""","""Don't buy this product""",24,4,Good,False,Negative,0.8705
REV002036,PH042,Realme Narzo Power 5G,Amazon,"""Battery drain 30min 50%""","""Battery drain 30min 50%""",25,4,Good,False,Neutral,0.5232
REV002037,PH042,Realme Narzo Power 5G,Amazon,"""Hitting problems""","""Hitting problems""",18,2,Short Review,False,Neutral,0.6694
REV002038,PH042,Realme Narzo Power 5G,Amazon,"""Everything Topnotch 😘""","""Everything Topnotch 😘""",23,3,Short Review,False,Positive,0.9747
REV002039,PH042,Realme Narzo Power 5G,Amazon,"""Worst phone paid 28000 but it just lags and the battery dies just in 1 day""","""Worst phone paid 28000 but it just lags and the battery dies just in 1 day""",76,16,Good,False,Negative,0.953
REV002040,PH042,Realme Narzo Power 5G,Amazon,"""Battery scam The company claims that the navigation time is 21 hours, but the battery is empty within 11 hours.""","""Battery scam The company claims that the navigation time is 21 hours, but the battery is empty within 11 hours.""",113,20,Good,False,Negative,0.8616
REV002041,PH042,Realme Narzo Power 5G,Amazon,"""Worst product, software issues, avg cam qualify. Stuck and no response properly.""","""Worst product, software issues, avg cam qualify. Stuck and no response properly.""",82,12,Good,False,Negative,0.9506
REV002042,PH042,Realme Narzo Power 5G,Amazon,"""Software issues, phone light not turning on when getting calls""","""Software issues, phone light not turning on when getting calls""",64,10,Good,False,Negative,0.7012
REV002043,PH042,Realme Narzo Power 5G,Amazon,"""Koi phone mat kharid na warrenty jab lene jaoge service centre bolega PRI ACTIVE PHONE HAI bill se match nahi karega . Amazon send pri activation phone like refurbished.""","""Koi phone mat kharid na warrenty jab lene jaoge service centre bolega PRI ACTIVE PHONE HAI bill se match nahi karega . Amazon send pri activation phone like refurbished.""",171,29,Good,False,Neutral,0.7871
REV002044,PH042,Realme Narzo Power 5G,Amazon,"""Good overall performance with a smooth display and premium design. Handles daily tasks easily, and battery lasts a full day. Camera is solid in daylight but average in low light. Slight heating during heavy gaming.""","""Good overall performance with a smooth display and premium design. Handles daily tasks easily, and battery lasts a full day. Camera is solid in daylight but average in low light. Slight heating during heavy gaming.""",216,35,Good,False,Positive,0.9302
REV002045,PH042,Realme Narzo Power 5G,Amazon,"""Battry easily lasts close to two days with calls, youtube and social media. Fast charging also helps top up quickly. Very reliable for heavy daily use.""","""Battry easily lasts close to two days with calls, youtube and social media. Fast charging also helps top up quickly. Very reliable for heavy daily use.""",153,26,Good,False,Positive,0.9509
REV002046,PH042,Realme Narzo Power 5G,Amazon,"""Using realme Narzo power has been smooth so far. Apps open quickly and multitasking is easy. Battery life is good. Feels very convenient in daily life use.""","""Using realme Narzo power has been smooth so far. Apps open quickly and multitasking is easy. Battery life is good. Feels very convenient in daily life use.""",157,27,Good,False,Positive,0.97
REV002047,PH042,Realme Narzo Power 5G,Amazon,"""The phone feels sturdy with a strong back panel. It’s easy to handles daily use apps and fees durable. 10001 battery backup stays almost two days.""","""The phone feels sturdy with a strong back panel. It’s easy to handles daily use apps and fees durable. 10001 battery backup stays almost two days.""",148,26,Good,False,Positive,0.9359
REV002048,PH042,Realme Narzo Power 5G,Amazon,"""Good battery phone in this price which stays almost two days without charge. Camera is also good in this price range.""","""Good battery phone in this price which stays almost two days without charge. Camera is also good in this price range.""",119,21,Good,False,Positive,0.9667
REV002049,PH042,Realme Narzo Power 5G,Amazon,"""Despite the big battery the phone feels slim & comfortable the curved edge and light weight feel make it easy to hold.""","""Despite the big battery the phone feels slim & comfortable the curved edge and light weight feel make it easy to hold.""",120,22,Good,False,Positive,0.8497
REV002050,PH042,Realme Narzo Power 5G,Amazon,"""The design is good, and feels premium battery's is really a good advantage. The 100001 mah battery stays almost two days""","""The design is good, and feels premium battery's is really a good advantage. The 100001 mah battery stays almost two days""",122,21,Good,False,Positive,0.9696
REV002051,PH042,Realme Narzo Power 5G,Amazon,"""Loved the product. Long lasting battery works throughout days. Slim phone. Multitasking done so easily on it. A must buy product!""","""Loved the product. Long lasting battery works throughout days. Slim phone. Multitasking done so easily on it. A must buy product!""",131,21,Good,False,Positive,0.9841
REV002052,PH042,Realme Narzo Power 5G,Amazon,"""Amazing phone""","""Amazing phone""",15,2,Short Review,False,Positive,0.973
REV002053,PH042,Realme Narzo Power 5G,Amazon,"""Powerful phone with powerful specs""","""Powerful phone with powerful specs""",36,5,Good,False,Positive,0.9703
REV002054,PH042,Realme Narzo Power 5G,Amazon,"""10000 mah battery lasts 3 days""","""10000 mah battery lasts 3 days""",32,6,Good,False,Neutral,0.6428
REV002055,PH042,Realme Narzo Power 5G,Amazon,"""Not very heavy compared to the battery size""","""Not very heavy compared to the battery size""",45,8,Good,False,Neutral,0.506
REV002056,PH042,Realme Narzo Power 5G,Amazon,"""The battery was draining very fast. I submitted my mobile at the Realme service centre, but they said it tested fine. However, after receiving the phone, the battery dropped by 3% within just 10 minutes. I called the same service centre again, but they are not responding.my return policy also closed""","""The battery was draining very fast. I submitted my mobile at the Realme service centre, but they said it tested fine. However, after receiving the phone, the battery dropped by 3% within just 10 minutes. I called the same service centre again, but they are not responding.my return policy also closed""",302,51,Good,False,Negative,0.8305
REV002057,PH042,Realme Narzo Power 5G,Amazon,"""Sound, bluetooth battery ,display, problem,service centere not response""","""Sound, bluetooth battery ,display, problem,service centere not response""",73,8,Good,False,Negative,0.8334
REV002058,PH043,Ai+ Pulse 2,Flipkart,"""V Excellent value for money in this price range V Smooth performance for daily use V Good battery backup V Impressive display and design X Camera quality is average X Slow charging (10W charger, arou ... more""","""V Excellent value for money in this price range V Smooth performance for daily use V Good battery backup V Impressive display and design X Camera quality is average X Slow charging (10W charger, arou ... more""",210,37,Good,False,Positive,0.9092
REV002059,PH043,Ai+ Pulse 2,Flipkart,"""Very good phone""","""Very good phone""",17,3,Short Review,False,Positive,0.9647
REV002060,PH043,Ai+ Pulse 2,Flipkart,"""Its some how good for the Prize, but it is of big in size and sometimes i fill laggy. Battery performance is very good and can able to use it for daily tusks but it takes some times to charge. Thanks ... more""","""Its some how good for the Prize, but it is of big in size and sometimes i fill laggy. Battery performance is very good and can able to use it for daily tusks but it takes some times to charge. Thanks ... more""",210,43,Good,False,Positive,0.8902
REV002061,PH043,Ai+ Pulse 2,Flipkart,"""Product is good at this price point. Camera average and performance is just ok. Battery too good because display average quality. This phone is perfect for aged person. But big blow for only 10 watt a... more""","""Product is good at this price point. Camera average and performance is just ok. Battery too good because display average quality. This phone is perfect for aged person. But big blow for only 10 watt a... more""",210,37,Good,False,Positive,0.9171
REV002062,PH043,Ai+ Pulse 2,Flipkart,"""Good mobile""","""Good mobile""",13,2,Short Review,False,Positive,0.7661
REV002063,PH043,Ai+ Pulse 2,Flipkart,"""Good for normal us""","""Good for normal us""",20,4,Good,False,Positive,0.9034
REV002064,PH043,Ai+ Pulse 2,Flipkart,"""Good phone at this price range.""","""Good phone at this price range.""",33,6,Good,False,Positive,0.955
REV002065,PH043,Ai+ Pulse 2,Flipkart,"""Best hai""","""Best hai""",10,2,Short Review,False,Positive,0.8573
REV002066,PH043,Ai+ Pulse 2,Flipkart,"""What a mobile at this range only 5749 Ai+ gives superb features amazingly""","""What a mobile at this range only 5749 Ai+ gives superb features amazingly""",75,13,Good,False,Positive,0.972
REV002067,PH043,Ai+ Pulse 2,Flipkart,"""Nice budget phone for my Papa""","""Nice budget phone for my Papa""",31,6,Good,False,Positive,0.826
REV002068,PH043,Ai+ Pulse 2,Flipkart,"""Very good phone for this price""","""Very good phone for this price""",32,6,Good,False,Positive,0.9758
REV002069,PH043,Ai+ Pulse 2,Flipkart,"""Value for money""","""Value for money""",17,3,Short Review,False,Neutral,0.7623
REV002070,PH043,Ai+ Pulse 2,Flipkart,"""decent camera battery backup very good""","""decent camera battery backup very good""",40,6,Good,False,Positive,0.9656
REV002071,PH043,Ai+ Pulse 2,Flipkart,"""Thank You So Much Madhav Sheth Sir for making such a good affordable phones for us! Ai+ Pulse 2 is a fantastic smartphone power packed with all advance features. Delivery Partner is also very nice and... more""","""Thank You So Much Madhav Sheth Sir for making such a good affordable phones for us! Ai+ Pulse 2 is a fantastic smartphone power packed with all advance features. Delivery Partner is also very nice and... more""",210,37,Good,False,Positive,0.9877
REV002072,PH043,Ai+ Pulse 2,Flipkart,"""Good looks, Camera, Battery, display""","""Good looks, Camera, Battery, display""",38,5,Good,False,Positive,0.9651
REV002073,PH043,Ai+ Pulse 2,Flipkart,"""Ai+ Mobile Very good but camera quality not good very bad""","""Ai+ Mobile Very good but camera quality not good very bad""",59,11,Good,False,Negative,0.7475
REV002074,PH043,Ai+ Pulse 2,Flipkart,"""Good value for money""","""Good value for money""",22,4,Good,False,Positive,0.7938
REV002075,PH043,Ai+ Pulse 2,Flipkart,"""Charging is slow""","""Charging is slow""",18,3,Short Review,False,Negative,0.5974
REV002076,PH043,Ai+ Pulse 2,Flipkart,"""Ok ok....""","""Ok ok....""",11,2,Short Review,False,Neutral,0.6962
REV002077,PH043,Ai+ Pulse 2,Flipkart,"""Best budget phone in this price range go for it without any doubt battery is awesome overall look is also good""","""Best budget phone in this price range go for it without any doubt battery is awesome overall look is also good""",112,21,Good,False,Positive,0.9852
REV002078,PH043,Ai+ Pulse 2,Flipkart,"""Good""","""Good""",6,1,Very Short,False,Positive,0.7658
REV002079,PH043,Ai+ Pulse 2,Flipkart,"""Excellent phone and good for budget""","""Excellent phone and good for budget""",37,6,Good,False,Positive,0.9727
REV002080,PH043,Ai+ Pulse 2,Flipkart,"""Ok""","""Ok""",4,1,Very Short,False,Neutral,0.61
REV002081,PH043,Ai+ Pulse 2,Flipkart,"""Nice phone""","""Nice phone""",12,2,Short Review,False,Positive,0.9101
REV002082,PH043,Ai+ Pulse 2,Flipkart,"""Very good mobile cheap and best good product by ai+ all functions are very good working""","""Very good mobile cheap and best good product by ai+ all functions are very good working""",89,16,Good,False,Positive,0.9812
REV002083,PH043,Ai+ Pulse 2,Flipkart,"""This phone is price ke according better""","""This phone is price ke according better""",41,7,Good,False,Neutral,0.5929
REV002084,PH043,Ai+ Pulse 2,Flipkart,"""Good""","""Good""",6,1,Very Short,True,Positive,0.7658
REV002085,PH043,Ai+ Pulse 2,Flipkart,"""Nice""","""Nice""",6,1,Very Short,False,Positive,0.8956
REV002086,PH043,Ai+ Pulse 2,Flipkart,"""Best phone this price range""","""Best phone this price range""",29,5,Good,False,Positive,0.9581
REV002087,PH043,Ai+ Pulse 2,Flipkart,"""This is The Best Option for value conscious Buyers""","""This is The Best Option for value conscious Buyers""",52,9,Good,False,Positive,0.9286
REV002088,PH043,Ai+ Pulse 2,Flipkart,"""At the sale price of 5999 you can't ask for more as it has everything, a good battery, good screen, charger inside, case inside, excellent in-hand f... more""","""At the sale price of 5999 you can't ask for more as it has everything, a good battery, good screen, charger inside, case inside, excellent in-hand f... more""",158,28,Good,False,Positive,0.955
REV002089,PH043,Ai+ Pulse 2,Amazon,"""This phone constantly freezes, drops calls, has very poor battery life, and the camera produces blurry photos. It offers no value for money.""","""This phone constantly freezes, drops calls, has very poor battery life, and the camera produces blurry photos. It offers no value for money.""",142,23,Good,False,Negative,0.9492
REV002090,PH043,Ai+ Pulse 2,Amazon,"""Never trust this brand. Claimed to be made in India but described as a Chinese phone.""","""Never trust this brand. Claimed to be made in India but described as a Chinese phone.""",87,16,Good,False,Negative,0.8695
REV002091,PH043,Ai+ Pulse 2,Amazon,"""Thanks all team.""","""Thanks all team.""",18,3,Short Review,False,Positive,0.9574
REV002092,PH043,Ai+ Pulse 2,Amazon,"""Very bad. Chinese apps are pre-installed. Feels like a rebranded Vivo/Oppo phone with unnecessary apps.""","""Very bad. Chinese apps are pre-installed. Feels like a rebranded Vivo/Oppo phone with unnecessary apps.""",105,15,Good,False,Negative,0.9224
REV002093,PH043,Ai+ Pulse 2,Amazon,"""Proper scam. False marketing. Do not buy.""","""Proper scam. False marketing. Do not buy.""",43,7,Good,False,Negative,0.9211
REV002094,PH043,Ai+ Pulse 2,Amazon,"""Misleading advertisement. Marketed as an Indian phone but the software and hardware are Chinese.""","""Misleading advertisement. Marketed as an Indian phone but the software and hardware are Chinese.""",98,14,Good,False,Negative,0.8137
REV002095,PH043,Ai+ Pulse 2,Amazon,"""Useless Chinese phone with very low-quality hardware. Nothing Indian about it.""","""Useless Chinese phone with very low-quality hardware. Nothing Indian about it.""",80,11,Good,False,Negative,0.9284
REV002096,PH043,Ai+ Pulse 2,Amazon,"""Poor-quality phone. Camera is bad, display hangs, battery claims are false, and the phone has multiple glitches.""","""Poor-quality phone. Camera is bad, display hangs, battery claims are false, and the phone has multiple glitches.""",114,17,Good,False,Negative,0.9521
REV002097,PH043,Ai+ Pulse 2,Amazon,"""Scam alert. Claimed to be an Indian brand but described as Chinese. Better to buy established Chinese brands directly.""","""Scam alert. Claimed to be an Indian brand but described as Chinese. Better to buy established Chinese brands directly.""",120,19,Good,False,Negative,0.7587
REV002098,PH043,Ai+ Pulse 2,Amazon,"""Cheap Chinese product marketed as Indian. Very poor quality. Avoid buying.""","""Cheap Chinese product marketed as Indian. Very poor quality. Avoid buying.""",76,11,Good,False,Negative,0.9095
REV002099,PH043,Ai+ Pulse 2,Amazon,"""Chinese phone being sold as an Indian product.""","""Chinese phone being sold as an Indian product.""",48,8,Good,False,Neutral,0.8277
REV002100,PH043,Ai+ Pulse 2,Amazon,"""False advertising. Not made in India. Rebranded Chinese phone with poor quality. Not recommended.""","""False advertising. Not made in India. Rebranded Chinese phone with poor quality. Not recommended.""",99,14,Good,False,Negative,0.9092
REV002101,PH043,Ai+ Pulse 2,Amazon,"""Not worth it. Phone is unstable and disappointing.""","""Not worth it. Phone is unstable and disappointing.""",52,8,Good,False,Negative,0.9332
REV002102,PH044,Infinix Note Edge 5G,Flipkart,"""Excellent.""","""Excellent.""",12,1,Very Short,False,Positive,0.9722
REV002103,PH044,Infinix Note Edge 5G,Flipkart,"""I really liked the design and the camera. It clicks clear and sharp images, and the battery is good too.""","""I really liked the design and the camera. It clicks clear and sharp images, and the battery is good too.""",106,20,Good,False,Positive,0.9844
REV002104,PH044,Infinix Note Edge 5G,Flipkart,"""It's a great product with super features and a superb design.""","""It's a great product with super features and a superb design.""",63,11,Good,False,Positive,0.9867
REV002105,PH044,Infinix Note Edge 5G,Flipkart,"""Good product.""","""Good product.""",15,2,Short Review,False,Positive,0.9522
REV002106,PH044,Infinix Note Edge 5G,Flipkart,"""Premium design, best choice under budget.""","""Premium design, best choice under budget.""",43,6,Good,False,Positive,0.9467
REV002107,PH044,Infinix Note Edge 5G,Flipkart,"""Very nice product in this price range.""","""Very nice product in this price range.""",40,7,Good,False,Positive,0.9815
REV002108,PH044,Infinix Note Edge 5G,Flipkart,"""Best quality. Love Infinix, Love India.""","""Best quality. Love Infinix, Love India.""",41,6,Good,False,Positive,0.9848
REV002109,PH044,Infinix Note Edge 5G,Flipkart,"""Superb experience.""","""Superb experience.""",20,2,Short Review,False,Positive,0.9794
REV002110,PH044,Infinix Note Edge 5G,Flipkart,"""Superb display quality, JBL speakers are awesome, and the camera quality is excellent.""","""Superb display quality, JBL speakers are awesome, and the camera quality is excellent.""",88,13,Good,False,Positive,0.9857
REV002111,PH044,Infinix Note Edge 5G,Flipkart,"""Good product. Camera is awesome, performance is far better, and the slim, thin design is impressive.""","""Good product. Camera is awesome, performance is far better, and the slim, thin design is impressive.""",102,16,Good,False,Positive,0.9851
REV002112,PH044,Infinix Note Edge 5G,Flipkart,"""Excellent mobile under budget.""","""Excellent mobile under budget.""",32,4,Good,False,Positive,0.9622
REV002113,PH044,Infinix Note Edge 5G,Flipkart,"""Excellent.""","""Excellent.""",12,1,Very Short,True,Positive,0.9722
REV002114,PH044,Infinix Note Edge 5G,Flipkart,"""Best mobile at this price.""","""Best mobile at this price.""",28,5,Good,False,Positive,0.9628
REV002115,PH044,Infinix Note Edge 5G,Flipkart,"""Good camera quality, premium design, pocket-friendly, and highly recommended.""","""Good camera quality, premium design, pocket-friendly, and highly recommended.""",79,9,Good,False,Positive,0.9678
REV002116,PH044,Infinix Note Edge 5G,Flipkart,"""Beautiful product. Amazing camera—you can't get a better product at this price.""","""Beautiful product. Amazing camera—you can't get a better product at this price.""",81,12,Good,False,Positive,0.9782
REV002117,PH044,Infinix Note Edge 5G,Flipkart,"""I am very surprised by my Infinix Note Edge 5G. Value for money.""","""I am very surprised by my Infinix Note Edge 5G. Value for money.""",66,13,Good,False,Positive,0.8029
REV002118,PH044,Infinix Note Edge 5G,Flipkart,"""Best.""","""Best.""",7,1,Very Short,False,Positive,0.9235
REV002119,PH044,Infinix Note Edge 5G,Flipkart,"""Best phone.""","""Best phone.""",13,2,Short Review,False,Positive,0.965
REV002120,PH044,Infinix Note Edge 5G,Flipkart,"""Value for money.""","""Value for money.""",18,3,Short Review,False,Neutral,0.7732
REV002121,PH044,Infinix Note Edge 5G,Flipkart,"""Very bad display.""","""Very bad display.""",19,3,Short Review,False,Negative,0.9205
REV002122,PH044,Infinix Note Edge 5G,Flipkart,"""Nice, but the camera is not good. The battery is good and the design is the best.""","""Nice, but the camera is not good. The battery is good and the design is the best.""",83,17,Good,False,Negative,0.6057
REV002123,PH044,Infinix Note Edge 5G,Flipkart,"""Good phone.""","""Good phone.""",13,2,Short Review,False,Positive,0.9422
REV002124,PH044,Infinix Note Edge 5G,Flipkart,"""Battery problem.""","""Battery problem.""",18,2,Short Review,False,Negative,0.5347
REV002125,PH044,Infinix Note Edge 5G,Flipkart,"""Waste of money.""","""Waste of money.""",17,3,Short Review,False,Negative,0.8699
REV002126,PH044,Infinix Note Edge 5G,Flipkart,"""Amazing phone. Camera quality is awesome, performance is smooth, and the design is great. Overall, a good phone to buy.""","""Amazing phone. Camera quality is awesome, performance is smooth, and the design is great. Overall, a good phone to buy.""",121,20,Good,False,Positive,0.9876
REV002127,PH045,Tecno Pova Curve 2,Flipkart,"""Mobile is very good, but the cost is very high.""","""Mobile is very good, but the cost is very high.""",49,10,Good,False,Neutral,0.4395
REV002128,PH045,Tecno Pova Curve 2,Flipkart,"""Battery backup is good and the display refresh rate is very good.""","""Battery backup is good and the display refresh rate is very good.""",67,12,Good,False,Positive,0.9689
REV002129,PH045,Tecno Pova Curve 2,Flipkart,"""Beautiful design, brilliant camera, strong 5G connectivity, and value for money.""","""Beautiful design, brilliant camera, strong 5G connectivity, and value for money.""",82,11,Good,False,Positive,0.9781
REV002130,PH045,Tecno Pova Curve 2,Flipkart,"""100% value for money with excellent battery backup.""","""100% value for money with excellent battery backup.""",53,8,Good,False,Positive,0.9584
REV002131,PH045,Tecno Pova Curve 2,Flipkart,"""Hanging issue.""","""Hanging issue.""",16,2,Short Review,False,Neutral,0.8808
REV002132,PH045,Tecno Pova Curve 2,Flipkart,"""I love Tecno.""","""I love Tecno.""",15,3,Short Review,False,Positive,0.9766
REV002133,PH045,Tecno Pova Curve 2,Flipkart,"""Worth buying if you're tired of charging multiple times a day. Great design and smooth performance.""","""Worth buying if you're tired of charging multiple times a day. Great design and smooth performance.""",101,16,Good,False,Positive,0.941
REV002134,PH045,Tecno Pova Curve 2,Flipkart,"""Waste mobile. Don't buy it. 5G network is not working.""","""Waste mobile. Don't buy it. 5G network is not working.""",56,10,Good,False,Negative,0.8905
REV002135,PH045,Tecno Pova Curve 2,Flipkart,"""Display and performance are good.""","""Display and performance are good.""",35,5,Good,False,Positive,0.9673
REV002136,PH045,Tecno Pova Curve 2,Flipkart,"""High-performance phone with superb battery life.""","""High-performance phone with superb battery life.""",50,6,Good,False,Positive,0.9724
REV002137,PH045,Tecno Pova Curve 2,Flipkart,"""Very, very good 👍""","""Very, very good 👍""",19,4,Good,False,Positive,0.9846
REV002138,PH045,Tecno Pova Curve 2,Flipkart,"""Nice.""","""Nice.""",7,1,Very Short,False,Positive,0.9461
REV002139,PH045,Tecno Pova Curve 2,Flipkart,"""Good product.""","""Good product.""",15,2,Short Review,False,Positive,0.9522
REV002140,PH045,Tecno Pova Curve 2,Flipkart,"""Super.""","""Super.""",8,1,Very Short,False,Positive,0.7104
REV002141,PH045,Tecno Pova Curve 2,Flipkart,"""Performance lags and doesn't justify the price.""","""Performance lags and doesn't justify the price.""",49,7,Good,False,Negative,0.8813
REV002142,PH045,Tecno Pova Curve 2,Flipkart,"""Good quality.""","""Good quality.""",15,2,Short Review,False,Positive,0.8707
REV002143,PH045,Tecno Pova Curve 2,Flipkart,"""Excellent camera, battery backup, clear display, and smooth performance.""","""Excellent camera, battery backup, clear display, and smooth performance.""",74,9,Good,False,Positive,0.9585
REV002144,PH045,Tecno Pova Curve 2,Flipkart,"""Camera performance is poor and the phone overheats, especially while charging.""","""Camera performance is poor and the phone overheats, especially while charging.""",80,11,Good,False,Negative,0.9023
REV002145,PH045,Tecno Pova Curve 2,Flipkart,"""Best. I love this Indian mobile.""","""Best. I love this Indian mobile.""",34,6,Good,False,Positive,0.9876
REV002146,PH045,Tecno Pova Curve 2,Flipkart,"""Good.""","""Good.""",7,1,Very Short,False,Positive,0.932
REV002147,PH045,Tecno Pova Curve 2,Flipkart,"""Bad product. Not worth the price.""","""Bad product. Not worth the price.""",35,6,Good,False,Negative,0.9387
REV002148,PH045,Tecno Pova Curve 2,Flipkart,"""Nice product.""","""Nice product.""",15,2,Short Review,False,Positive,0.9644
REV002149,PH045,Tecno Pova Curve 2,Flipkart,"""Don't buy.""","""Don't buy.""",12,2,Short Review,False,Neutral,0.5325
REV002150,PH045,Tecno Pova Curve 2,Flipkart,"""Touch stopped working properly after 3 months.""","""Touch stopped working properly after 3 months.""",48,7,Good,False,Negative,0.7479
REV002151,PH045,Tecno Pova Curve 2,Flipkart,"""Bad phone.""","""Bad phone.""",12,2,Short Review,False,Negative,0.838
REV002152,PH045,Tecno Pova Curve 2,Flipkart,"""Worst mobile. Total waste of money. Very poor signal strength and call connectivity issues.""","""Worst mobile. Total waste of money. Very poor signal strength and call connectivity issues.""",93,14,Good,False,Negative,0.9547
REV002153,PH045,Tecno Pova Curve 2,Flipkart,"""Overheating and abnormal sound during usage and phone calls.""","""Overheating and abnormal sound during usage and phone calls.""",62,9,Good,False,Negative,0.5886
REV002154,PH045,Tecno Pova Curve 2,Flipkart,"""Don't buy this phone because it overheats.""","""Don't buy this phone because it overheats.""",44,7,Good,False,Negative,0.8273
REV002155,PH045,Tecno Pova Curve 2,Flipkart,"""Overhyped product.""","""Overhyped product.""",20,2,Short Review,False,Negative,0.8202
REV002156,PH045,Tecno Pova Curve 2,Flipkart,"""Irritating product with continuous hanging issues.""","""Irritating product with continuous hanging issues.""",52,6,Good,False,Negative,0.9223
REV002157,PH045,Tecno Pova Curve 2,Amazon,"""Kam rate mein bahut Achcha phone hai""","""Kam rate mein bahut Achcha phone hai""",38,7,Good,False,Neutral,0.8594
REV002158,PH045,Tecno Pova Curve 2,Amazon,"""Very worst mobile. I ever seen. Waste off money. Batter backup low. Heading, hanging too much.""","""Very worst mobile. I ever seen. Waste off money. Batter backup low. Heading, hanging too much.""",96,16,Good,False,Negative,0.9553
REV002159,PH045,Tecno Pova Curve 2,Amazon,"""Camera quality not good""","""Camera quality not good""",25,4,Good,False,Negative,0.7945
REV002160,PH047,Oppo K14x 5G,Flipkart,"""Very good phone""","""Very good phone""",17,3,Short Review,False,Positive,0.9647
REV002161,PH047,Oppo K14x 5G,Flipkart,"""Selfie camera not good.""","""Selfie camera not good.""",25,4,Good,False,Negative,0.8661
REV002162,PH047,Oppo K14x 5G,Flipkart,"""The camera quality is not good. The selfie camera specifications are not clearly mentioned. My previous Realme 7i had a better camera.""","""The camera quality is not good. The selfie camera specifications are not clearly mentioned. My previous Realme 7i had a better camera.""",136,22,Good,False,Negative,0.8936
REV002163,PH047,Oppo K14x 5G,Flipkart,"""Awesome.""","""Awesome.""",10,1,Very Short,False,Positive,0.9785
REV002164,PH047,Oppo K14x 5G,Flipkart,"""Phone is slightly wide and feels bulky. The camera module is too big, but the fingerprint sensor is excellent.""","""Phone is slightly wide and feels bulky. The camera module is too big, but the fingerprint sensor is excellent.""",112,19,Good,False,Positive,0.7507
REV002165,PH047,Oppo K14x 5G,Flipkart,"""Very nice.""","""Very nice.""",12,2,Short Review,False,Positive,0.9715
REV002166,PH047,Oppo K14x 5G,Flipkart,"""Good product.""","""Good product.""",15,2,Short Review,False,Positive,0.9522
REV002167,PH047,Oppo K14x 5G,Flipkart,"""Camera quality is poor. Photos and videos are not clear.""","""Camera quality is poor. Photos and videos are not clear.""",58,10,Good,False,Negative,0.9105
REV002168,PH047,Oppo K14x 5G,Flipkart,"""Very good.""","""Very good.""",12,2,Short Review,False,Positive,0.976
REV002169,PH047,Oppo K14x 5G,Flipkart,"""Camera is not good (2/5), battery is okay, performance is average (3/5).""","""Camera is not good (2/5), battery is okay, performance is average (3/5).""",74,12,Good,False,Negative,0.9013
REV002170,PH047,Oppo K14x 5G,Flipkart,"""Scroll experience is very bad.""","""Scroll experience is very bad.""",32,5,Good,False,Negative,0.9395
REV002171,PH047,Oppo K14x 5G,Flipkart,"""Not bad, but sometimes irritating.""","""Not bad, but sometimes irritating.""",36,5,Good,False,Negative,0.508
REV002172,PH047,Oppo K14x 5G,Flipkart,"""Good quality product.""","""Good quality product.""",23,3,Short Review,False,Positive,0.9289
REV002173,PH047,Oppo K14x 5G,Flipkart,"""Good phone.""","""Good phone.""",13,2,Short Review,False,Positive,0.9422
REV002174,PH047,Oppo K14x 5G,Flipkart,"""Worth every penny.""","""Worth every penny.""",20,3,Short Review,False,Positive,0.901
REV002175,PH047,Oppo K14x 5G,Flipkart,"""Very good experience and good service by Flipkart.""","""Very good experience and good service by Flipkart.""",52,8,Good,False,Positive,0.9752
REV002176,PH047,Oppo K14x 5G,Flipkart,"""Must buy!""","""Must buy!""",11,2,Short Review,False,Positive,0.8811
REV002177,PH047,Oppo K14x 5G,Flipkart,"""Very nice.""","""Very nice.""",12,2,Short Review,True,Positive,0.9715
REV002178,PH047,Oppo K14x 5G,Flipkart,"""Worst phone with heavy weight and poor quality configuration.""","""Worst phone with heavy weight and poor quality configuration.""",63,9,Good,False,Negative,0.9478
REV002179,PH047,Oppo K14x 5G,Flipkart,"""Front camera is blurred and unclear. Back camera is average, but the design is good.""","""Front camera is blurred and unclear. Back camera is average, but the design is good.""",86,15,Good,False,Positive,0.5728
REV002180,PH047,Oppo K14x 5G,Flipkart,"""Camera is okay.""","""Camera is okay.""",17,3,Short Review,False,Positive,0.6278
REV002181,PH047,Oppo K14x 5G,Flipkart,"""Worth the money.""","""Worth the money.""",18,3,Short Review,False,Positive,0.8511
REV002182,PH047,Oppo K14x 5G,Flipkart,"""Battery backup is good.""","""Battery backup is good.""",25,4,Good,False,Positive,0.9277
REV002183,PH047,Oppo K14x 5G,Flipkart,"""Value for money. Camera quality is okay.""","""Value for money. Camera quality is okay.""",42,7,Good,False,Positive,0.6986
REV002184,PH047,Oppo K14x 5G,Flipkart,"""Not bad.""","""Not bad.""",10,2,Short Review,False,Positive,0.7418
REV002185,PH047,Oppo K14x 5G,Flipkart,"""Worth every penny.""","""Worth every penny.""",20,3,Short Review,True,Positive,0.901
REV002186,PH047,Oppo K14x 5G,Flipkart,"""Very smooth phone with excellent sound quality.""","""Very smooth phone with excellent sound quality.""",49,7,Good,False,Positive,0.9754
REV002187,PH047,Oppo K14x 5G,Flipkart,"""Pretty good.""","""Pretty good.""",14,2,Short Review,False,Positive,0.9683
REV002188,PH047,Oppo K14x 5G,Flipkart,"""Slightly expensive but performance is good.""","""Slightly expensive but performance is good.""",45,6,Good,False,Positive,0.9097
REV002189,PH047,Oppo K14x 5G,Flipkart,"""Solid body, powerful battery, strong screen, and a decent camera.""","""Solid body, powerful battery, strong screen, and a decent camera.""",67,10,Good,False,Positive,0.9277
REV002190,PH047,Oppo K14x 5G,Flipkart,"""Awesome.""","""Awesome.""",10,1,Very Short,True,Positive,0.9785
REV002191,PH047,Oppo K14x 5G,Flipkart,"""Very nice product. Bought it for my father. Mobile is good, but camera quality is not great. AI enhances photos after clicking them.""","""Very nice product. Bought it for my father. Mobile is good, but camera quality is not great. AI enhances photos after clicking them.""",134,23,Good,False,Positive,0.8612
REV002192,PH047,Oppo K14x 5G,Flipkart,"""Awesome.""","""Awesome.""",10,1,Very Short,True,Positive,0.9785
REV002193,PH047,Oppo K14x 5G,Flipkart,"""Good product.""","""Good product.""",15,2,Short Review,True,Positive,0.9522
REV002194,PH047,Oppo K14x 5G,Flipkart,"""Must buy!""","""Must buy!""",11,2,Short Review,True,Positive,0.8811
REV002195,PH047,Oppo K14x 5G,Flipkart,"""Best phone.""","""Best phone.""",13,2,Short Review,False,Positive,0.965
REV002196,PH047,Oppo K14x 5G,Flipkart,"""Good product.""","""Good product.""",15,2,Short Review,True,Positive,0.9522
REV002197,PH047,Oppo K14x 5G,Flipkart,"""Very bad quality. Phone lags and camera performance is poor.""","""Very bad quality. Phone lags and camera performance is poor.""",62,10,Good,False,Negative,0.9498
REV002198,PH047,Oppo K14x 5G,Flipkart,"""Awesome phone in this price range.""","""Awesome phone in this price range.""",36,6,Good,False,Positive,0.9832
REV002199,PH047,Oppo K14x 5G,Flipkart,"""Best for ladies. Looks great and feels good in hand.""","""Best for ladies. Looks great and feels good in hand.""",54,10,Good,False,Positive,0.977
REV002200,PH047,Oppo K14x 5G,Flipkart,"""Good mobile.""","""Good mobile.""",14,2,Short Review,False,Positive,0.9116
REV002201,PH047,Oppo K14x 5G,Flipkart,"""Nice phone.""","""Nice phone.""",13,2,Short Review,False,Positive,0.9449
REV002202,PH047,Oppo K14x 5G,Flipkart,"""Worth every penny.""","""Worth every penny.""",20,3,Short Review,True,Positive,0.901
REV002203,PH047,Oppo K14x 5G,Flipkart,"""Good 👍""","""Good 👍""",8,2,Short Review,False,Positive,0.9672
REV002204,PH047,Oppo K14x 5G,Flipkart,"""Worth every penny.""","""Worth every penny.""",20,3,Short Review,True,Positive,0.901
REV002205,PH047,Oppo K14x 5G,Flipkart,"""Good nice phone.""","""Good nice phone.""",18,3,Short Review,False,Positive,0.9727
REV002206,PH047,Oppo K14x 5G,Flipkart,"""Overall best phone.""","""Overall best phone.""",21,3,Short Review,False,Positive,0.9717
REV002207,PH047,Oppo K14x 5G,Flipkart,"""Battery is very good, charging is fast, and design is good. Font style and size need improvement.""","""Battery is very good, charging is fast, and design is good. Font style and size need improvement.""",99,17,Good,False,Positive,0.95
REV002208,PH047,Oppo K14x 5G,Flipkart,"""Awesome camera and good battery.""","""Awesome camera and good battery.""",34,5,Good,False,Positive,0.9794
REV002209,PH047,Oppo K14x 5G,Flipkart,"""Love it 👍""","""Love it 👍""",11,3,Short Review,False,Positive,0.9822
REV002210,PH047,Oppo K14x 5G,Flipkart,"""Front camera needs an upgrade at this price.""","""Front camera needs an upgrade at this price.""",46,8,Good,False,Neutral,0.5968
REV002211,PH047,Oppo K14x 5G,Flipkart,"""Simply awesome.""","""Simply awesome.""",17,2,Short Review,False,Positive,0.9773
REV002212,PH047,Oppo K14x 5G,Flipkart,"""Good one.""","""Good one.""",11,2,Short Review,False,Positive,0.9666
REV002213,PH047,Oppo K14x 5G,Flipkart,"""Nice product. Thanks Flipkart for delivering.""","""Nice product. Thanks Flipkart for delivering.""",47,6,Good,False,Positive,0.9845
REV002214,PH047,Oppo K14x 5G,Flipkart,"""Excellent phone.""","""Excellent phone.""",18,2,Short Review,False,Positive,0.968
REV002215,PH047,Oppo K14x 5G,Flipkart,"""Best phone under budget with many features.""","""Best phone under budget with many features.""",45,7,Good,False,Positive,0.9711
REV002216,PH047,Oppo K14x 5G,Flipkart,"""Very good.""","""Very good.""",12,2,Short Review,True,Positive,0.976
REV002217,PH047,Oppo K14x 5G,Flipkart,"""Awesome cellphone. Purchased for my son. Free Fire runs very smoothly.""","""Awesome cellphone. Purchased for my son. Free Fire runs very smoothly.""",72,11,Good,False,Positive,0.9859
REV002218,PH047,Oppo K14x 5G,Flipkart,"""Very nice. Best brand Oppo.""","""Very nice. Best brand Oppo.""",29,5,Good,False,Positive,0.986
REV002219,PH047,Oppo K14x 5G,Flipkart,"""Good quality.""","""Good quality.""",15,2,Short Review,False,Positive,0.8707
REV002220,PH047,Oppo K14x 5G,Flipkart,"""Very bad camera. Totally disappointing from Oppo.""","""Very bad camera. Totally disappointing from Oppo.""",51,7,Good,False,Negative,0.9437
REV002221,PH047,Oppo K14x 5G,Flipkart,"""All good.""","""All good.""",11,2,Short Review,False,Positive,0.8006
REV002222,PH047,Oppo K14x 5G,Flipkart,"""Awesome.""","""Awesome.""",10,1,Very Short,True,Positive,0.9785
REV002223,PH047,Oppo K14x 5G,Flipkart,"""Good piece.""","""Good piece.""",13,2,Short Review,False,Positive,0.9421
REV002224,PH047,Oppo K14x 5G,Flipkart,"""Pretty good.""","""Pretty good.""",14,2,Short Review,True,Positive,0.9683
REV002225,PH047,Oppo K14x 5G,Flipkart,"""Good quality.""","""Good quality.""",15,2,Short Review,True,Positive,0.8707
REV002226,PH047,Oppo K14x 5G,Flipkart,"""Not much worthy phone.""","""Not much worthy phone.""",24,4,Good,False,Negative,0.6709
REV002227,PH047,Oppo K14x 5G,Flipkart,"""Awesome.""","""Awesome.""",10,1,Very Short,True,Positive,0.9785
REV002228,PH047,Oppo K14x 5G,Flipkart,"""Worth every penny.""","""Worth every penny.""",20,3,Short Review,True,Positive,0.901
REV002229,PH047,Oppo K14x 5G,Flipkart,"""Very good. Nice.""","""Very good. Nice.""",18,3,Short Review,False,Positive,0.9826
REV002230,PH047,Oppo K14x 5G,Flipkart,"""My phone is not comfortable to use.""","""My phone is not comfortable to use.""",37,7,Good,False,Negative,0.8438
REV002231,PH047,Oppo K14x 5G,Flipkart,"""Worth every penny.""","""Worth every penny.""",20,3,Short Review,True,Positive,0.901
REV002232,PH047,Oppo K14x 5G,Flipkart,"""Very bad phone.""","""Very bad phone.""",17,3,Short Review,False,Negative,0.9133
REV002233,PH047,Oppo K14x 5G,Flipkart,"""Battery quality is not good.""","""Battery quality is not good.""",30,5,Good,False,Negative,0.8989
REV002234,PH047,Oppo K14x 5G,Flipkart,"""Worth every penny.""","""Worth every penny.""",20,3,Short Review,True,Positive,0.901
REV002235,PH047,Oppo K14x 5G,Flipkart,"""Good product.""","""Good product.""",15,2,Short Review,True,Positive,0.9522
REV002236,PH047,Oppo K14x 5G,Flipkart,"""Awesome.""","""Awesome.""",10,1,Very Short,True,Positive,0.9785
REV002237,PH047,Oppo K14x 5G,Flipkart,"""Must buy!""","""Must buy!""",11,2,Short Review,True,Positive,0.8811
REV002238,PH047,Oppo K14x 5G,Flipkart,"""Very good.""","""Very good.""",12,2,Short Review,True,Positive,0.976
REV002239,PH047,Oppo K14x 5G,Flipkart,"""Overall good.""","""Overall good.""",15,2,Short Review,False,Positive,0.955
REV002240,PH047,Oppo K14x 5G,Flipkart,"""Poor quality. Don't buy it. No return policy. Waste of money.""","""Poor quality. Don't buy it. No return policy. Waste of money.""",63,11,Good,False,Negative,0.9331
REV002241,PH047,Oppo K14x 5G,Flipkart,"""Awesome.""","""Awesome.""",10,1,Very Short,True,Positive,0.9785
REV002242,PH047,Oppo K14x 5G,Flipkart,"""Good product.""","""Good product.""",15,2,Short Review,True,Positive,0.9522
REV002243,PH047,Oppo K14x 5G,Flipkart,"""Very bad product.""","""Very bad product.""",19,3,Short Review,False,Negative,0.9353
REV002244,PH047,Oppo K14x 5G,Flipkart,"""Very nice Oppo K14x.""","""Very nice Oppo K14x.""",22,4,Good,False,Positive,0.9792
REV002245,PH047,Oppo K14x 5G,Flipkart,"""Bad quality.""","""Bad quality.""",14,2,Short Review,False,Negative,0.8907
REV002246,PH047,Oppo K14x 5G,Flipkart,"""Phone is not working properly, though the display is good.""","""Phone is not working properly, though the display is good.""",60,10,Good,False,Negative,0.6227
REV002247,PH047,Oppo K14x 5G,Flipkart,"""Camera is not good.""","""Camera is not good.""",21,4,Good,False,Negative,0.8985
REV002248,PH047,Oppo K14x 5G,Flipkart,"""Battery is the best.""","""Battery is the best.""",22,4,Good,False,Positive,0.9838
REV002249,PH047,Oppo K14x 5G,Flipkart,"""Battery quality is poor and selfie camera is weak.""","""Battery quality is poor and selfie camera is weak.""",52,9,Good,False,Negative,0.9068
REV002250,PH047,Oppo K14x 5G,Flipkart,"""Pretty good.""","""Pretty good.""",14,2,Short Review,True,Positive,0.9683
REV002251,PH047,Oppo K14x 5G,Flipkart,"""Very bad camera.""","""Very bad camera.""",18,3,Short Review,False,Negative,0.9047
REV002252,PH047,Oppo K14x 5G,Flipkart,"""Very nice phone. All functions work well and it's worth buying.""","""Very nice phone. All functions work well and it's worth buying.""",65,11,Good,False,Positive,0.986
REV002253,PH047,Oppo K14x 5G,Flipkart,"""Good phone.""","""Good phone.""",13,2,Short Review,True,Positive,0.9422
REV002254,PH047,Oppo K14x 5G,Flipkart,"""Very nice looking.""","""Very nice looking.""",20,3,Short Review,False,Positive,0.9704
REV002255,PH047,Oppo K14x 5G,Flipkart,"""Mobile is good but delivery service was not good.""","""Mobile is good but delivery service was not good.""",51,9,Good,False,Negative,0.7164
REV002256,PH047,Oppo K14x 5G,Flipkart,"""Looking very good.""","""Looking very good.""",20,3,Short Review,False,Positive,0.9739
REV002257,PH047,Oppo K14x 5G,Flipkart,"""Camera is terrible. Video recording is shaky. Compared to my previous Samsung phone, this camera is disappointing.""","""Camera is terrible. Video recording is shaky. Compared to my previous Samsung phone, this camera is disappointing.""",116,17,Good,False,Negative,0.9446
REV002258,PH047,Oppo K14x 5G,Flipkart,"""Front camera is very, very bad.""","""Front camera is very, very bad.""",33,6,Good,False,Negative,0.935
REV002259,PH047,Oppo K14x 5G,Flipkart,"""Feels like an iPhone 17 Pro Max.""","""Feels like an iPhone 17 Pro Max.""",34,7,Good,False,Neutral,0.6119
REV002260,PH047,Oppo K14x 5G,Flipkart,"""Good quality and performance. Value for money. Recommended.""","""Good quality and performance. Value for money. Recommended.""",61,8,Good,False,Positive,0.9411
REV002261,PH047,Oppo K14x 5G,Flipkart,"""Very nice.""","""Very nice.""",12,2,Short Review,True,Positive,0.9715
REV002262,PH047,Oppo K14x 5G,Flipkart,"""Great battery backup, performance, and design.""","""Great battery backup, performance, and design.""",48,6,Good,False,Positive,0.963
REV002263,PH047,Oppo K14x 5G,Amazon,"""Good phone with simple features. Lightweight and suitable for elderly users. Smooth 120Hz display. Large battery. Charging is slow, camera is average, single speaker, and side-mounted fingerprint sensor is not very fast.""","""Good phone with simple features. Lightweight and suitable for elderly users. Smooth 120Hz display. Large battery. Charging is slow, camera is average, single speaker, and side-mounted fingerprint sensor is not very fast.""",222,32,Good,False,Positive,0.8314
REV002264,PH047,Oppo K14x 5G,Amazon,"""Nice phone.""","""Nice phone.""",13,2,Short Review,True,Positive,0.9449
REV002265,PH047,Oppo K14x 5G,Amazon,"""Best quality, best price, and good battery life.""","""Best quality, best price, and good battery life.""",50,8,Good,False,Positive,0.9663
REV002266,PH047,Oppo K14x 5G,Amazon,"""Very very poor camera.""","""Very very poor camera.""",24,4,Good,False,Negative,0.9184
REV002267,PH047,Oppo K14x 5G,Amazon,"""Awesome phone. Excellent. I loved the OPPO K14x.""","""Awesome phone. Excellent. I loved the OPPO K14x.""",50,8,Good,False,Positive,0.9878
REV002268,PH047,Oppo K14x 5G,Amazon,"""Nice. Battery performance is good.""","""Nice. Battery performance is good.""",36,5,Good,False,Positive,0.9812
REV002269,PH047,Oppo K14x 5G,Amazon,"""Good phone. Received in good condition and working great.""","""Good phone. Received in good condition and working great.""",59,9,Good,False,Positive,0.979
REV002270,PH047,Oppo K14x 5G,Amazon,"""Good.""","""Good.""",7,1,Very Short,False,Positive,0.932
REV002271,PH047,Oppo K14x 5G,Amazon,"""Nice product. Battery is worth the price. Quality is okay. Performance needs improvement.""","""Nice product. Battery is worth the price. Quality is okay. Performance needs improvement.""",91,13,Good,False,Positive,0.9466
REV002272,PH047,Oppo K14x 5G,Amazon,"""Good.""","""Good.""",7,1,Very Short,True,Positive,0.932
REV002273,PH047,Oppo K14x 5G,Amazon,"""Good for the price, but the front camera is poor.""","""Good for the price, but the front camera is poor.""",51,10,Good,False,Negative,0.6506
REV002274,PH047,Oppo K14x 5G,Amazon,"""Camera performance is poor.""","""Camera performance is poor.""",29,4,Good,False,Negative,0.8886
REV002275,PH047,Oppo K14x 5G,Amazon,"""Very nice mobile.""","""Very nice mobile.""",19,3,Short Review,False,Positive,0.9741
REV002276,PH047,Oppo K14x 5G,Amazon,"""Extra delivery charge was taken for open box delivery.""","""Extra delivery charge was taken for open box delivery.""",56,9,Good,False,Neutral,0.8856
REV002277,PH047,Oppo K14x 5G,Amazon,"""Sometimes hangs while gaming.""","""Sometimes hangs while gaming.""",31,4,Good,False,Neutral,0.8763
REV002278,PH047,Oppo K14x 5G,Amazon,"""Good mobile. Good quality, camera and battery.""","""Good mobile. Good quality, camera and battery.""",48,7,Good,False,Positive,0.9591
REV002279,PH047,Oppo K14x 5G,Amazon,"""Awesome product. Best budget phone with high productivity.""","""Awesome product. Best budget phone with high productivity.""",60,8,Good,False,Positive,0.984
REV002280,PH047,Oppo K14x 5G,Amazon,"""Battery charging is very fast.""","""Battery charging is very fast.""",32,5,Good,False,Positive,0.8604
REV002281,PH047,Oppo K14x 5G,Amazon,"""No like.""","""No like.""",10,2,Short Review,False,Neutral,0.7344
REV002282,PH047,Oppo K14x 5G,Amazon,"""Not working properly.""","""Not working properly.""",23,3,Short Review,False,Negative,0.754
REV002283,PH047,Oppo K14x 5G,Amazon,"""Very good mobile in this price range.""","""Very good mobile in this price range.""",39,7,Good,False,Positive,0.9729
REV002284,PH047,Oppo K14x 5G,Amazon,"""Thank you.""","""Thank you.""",12,2,Short Review,False,Positive,0.9079
REV002285,PH047,Oppo K14x 5G,Amazon,"""Phone is heavy and the camera is nothing special. Only a budget phone.""","""Phone is heavy and the camera is nothing special. Only a budget phone.""",72,13,Good,False,Negative,0.7533
REV002286,PH047,Oppo K14x 5G,Amazon,"""Bad mobile. Bad experience. Customer care did not listen. Could not return the phone. Front camera quality is very poor.""","""Bad mobile. Bad experience. Customer care did not listen. Could not return the phone. Front camera quality is very poor.""",122,20,Good,False,Negative,0.95
REV002287,PH047,Oppo K14x 5G,Amazon,"""Camera quality is very bad.""","""Camera quality is very bad.""",29,5,Good,False,Negative,0.9265
REV002288,PH047,Oppo K14x 5G,Amazon,"""Very bad product. Do not buy.""","""Very bad product. Do not buy.""",31,6,Good,False,Negative,0.9412
REV002289,PH047,Oppo K14x 5G,Amazon,"""Worst experience. Wi-Fi hotspot not working. Battery swollen after 1.2 years. Phone became a nightmare.""","""Worst experience. Wi-Fi hotspot not working. Battery swollen after 1.2 years. Phone became a nightmare.""",105,15,Good,False,Negative,0.9522
REV002290,PH047,Oppo K14x 5G,Amazon,"""Worst mobile ever. Camera and processor are poor. Customer service is also not good. Don't buy this phone.""","""Worst mobile ever. Camera and processor are poor. Customer service is also not good. Don't buy this phone.""",108,18,Good,False,Negative,0.9589
REV002291,PH048,Samsung Galaxy F70e 5G,Flipkart,"""Average product at this price""","""Average product at this price""",31,5,Good,False,Neutral,0.6794
REV002292,PH048,Samsung Galaxy F70e 5G,Flipkart,"""Overall good phone""","""Overall good phone""",20,3,Short Review,False,Positive,0.9358
REV002293,PH048,Samsung Galaxy F70e 5G,Flipkart,"""Works well. Sometimes it gets a little slow. Good battery backup.""","""Works well. Sometimes it gets a little slow. Good battery backup.""",67,11,Good,False,Positive,0.8789
REV002294,PH048,Samsung Galaxy F70e 5G,Flipkart,"""Very good smartphone under budget 🫡""","""Very good smartphone under budget 🫡""",37,6,Good,False,Positive,0.9771
REV002295,PH048,Samsung Galaxy F70e 5G,Flipkart,"""If you're a normal user and do a little casual gaming, this phone performs very well. Samsung Knox security is also great and battery backup is good.""","""If you're a normal user and do a little casual gaming, this phone performs very well. Samsung Knox security is also great and battery backup is good.""",151,27,Good,False,Positive,0.9651
REV002296,PH048,Samsung Galaxy F70e 5G,Flipkart,"""Sound gets 4 stars.""","""Sound gets 4 stars.""",21,4,Good,False,Positive,0.6435
REV002297,PH048,Samsung Galaxy F70e 5G,Flipkart,"""Sound is not loud enough and the processor feels a bit slow while browsing. Other than that, the display is bright, camera is decent, and build is good.""","""Sound is not loud enough and the processor feels a bit slow while browsing. Other than that, the display is bright, camera is decent, and build is good.""",154,28,Good,False,Positive,0.444
REV002298,PH048,Samsung Galaxy F70e 5G,Flipkart,"""The design is good and the price range is reasonable. However, the lag is too much.""","""The design is good and the price range is reasonable. However, the lag is too much.""",85,16,Good,False,Positive,0.6433
REV002299,PH048,Samsung Galaxy F70e 5G,Flipkart,"""Nice 🙂👍""","""Nice 🙂👍""",9,2,Short Review,False,Positive,0.9753
REV002300,PH048,Samsung Galaxy F70e 5G,Flipkart,"""Value for money product""","""Value for money product""",25,4,Good,False,Neutral,0.6975
REV002301,PH048,Samsung Galaxy F70e 5G,Flipkart,"""All-rounder phone""","""All-rounder phone""",19,2,Short Review,False,Neutral,0.8214
REV002302,PH048,Samsung Galaxy F70e 5G,Flipkart,"""Good""","""Good""",6,1,Very Short,False,Positive,0.7658
REV002303,PH048,Samsung Galaxy F70e 5G,Flipkart,"""Super 👍👍""","""Super 👍👍""",10,2,Short Review,False,Positive,0.979
REV002304,PH048,Samsung Galaxy F70e 5G,Flipkart,"""Excellent""","""Excellent""",11,1,Very Short,False,Positive,0.9634
REV002305,PH048,Samsung Galaxy F70e 5G,Flipkart,"""Overall good""","""Overall good""",14,2,Short Review,False,Positive,0.9234
REV002306,PH048,Samsung Galaxy F70e 5G,Flipkart,"""New phone hanging problem. Very, very bad.""","""New phone hanging problem. Very, very bad.""",44,7,Good,False,Negative,0.9303
REV002307,PH048,Samsung Galaxy F70e 5G,Flipkart,"""This mobile is very slow. Not a good product, hangs frequently.""","""This mobile is very slow. Not a good product, hangs frequently.""",65,11,Good,False,Negative,0.9534
REV002308,PH048,Samsung Galaxy F70e 5G,Flipkart,"""Very nice.""","""Very nice.""",12,2,Short Review,False,Positive,0.9715
REV002309,PH048,Samsung Galaxy F70e 5G,Flipkart,"""This phone hangs. Low-quality phone.""","""This phone hangs. Low-quality phone.""",38,5,Good,False,Negative,0.9397
REV002310,PH048,Samsung Galaxy F70e 5G,Flipkart,"""Samsung's latest device with Android 16 available and good performance.""","""Samsung's latest device with Android 16 available and good performance.""",73,10,Good,False,Positive,0.9759
REV002311,PH048,Samsung Galaxy F70e 5G,Flipkart,"""Overall it's awesome.""","""Overall it's awesome.""",23,3,Short Review,False,Positive,0.9859
REV002312,PH048,Samsung Galaxy F70e 5G,Flipkart,"""Ok""","""Ok""",4,1,Very Short,False,Neutral,0.61
REV002313,PH048,Samsung Galaxy F70e 5G,Flipkart,"""Mobile will hang.""","""Mobile will hang.""",19,3,Short Review,False,Neutral,0.5726
REV002314,PH048,Samsung Galaxy F70e 5G,Flipkart,"""Good design. 6 years of software updates.""","""Good design. 6 years of software updates.""",43,7,Good,False,Positive,0.9166
REV002315,PH048,Samsung Galaxy F70e 5G,Flipkart,"""Overall good product.""","""Overall good product.""",23,3,Short Review,False,Positive,0.9638
REV002316,PH048,Samsung Galaxy F70e 5G,Flipkart,"""Product is good and performance is okay.""","""Product is good and performance is okay.""",42,7,Good,False,Positive,0.9338
REV002317,PH048,Samsung Galaxy F70e 5G,Flipkart,"""Nice 👌""","""Nice 👌""",8,2,Short Review,False,Positive,0.9655
REV002318,PH048,Samsung Galaxy F70e 5G,Flipkart,"""I ordered this phone on May 29, 2026, and received it the next day. The phone is really good. I underestimated the 4GB RAM, but it performs well.""","""I ordered this phone on May 29, 2026, and received it the next day. The phone is really good. I underestimated the 4GB RAM, but it performs well.""",147,28,Good,False,Positive,0.9829
REV002319,PH048,Samsung Galaxy F70e 5G,Flipkart,"""Nice mobile.""","""Nice mobile.""",14,2,Short Review,False,Positive,0.9434
REV002320,PH048,Samsung Galaxy F70e 5G,Flipkart,"""Good.""","""Good.""",7,1,Very Short,False,Positive,0.932
REV002321,PH048,Samsung Galaxy F70e 5G,Flipkart,"""Good phone.""","""Good phone.""",13,2,Short Review,False,Positive,0.9422
REV002322,PH048,Samsung Galaxy F70e 5G,Flipkart,"""Mobile started lagging after 10 days, but good at this price.""","""Mobile started lagging after 10 days, but good at this price.""",63,11,Good,False,Neutral,0.5198
REV002323,PH048,Samsung Galaxy F70e 5G,Flipkart,"""Mobile has hanging problem.""","""Mobile has hanging problem.""",29,4,Good,False,Negative,0.5913
REV002324,PH048,Samsung Galaxy F70e 5G,Flipkart,"""Overall good phone but user experience is laggy.""","""Overall good phone but user experience is laggy.""",50,8,Good,False,Negative,0.4648
REV002325,PH048,Samsung Galaxy F70e 5G,Flipkart,"""Mobile suddenly switched off.""","""Mobile suddenly switched off.""",31,4,Good,False,Neutral,0.7809
REV002326,PH048,Samsung Galaxy F70e 5G,Flipkart,"""Camera performance is average, battery backup is not one day, processor is average, display is good.""","""Camera performance is average, battery backup is not one day, processor is average, display is good.""",102,16,Good,False,Positive,0.4151
REV002327,PH048,Samsung Galaxy F70e 5G,Flipkart,"""Nice phone, worth buying at this price.""","""Nice phone, worth buying at this price.""",41,7,Good,False,Positive,0.9772
REV002328,PH048,Samsung Galaxy F70e 5G,Flipkart,"""Nice phone.""","""Nice phone.""",13,2,Short Review,False,Positive,0.9449
REV002329,PH048,Samsung Galaxy F70e 5G,Flipkart,"""Very nice.""","""Very nice.""",12,2,Short Review,True,Positive,0.9715
REV002330,PH048,Samsung Galaxy F70e 5G,Flipkart,"""Budget-friendly mobile. Best for normal use but not for multitasking.""","""Budget-friendly mobile. Best for normal use but not for multitasking.""",71,10,Good,False,Positive,0.651
REV002331,PH048,Samsung Galaxy F70e 5G,Flipkart,"""Superb.""","""Superb.""",9,1,Very Short,False,Positive,0.9622
REV002332,PH048,Samsung Galaxy F70e 5G,Flipkart,"""Very poor product. Phone lags on every click. Waste of money.""","""Very poor product. Phone lags on every click. Waste of money.""",63,11,Good,False,Negative,0.9533
REV002333,PH048,Samsung Galaxy F70e 5G,Flipkart,"""Within 8–10 days the phone started hanging.""","""Within 8–10 days the phone started hanging.""",45,7,Good,False,Neutral,0.7365
REV002334,PH048,Samsung Galaxy F70e 5G,Flipkart,"""10/10 in every aspect. Smooth, easy to use, and Samsung Notes is amazing.""","""10/10 in every aspect. Smooth, easy to use, and Samsung Notes is amazing.""",75,13,Good,False,Positive,0.986
REV002335,PH048,Samsung Galaxy F70e 5G,Flipkart,"""Ok.""","""Ok.""",5,1,Very Short,False,Neutral,0.5323
REV002336,PH048,Samsung Galaxy F70e 5G,Flipkart,"""Awesome phone.""","""Awesome phone.""",16,2,Short Review,False,Positive,0.9801
REV002337,PH048,Samsung Galaxy F70e 5G,Flipkart,"""Worth the price.""","""Worth the price.""",18,3,Short Review,False,Positive,0.7175
REV002338,PH048,Samsung Galaxy F70e 5G,Flipkart,"""Camera and performance are very poor. Skip this product.""","""Camera and performance are very poor. Skip this product.""",58,9,Good,False,Negative,0.9419
REV002339,PH048,Samsung Galaxy F70e 5G,Flipkart,"""Good phone at this price point.""","""Good phone at this price point.""",33,6,Good,False,Positive,0.953
REV002340,PH048,Samsung Galaxy F70e 5G,Flipkart,"""Good.""","""Good.""",7,1,Very Short,True,Positive,0.932
REV002341,PH048,Samsung Galaxy F70e 5G,Flipkart,"""Nice product.""","""Nice product.""",15,2,Short Review,False,Positive,0.9644
REV002342,PH048,Samsung Galaxy F70e 5G,Flipkart,"""Camera does not open. Worst product.""","""Camera does not open. Worst product.""",38,6,Good,False,Negative,0.9511
REV002343,PH048,Samsung Galaxy F70e 5G,Flipkart,"""Samsung is not user-friendly.""","""Samsung is not user-friendly.""",31,4,Good,False,Negative,0.8443
REV002344,PH048,Samsung Galaxy F70e 5G,Flipkart,"""Very nice Samsung smartphone under ₹15K. Value for money.""","""Very nice Samsung smartphone under ₹15K. Value for money.""",59,9,Good,False,Positive,0.9765
REV002345,PH048,Samsung Galaxy F70e 5G,Flipkart,"""Nice phone at a good price 👍""","""Nice phone at a good price 👍""",30,7,Good,False,Positive,0.977
REV002346,PH048,Samsung Galaxy F70e 5G,Flipkart,"""Working excellent.""","""Working excellent.""",20,2,Short Review,False,Positive,0.9647
REV002347,PH048,Samsung Galaxy F70e 5G,Flipkart,"""Nice phone 😘😘 I am so happy ❤️""","""Nice phone 😘😘 I am so happy ❤️""",32,8,Good,False,Positive,0.991
REV002348,PH048,Samsung Galaxy F70e 5G,Flipkart,"""Everything is slow.""","""Everything is slow.""",21,3,Short Review,False,Negative,0.5205
REV002349,PH048,Samsung Galaxy F70e 5G,Flipkart,"""Pathetic front and rear camera. Cheap-looking.""","""Pathetic front and rear camera. Cheap-looking.""",48,6,Good,False,Negative,0.9415
REV002350,PH048,Samsung Galaxy F70e 5G,Flipkart,"""Don't buy this product. Hanging and heating issues. Don't waste your money.""","""Don't buy this product. Hanging and heating issues. Don't waste your money.""",77,12,Good,False,Negative,0.9165
REV002351,PH048,Samsung Galaxy F70e 5G,Flipkart,"""Good.""","""Good.""",7,1,Very Short,True,Positive,0.932
REV002352,PH048,Samsung Galaxy F70e 5G,Flipkart,"""Good mobile. Screen resolution is compromised. Camera is excellent, but no charger included.""","""Good mobile. Screen resolution is compromised. Camera is excellent, but no charger included.""",94,13,Good,False,Positive,0.4889
REV002353,PH048,Samsung Galaxy F70e 5G,Flipkart,"""Hanging problem.""","""Hanging problem.""",18,2,Short Review,False,Neutral,0.8101
REV002354,PH048,Samsung Galaxy F70e 5G,Flipkart,"""Camera quality is not good.""","""Camera quality is not good.""",29,5,Good,False,Negative,0.8766
REV002355,PH048,Samsung Galaxy F70e 5G,Flipkart,"""Very good.""","""Very good.""",12,2,Short Review,False,Positive,0.976
REV002356,PH048,Samsung Galaxy F70e 5G,Flipkart,"""Nice product for users who don't need high-end gaming.""","""Nice product for users who don't need high-end gaming.""",56,9,Good,False,Positive,0.9211
REV002357,PH048,Samsung Galaxy F70e 5G,Flipkart,"""Worst.""","""Worst.""",8,1,Very Short,False,Negative,0.9068
REV002358,PH048,Samsung Galaxy F70e 5G,Flipkart,"""No charger included. Camera is not clear.""","""No charger included. Camera is not clear.""",43,7,Good,False,Negative,0.697
REV002359,PH048,Samsung Galaxy F70e 5G,Flipkart,"""Nice.""","""Nice.""",7,1,Very Short,False,Positive,0.9461
REV002360,PH048,Samsung Galaxy F70e 5G,Flipkart,"""All very good.""","""All very good.""",16,3,Short Review,False,Positive,0.9535
REV002361,PH048,Samsung Galaxy F70e 5G,Flipkart,"""Nice phone.""","""Nice phone.""",13,2,Short Review,True,Positive,0.9449
REV002362,PH048,Samsung Galaxy F70e 5G,Flipkart,"""Battery backup is low and there are network issues. Totally a waste of money.""","""Battery backup is low and there are network issues. Totally a waste of money.""",79,14,Good,False,Negative,0.9507
REV002363,PH048,Samsung Galaxy F70e 5G,Flipkart,"""Good product 👍""","""Good product 👍""",16,3,Short Review,False,Positive,0.9713
REV002364,PH048,Samsung Galaxy F70e 5G,Flipkart,"""Network issue despite nearby tower. Overall phone is good.""","""Network issue despite nearby tower. Overall phone is good.""",60,9,Good,False,Positive,0.7948
REV002365,PH048,Samsung Galaxy F70e 5G,Flipkart,"""Just okay.""","""Just okay.""",12,2,Short Review,False,Neutral,0.5674
REV002366,PH048,Samsung Galaxy F70e 5G,Flipkart,"""Excellent.""","""Excellent.""",12,1,Very Short,False,Positive,0.9722
REV002367,PH048,Samsung Galaxy F70e 5G,Flipkart,"""Overall good experience.""","""Overall good experience.""",26,3,Short Review,False,Positive,0.9727
REV002368,PH048,Samsung Galaxy F70e 5G,Flipkart,"""Worst phone. Very poor build quality.""","""Worst phone. Very poor build quality.""",39,6,Good,False,Negative,0.9517
REV002369,PH048,Samsung Galaxy F70e 5G,Flipkart,"""Ok.""","""Ok.""",5,1,Very Short,True,Neutral,0.5323
REV002370,PH048,Samsung Galaxy F70e 5G,Flipkart,"""FHD would have been better.""","""FHD would have been better.""",29,5,Good,False,Neutral,0.5123
REV002371,PH048,Samsung Galaxy F70e 5G,Flipkart,"""Bad phone.""","""Bad phone.""",12,2,Short Review,False,Negative,0.838
REV002372,PH048,Samsung Galaxy F70e 5G,Flipkart,"""Very, very bad. You will regret buying it.""","""Very, very bad. You will regret buying it.""",44,8,Good,False,Negative,0.9419
REV002373,PH048,Samsung Galaxy F70e 5G,Flipkart,"""Camera, display, and build quality are good.""","""Camera, display, and build quality are good.""",46,7,Good,False,Positive,0.9539
REV002374,PH048,Samsung Galaxy F70e 5G,Flipkart,"""Good mobile at this price. Battery and camera are good.""","""Good mobile at this price. Battery and camera are good.""",57,10,Good,False,Positive,0.9649
REV002375,PH048,Samsung Galaxy F70e 5G,Flipkart,"""Super collection.""","""Super collection.""",19,2,Short Review,False,Positive,0.7524
REV002376,PH048,Samsung Galaxy F70e 5G,Flipkart,"""Slow performance and lock function lags.""","""Slow performance and lock function lags.""",42,6,Good,False,Negative,0.8897
REV002377,PH048,Samsung Galaxy F70e 5G,Flipkart,"""Nice 👍🙂 product.""","""Nice 👍🙂 product.""",18,3,Short Review,False,Positive,0.9801
REV002378,PH048,Samsung Galaxy F70e 5G,Flipkart,"""Value for money.""","""Value for money.""",18,3,Short Review,False,Neutral,0.7732
REV002379,PH048,Samsung Galaxy F70e 5G,Flipkart,"""Nice.""","""Nice.""",7,1,Very Short,True,Positive,0.9461
REV002380,PH048,Samsung Galaxy F70e 5G,Flipkart,"""Good quality.""","""Good quality.""",15,2,Short Review,False,Positive,0.8707
REV002381,PH048,Samsung Galaxy F70e 5G,Flipkart,"""Best quality at an affordable price.""","""Best quality at an affordable price.""",38,6,Good,False,Positive,0.9352
REV002382,PH048,Samsung Galaxy F70e 5G,Flipkart,"""Good.""","""Good.""",7,1,Very Short,True,Positive,0.932
REV002383,PH048,Samsung Galaxy F70e 5G,Flipkart,"""Good.""","""Good.""",7,1,Very Short,True,Positive,0.932
REV002384,PH048,Samsung Galaxy F70e 5G,Flipkart,"""Very poor.""","""Very poor.""",12,2,Short Review,False,Negative,0.8885
REV002385,PH048,Samsung Galaxy F70e 5G,Flipkart,"""Camera quality is too poor and the phone runs very slow. Total waste of money.""","""Camera quality is too poor and the phone runs very slow. Total waste of money.""",80,15,Good,False,Negative,0.9489
REV002386,PH048,Samsung Galaxy F70e 5G,Flipkart,"""Camera quality is poor, video calling experience is bad, performance is poor, and network often drops.""","""Camera quality is poor, video calling experience is bad, performance is poor, and network often drops.""",104,16,Good,False,Negative,0.9372
REV002387,PH048,Samsung Galaxy F70e 5G,Flipkart,"""Very good Samsung Galaxy phone under ₹15K.""","""Very good Samsung Galaxy phone under ₹15K.""",44,7,Good,False,Positive,0.9698
REV002388,PH048,Samsung Galaxy F70e 5G,Flipkart,"""Bad phone.""","""Bad phone.""",12,2,Short Review,True,Negative,0.838
REV002389,PH048,Samsung Galaxy F70e 5G,Flipkart,"""Good.""","""Good.""",7,1,Very Short,True,Positive,0.932
REV002390,PH048,Samsung Galaxy F70e 5G,Flipkart,"""Good product, thank you.""","""Good product, thank you.""",26,4,Good,False,Positive,0.9756
REV002391,PH048,Samsung Galaxy F70e 5G,Flipkart,"""Volume button not working properly and sound quality is poor.""","""Volume button not working properly and sound quality is poor.""",63,10,Good,False,Negative,0.913
REV002392,PH048,Samsung Galaxy F70e 5G,Flipkart,"""Outstanding phone.""","""Outstanding phone.""",20,2,Short Review,False,Positive,0.9616
REV002393,PH048,Samsung Galaxy F70e 5G,Flipkart,"""Superb.""","""Superb.""",9,1,Very Short,True,Positive,0.9622
REV002394,PH048,Samsung Galaxy F70e 5G,Flipkart,"""Very good mobile for the price.""","""Very good mobile for the price.""",33,6,Good,False,Positive,0.9732
REV002395,PH048,Samsung Galaxy F70e 5G,Flipkart,"""Battery charging is not working.""","""Battery charging is not working.""",34,5,Good,False,Negative,0.7818
REV002396,PH048,Samsung Galaxy F70e 5G,Flipkart,"""Camera quality is low for this price.""","""Camera quality is low for this price.""",39,7,Good,False,Negative,0.8015
REV002397,PH048,Samsung Galaxy F70e 5G,Flipkart,"""Not worth the money. Network and call quality issues.""","""Not worth the money. Network and call quality issues.""",55,9,Good,False,Negative,0.9199
REV002398,PH048,Samsung Galaxy F70e 5G,Flipkart,"""Phone overheats and hangs.""","""Phone overheats and hangs.""",28,4,Good,False,Negative,0.5872
REV002399,PH048,Samsung Galaxy F70e 5G,Flipkart,"""Good product.""","""Good product.""",15,2,Short Review,False,Positive,0.9522
REV002400,PH048,Samsung Galaxy F70e 5G,Flipkart,"""Overall the phone is good but the back camera is average.""","""Overall the phone is good but the back camera is average.""",59,11,Good,False,Positive,0.534
REV002401,PH048,Samsung Galaxy F70e 5G,Flipkart,"""Looking nice. Budget-friendly. Camera is good.""","""Looking nice. Budget-friendly. Camera is good.""",48,6,Good,False,Positive,0.9698
REV002402,PH048,Samsung Galaxy F70e 5G,Flipkart,"""It's good at this price.""","""It's good at this price.""",26,5,Good,False,Positive,0.8837
REV002403,PH048,Samsung Galaxy F70e 5G,Flipkart,"""This phone is also good.""","""This phone is also good.""",26,5,Good,False,Positive,0.9777
REV002404,PH048,Samsung Galaxy F70e 5G,Flipkart,"""Bad Samsung F70e.""","""Bad Samsung F70e.""",19,3,Short Review,False,Negative,0.8669
REV002405,PH048,Samsung Galaxy F70e 5G,Flipkart,"""Very nice.""","""Very nice.""",12,2,Short Review,True,Positive,0.9715
REV002406,PH048,Samsung Galaxy F70e 5G,Flipkart,"""Good product.""","""Good product.""",15,2,Short Review,True,Positive,0.9522
REV002407,PH048,Samsung Galaxy F70e 5G,Flipkart,"""Best phone for normal users.""","""Best phone for normal users.""",30,5,Good,False,Positive,0.9693
REV002408,PH048,Samsung Galaxy F70e 5G,Flipkart,"""Hanging issue from day one.""","""Hanging issue from day one.""",29,5,Good,False,Neutral,0.7529
REV002409,PH048,Samsung Galaxy F70e 5G,Flipkart,"""Value for money. Budget-friendly.""","""Value for money. Budget-friendly.""",35,4,Good,False,Positive,0.5856
REV002410,PH048,Samsung Galaxy F70e 5G,Flipkart,"""Product is very good. My brother is very happy with this gift.""","""Product is very good. My brother is very happy with this gift.""",64,12,Good,False,Positive,0.9889
REV002411,PH048,Samsung Galaxy F70e 5G,Flipkart,"""Nice phone in this price range.""","""Nice phone in this price range.""",33,6,Good,False,Positive,0.9659
REV002412,PH048,Samsung Galaxy F70e 5G,Flipkart,"""Nice phone.""","""Nice phone.""",13,2,Short Review,True,Positive,0.9449
REV002413,PH048,Samsung Galaxy F70e 5G,Flipkart,"""Sound is very low.""","""Sound is very low.""",20,4,Good,False,Negative,0.7329
REV002414,PH048,Samsung Galaxy F70e 5G,Flipkart,"""Mobile is slow.""","""Mobile is slow.""",17,3,Short Review,False,Negative,0.5467
REV002415,PH048,Samsung Galaxy F70e 5G,Flipkart,"""Good phone for this budget.""","""Good phone for this budget.""",29,5,Good,False,Positive,0.9485
REV002416,PH048,Samsung Galaxy F70e 5G,Flipkart,"""Worst mobile. Started hanging within 10 days.""","""Worst mobile. Started hanging within 10 days.""",47,7,Good,False,Negative,0.9561
REV002417,PH048,Samsung Galaxy F70e 5G,Flipkart,"""Nice.""","""Nice.""",7,1,Very Short,True,Positive,0.9461
REV002418,PH048,Samsung Galaxy F70e 5G,Flipkart,"""Works well. Sometimes it gets a little slow. Good battery backup.""","""Works well. Sometimes it gets a little slow. Good battery backup.""",67,11,Good,True,Positive,0.8789
REV002419,PH048,Samsung Galaxy F70e 5G,Flipkart,"""Good.""","""Good.""",7,1,Very Short,True,Positive,0.932
REV002420,PH048,Samsung Galaxy F70e 5G,Flipkart,"""Excellent.""","""Excellent.""",12,1,Very Short,True,Positive,0.9722
REV002421,PH048,Samsung Galaxy F70e 5G,Flipkart,"""Flipkart reduced the buyback value significantly at delivery. Misleading experience.""","""Flipkart reduced the buyback value significantly at delivery. Misleading experience.""",86,10,Good,False,Negative,0.9248
REV002422,PH048,Samsung Galaxy F70e 5G,Flipkart,"""Performance could be better. U-notch feels outdated.""","""Performance could be better. U-notch feels outdated.""",54,7,Good,False,Negative,0.8833
REV002423,PH048,Samsung Galaxy F70e 5G,Flipkart,"""Sound quality is very low and poor.""","""Sound quality is very low and poor.""",37,7,Good,False,Negative,0.9245
REV002424,PH048,Samsung Galaxy F70e 5G,Flipkart,"""Nice mobile.""","""Nice mobile.""",14,2,Short Review,True,Positive,0.9434
REV002425,PH048,Samsung Galaxy F70e 5G,Flipkart,"""Nice.""","""Nice.""",7,1,Very Short,True,Positive,0.9461
REV002426,PH048,Samsung Galaxy F70e 5G,Flipkart,"""Best product.""","""Best product.""",15,2,Short Review,False,Positive,0.9649
REV002427,PH048,Samsung Galaxy F70e 5G,Flipkart,"""Go for it. Nice product.""","""Go for it. Nice product.""",26,5,Good,False,Positive,0.9657
REV002428,PH048,Samsung Galaxy F70e 5G,Flipkart,"""Good.""","""Good.""",7,1,Very Short,True,Positive,0.932
REV002429,PH048,Samsung Galaxy F70e 5G,Flipkart,"""Good.""","""Good.""",7,1,Very Short,True,Positive,0.932
REV002430,PH048,Samsung Galaxy F70e 5G,Flipkart,"""Already activated product.""","""Already activated product.""",28,3,Short Review,False,Neutral,0.9021
REV002431,PH048,Samsung Galaxy F70e 5G,Flipkart,"""Value for money.""","""Value for money.""",18,3,Short Review,True,Neutral,0.7732
REV002432,PH048,Samsung Galaxy F70e 5G,Flipkart,"""Good.""","""Good.""",7,1,Very Short,True,Positive,0.932
REV002433,PH048,Samsung Galaxy F70e 5G,Flipkart,"""Very best phone at this price.""","""Very best phone at this price.""",32,6,Good,False,Positive,0.9739
REV002434,PH048,Samsung Galaxy F70e 5G,Flipkart,"""Waste of money. Phone started hanging on day one.""","""Waste of money. Phone started hanging on day one.""",51,9,Good,False,Negative,0.9309
REV002435,PH048,Samsung Galaxy F70e 5G,Flipkart,"""Good quality phone for the mid-range.""","""Good quality phone for the mid-range.""",39,6,Good,False,Positive,0.9285
REV002436,PH048,Samsung Galaxy F70e 5G,Flipkart,"""Performance is very slow and laggy.""","""Performance is very slow and laggy.""",37,6,Good,False,Negative,0.8852
REV002437,PH048,Samsung Galaxy F70e 5G,Flipkart,"""Good.""","""Good.""",7,1,Very Short,True,Positive,0.932
REV002438,PH048,Samsung Galaxy F70e 5G,Flipkart,"""Best mobile under this price range, though an FHD+ display would have been better.""","""Best mobile under this price range, though an FHD+ display would have been better.""",84,14,Good,False,Positive,0.9449
REV002439,PH048,Samsung Galaxy F70e 5G,Flipkart,"""Best mobile. Super 👌""","""Best mobile. Super 👌""",22,4,Good,False,Positive,0.9823
REV002440,PH048,Samsung Galaxy F70e 5G,Flipkart,"""Ok.""","""Ok.""",5,1,Very Short,True,Neutral,0.5323
REV002441,PH048,Samsung Galaxy F70e 5G,Amazon,"""Good mobile.""","""Good mobile.""",14,2,Short Review,False,Positive,0.9116
REV002442,PH048,Samsung Galaxy F70e 5G,Amazon,"""Average phone, very laggy. Suitable only for basic needs. Not recommended for gaming.""","""Average phone, very laggy. Suitable only for basic needs. Not recommended for gaming.""",87,13,Good,False,Negative,0.8904
REV002443,PH048,Samsung Galaxy F70e 5G,Amazon,"""Worth buying under ₹13,000. Excellent in this price range.""","""Worth buying under ₹13,000. Excellent in this price range.""",60,9,Good,False,Positive,0.9715
REV002444,PH048,Samsung Galaxy F70e 5G,Amazon,"""Phone is too slow.""","""Phone is too slow.""",20,4,Good,False,Negative,0.8212
REV002445,PH048,Samsung Galaxy F70e 5G,Amazon,"""Nice colour and nice product.""","""Nice colour and nice product.""",31,5,Good,False,Positive,0.9772
REV002446,PH048,Samsung Galaxy F70e 5G,Amazon,"""Nice product.""","""Nice product.""",15,2,Short Review,True,Positive,0.9644
REV002447,PH048,Samsung Galaxy F70e 5G,Amazon,"""Super hit.""","""Super hit.""",12,2,Short Review,False,Positive,0.5817
REV002448,PH048,Samsung Galaxy F70e 5G,Amazon,"""Worst phone experience. Heats up within 5 minutes. Terrible performance, constant lag and frame drops. Battery drains fast due to heating. Total waste of money.""","""Worst phone experience. Heats up within 5 minutes. Terrible performance, constant lag and frame drops. Battery drains fast due to heating. Total waste of money.""",162,25,Good,False,Negative,0.9593
REV002449,PH048,Samsung Galaxy F70e 5G,Amazon,"""First Samsung mobile. Experience isn't good. Better alternatives are available. Didn't like the UI/UX.""","""First Samsung mobile. Experience isn't good. Better alternatives are available. Didn't like the UI/UX.""",104,14,Good,False,Negative,0.9299
REV002450,PH048,Samsung Galaxy F70e 5G,Amazon,"""Charger head is not available in the box.""","""Charger head is not available in the box.""",43,8,Good,False,Negative,0.5
REV002451,PH048,Samsung Galaxy F70e 5G,Amazon,"""Product is good, but the adapter is not included.""","""Product is good, but the adapter is not included.""",51,9,Good,False,Negative,0.4961
REV002452,PH048,Samsung Galaxy F70e 5G,Amazon,"""Nice.""","""Nice.""",7,1,Very Short,True,Positive,0.9461
REV002453,PH048,Samsung Galaxy F70e 5G,Amazon,"""Phone is working well.""","""Phone is working well.""",24,4,Good,False,Positive,0.9074
REV002454,PH048,Samsung Galaxy F70e 5G,Amazon,"""Good battery backup. Camera quality, features and charging are good.""","""Good battery backup. Camera quality, features and charging are good.""",70,10,Good,False,Positive,0.9623
REV002455,PH048,Samsung Galaxy F70e 5G,Amazon,"""Product is very good.""","""Product is very good.""",23,4,Good,False,Positive,0.9768
REV002456,PH048,Samsung Galaxy F70e 5G,Amazon,"""Original and genuine phone. Perfect quality. Loved the colour and feel.""","""Original and genuine phone. Perfect quality. Loved the colour and feel.""",73,11,Good,False,Positive,0.983
REV002457,PH048,Samsung Galaxy F70e 5G,Amazon,"""Very bad phone. Camera is not working. I want to return it.""","""Very bad phone. Camera is not working. I want to return it.""",61,12,Good,False,Negative,0.9499
REV002458,PH048,Samsung Galaxy F70e 5G,Amazon,"""The phone is very slow and lags a lot.""","""The phone is very slow and lags a lot.""",40,9,Good,False,Negative,0.9032
REV002459,PH048,Samsung Galaxy F70e 5G,Amazon,"""Used phone was delivered. Slow charging. Very slow app performance.""","""Used phone was delivered. Slow charging. Very slow app performance.""",69,10,Good,False,Negative,0.8942
REV002460,PH048,Samsung Galaxy F70e 5G,Amazon,"""Worst experience. Screen issue.""","""Worst experience. Screen issue.""",33,4,Good,False,Negative,0.9441
REV002461,PH048,Samsung Galaxy F70e 5G,Amazon,"""Phone takes 2 hours to fully charge.""","""Phone takes 2 hours to fully charge.""",38,7,Good,False,Negative,0.5374
REV002462,PH048,Samsung Galaxy F70e 5G,Amazon,"""Worst item. Battery quality is very bad. Heats up badly within 2–5 minutes.""","""Worst item. Battery quality is very bad. Heats up badly within 2–5 minutes.""",77,13,Good,False,Negative,0.9575
REV002463,PH049,Realme P4 Power,Flipkart,"""Nice mobile.""","""Nice mobile.""",14,2,Short Review,False,Positive,0.9434
REV002464,PH049,Realme P4 Power,Flipkart,"""Got my Realme P4 Power today and my first impression is very good. The design is clean, the display is sharp, performance is smooth for daily tasks, the battery backup looks promising, and charging is fast.""","""Got my Realme P4 Power today and my first impression is very good. The design is clean, the display is sharp, performance is smooth for daily tasks, the battery backup looks promising, and charging is fast.""",208,36,Good,False,Positive,0.9787
REV002465,PH049,Realme P4 Power,Flipkart,"""Nice phone with the best camera quality.""","""Nice phone with the best camera quality.""",42,7,Good,False,Positive,0.982
REV002466,PH049,Realme P4 Power,Flipkart,"""Good product with good quality.""","""Good product with good quality.""",33,5,Good,False,Positive,0.9593
REV002467,PH049,Realme P4 Power,Flipkart,"""Best phone for marketing, traveling, and areas with electricity issues because of its battery performance.""","""Best phone for marketing, traveling, and areas with electricity issues because of its battery performance.""",108,15,Good,False,Positive,0.9432
REV002468,PH049,Realme P4 Power,Flipkart,"""Awesome product.""","""Awesome product.""",18,2,Short Review,False,Positive,0.9808
REV002469,PH049,Realme P4 Power,Flipkart,"""Battery is not performing like a 10000mAh battery. Please Realme, fix this battery issue. Overall, the phone is good.""","""Battery is not performing like a 10000mAh battery. Please Realme, fix this battery issue. Overall, the phone is good.""",119,19,Good,False,Negative,0.4206
REV002470,PH049,Realme P4 Power,Flipkart,"""Battery backup is not like a 10000mAh battery. It feels more like 6500–7000mAh. Average.""","""Battery backup is not like a 10000mAh battery. It feels more like 6500–7000mAh. Average.""",90,14,Good,False,Neutral,0.5015
REV002471,PH049,Realme P4 Power,Flipkart,"""The battery is not perfect.""","""The battery is not perfect.""",29,5,Good,False,Negative,0.7644
REV002472,PH049,Realme P4 Power,Flipkart,"""Awesome phone with awesome photos.""","""Awesome phone with awesome photos.""",36,5,Good,False,Positive,0.9867
REV002473,PH049,Realme P4 Power,Flipkart,"""The phone is great, especially the battery. The display is excellent—big, high resolution, and the camera is better than other phones in this price range.""","""The phone is great, especially the battery. The display is excellent—big, high resolution, and the camera is better than other phones in this price range.""",156,25,Good,False,Positive,0.985
REV002474,PH049,Realme P4 Power,Flipkart,"""Nice and good quality.""","""Nice and good quality.""",24,4,Good,False,Positive,0.963
REV002475,PH049,Realme P4 Power,Flipkart,"""Battery is excellent, but the actual backup feels closer to 8000mAh. Overall, the phone is good.""","""Battery is excellent, but the actual backup feels closer to 8000mAh. Overall, the phone is good.""",98,16,Good,False,Positive,0.9766
REV002476,PH049,Realme P4 Power,Flipkart,"""Superb battery king. Display is super smooth and performance is excellent for normal use. Realme service is good and the 4-year battery warranty is a great benefit.""","""Superb battery king. Display is super smooth and performance is excellent for normal use. Realme service is good and the 4-year battery warranty is a great benefit.""",166,27,Good,False,Positive,0.985
REV002477,PH049,Realme P4 Power,Flipkart,"""Nice mobile and battery.""","""Nice mobile and battery.""",26,4,Good,False,Positive,0.9642
REV002478,PH049,Realme P4 Power,Flipkart,"""Awesome.""","""Awesome.""",10,1,Very Short,False,Positive,0.9785
REV002479,PH049,Realme P4 Power,Flipkart,"""Battery monster.""","""Battery monster.""",18,2,Short Review,False,Negative,0.5343
REV002480,PH049,Realme P4 Power,Flipkart,"""Awesome device at a budget-friendly price.""","""Awesome device at a budget-friendly price.""",44,6,Good,False,Positive,0.9781
REV002481,PH049,Realme P4 Power,Flipkart,"""Battery: 9/10.""","""Battery: 9/10.""",16,2,Short Review,False,Positive,0.6648
REV002482,PH049,Realme P4 Power,Flipkart,"""Good phone.""","""Good phone.""",13,2,Short Review,False,Positive,0.9422
REV002483,PH049,Realme P4 Power,Flipkart,"""I love the battery.""","""I love the battery.""",21,4,Good,False,Positive,0.9843
REV002484,PH049,Realme P4 Power,Flipkart,"""I got my Realme P4 Power 5G yesterday and I'm impressed. The massive battery easily lasts all day, 5G is very fast, the display is stunning, and the build quality feels premium.""","""I got my Realme P4 Power 5G yesterday and I'm impressed. The massive battery easily lasts all day, 5G is very fast, the display is stunning, and the build quality feels premium.""",179,32,Good,False,Positive,0.9854
REV002485,PH049,Realme P4 Power,Flipkart,"""Pros: Great battery. Charge it and forget it. With heavy usage and continuous hotspot, it delivers around 10.5 hours of screen-on time and lasts about 30 hours before needing a recharge.""","""Pros: Great battery. Charge it and forget it. With heavy usage and continuous hotspot, it delivers around 10.5 hours of screen-on time and lasts about 30 hours before needing a recharge.""",188,31,Good,False,Positive,0.9308
REV002486,PH049,Realme P4 Power,Flipkart,"""Using the phone for over two weeks.""","""Using the phone for over two weeks.""",37,7,Good,False,Neutral,0.8555
REV002487,PH049,Realme P4 Power,Flipkart,"""Before buying, first clarify your requirements. If your priority is the best battery and display, go for it without thinking too much.""","""Before buying, first clarify your requirements. If your priority is the best battery and display, go for it without thinking too much.""",136,22,Good,False,Positive,0.7262
REV002488,PH049,Realme P4 Power,Flipkart,"""The phone delivers up to two days of battery life, and the 80W fast charging fills it in about 1 hour 30 minutes. Performance is smooth, scrolling is fluid, and the camera is good.""","""The phone delivers up to two days of battery life, and the 80W fast charging fills it in about 1 hour 30 minutes. Performance is smooth, scrolling is fluid, and the camera is good.""",182,34,Good,False,Positive,0.957
REV002489,PH049,Realme P4 Power,Flipkart,"""I am absolutely thrilled with this product. The camera captures stunning photos, the battery life is excellent, the display is vibrant, the design is sleek, and performance is smooth.""","""I am absolutely thrilled with this product. The camera captures stunning photos, the battery life is excellent, the display is vibrant, the design is sleek, and performance is smooth.""",185,29,Good,False,Positive,0.9898
REV002490,PH049,Realme P4 Power,Flipkart,"""Value for money. The battery lasts about two straight days. Performance meets all my needs, the display is smooth, but sunlight visibility could be better.""","""Value for money. The battery lasts about two straight days. Performance meets all my needs, the display is smooth, but sunlight visibility could be better.""",157,25,Good,False,Positive,0.9264
REV002491,PH049,Realme P4 Power,Flipkart,"""Best battery.""","""Best battery.""",15,2,Short Review,False,Positive,0.9548
REV002492,PH049,Realme P4 Power,Flipkart,"""It is a very nice phone and the camera quality is very good.""","""It is a very nice phone and the camera quality is very good.""",62,13,Good,False,Positive,0.9872
REV002493,PH049,Realme P4 Power,Amazon,"""The resolution can be reduced, and with only app updates (not OS updates), the battery backup is very good for the mentioned tasks.""","""The resolution can be reduced, and with only app updates (not OS updates), the battery backup is very good for the mentioned tasks.""",133,23,Good,False,Positive,0.7658
REV002494,PH049,Realme P4 Power,Amazon,"""The Realme P4 Power is a very good and affordable phone, but the delivery process was poor and the phone was not delivered on the promised date.""","""The Realme P4 Power is a very good and affordable phone, but the delivery process was poor and the phone was not delivered on the promised date.""",146,27,Good,False,Negative,0.6666
REV002495,PH049,Realme P4 Power,Amazon,"""The phone gets warm automatically while charging, and the charging quality is very poor.""","""The phone gets warm automatically while charging, and the charging quality is very poor.""",90,14,Good,False,Negative,0.9056
REV002496,PH049,Realme P4 Power,Amazon,"""Good battery life and medium performance. I mostly use it as a power bank for my primary mobile.""","""Good battery life and medium performance. I mostly use it as a power bank for my primary mobile.""",98,18,Good,False,Positive,0.9284
REV002497,PH049,Realme P4 Power,Amazon,"""Nice product.""","""Nice product.""",15,2,Short Review,False,Positive,0.9644
REV002498,PH050,Redmi Note 15 Pro,Flipkart,"""Not value for monwy”","""Not value for monwy”",21,4,Good,False,Negative,0.7043
REV002499,PH050,Redmi Note 15 Pro,Flipkart,“Good phone and good camera quality”,“Good phone and good camera quality”,36,6,Good,False,Positive,0.9213
REV002500,PH050,Redmi Note 15 Pro,Flipkart,“Best Phone”,“Best Phone”,12,2,Short Review,False,Positive,0.9247
REV002501,PH050,Redmi Note 15 Pro,Flipkart,“Good product”,“Good product”,14,2,Short Review,False,Positive,0.8419
REV002502,PH050,Redmi Note 15 Pro,Flipkart,“awesome mobile”,“awesome mobile”,16,2,Short Review,False,Positive,0.9445
REV002503,PH050,Redmi Note 15 Pro,Flipkart,“Good”,“Good”,6,1,Very Short,False,Positive,0.6
REV002504,PH050,Redmi Note 15 Pro,Flipkart,“Very bad”,“Very bad”,10,2,Short Review,False,Negative,0.854
REV002505,PH050,Redmi Note 15 Pro,Amazon,"""Excellent smartphone with great features. Bright and smooth display, clear camera, impressive battery life, smooth performance, premium design, and excellent value for money.""","""Excellent smartphone with great features. Bright and smooth display, clear camera, impressive battery life, smooth performance, premium design, and excellent value for money.""",176,23,Good,False,Positive,0.9803
REV002506,PH050,Redmi Note 15 Pro,Amazon,"""A fantastic multimedia and travel phone. Excellent battery life, rugged build, stunning display, good main camera. Charging is average, performance is average for gaming, storage is outdated, and secondary cameras are average.""","""A fantastic multimedia and travel phone. Excellent battery life, rugged build, stunning display, good main camera. Charging is average, performance is average for gaming, storage is outdated, and secondary cameras are average.""",228,32,Good,False,Positive,0.8968
REV002507,PH050,Redmi Note 15 Pro,Amazon,"""Worst 200MP camera. Battery and appearance are good, but the camera disappointed me. Not value for money.""","""Worst 200MP camera. Battery and appearance are good, but the camera disappointed me. Not value for money.""",107,17,Good,False,Negative,0.9306
REV002508,PH050,Redmi Note 15 Pro,Amazon,"""Nice product with good quality and build.""","""Nice product with good quality and build.""",43,7,Good,False,Positive,0.9744
REV002509,PH050,Redmi Note 15 Pro,Amazon,"""Good compact-size phone. Smooth display and performance. Slim feel. Battery easily lasts a day with heavy use. Good connectivity. Camera is good but doesn't feel like 200MP. Price is high.""","""Good compact-size phone. Smooth display and performance. Slim feel. Battery easily lasts a day with heavy use. Good connectivity. Camera is good but doesn't feel like 200MP. Price is high.""",190,30,Good,False,Positive,0.945
REV002510,PH050,Redmi Note 15 Pro,Amazon,"""Value for money. Audio quality is awesome, but the phone gets hot.""","""Value for money. Audio quality is awesome, but the phone gets hot.""",68,12,Good,False,Positive,0.7382
REV002511,PH050,Redmi Note 15 Pro,Amazon,"""Slim body. Very nice product. Battery is good, fast charging, camera is good.""","""Slim body. Very nice product. Battery is good, fast charging, camera is good.""",79,13,Good,False,Positive,0.979
REV002512,PH050,Redmi Note 15 Pro,Amazon,"""Budget-friendly mobile. Occasionally hangs. Overall good in this segment.""","""Budget-friendly mobile. Occasionally hangs. Overall good in this segment.""",75,9,Good,False,Positive,0.9363
REV002513,PH050,Redmi Note 15 Pro,Amazon,"""Fast, smooth, reliable battery backup. Price should have been around ₹25k–27k.""","""Fast, smooth, reliable battery backup. Price should have been around ₹25k–27k.""",80,11,Good,False,Positive,0.6897
REV002514,PH050,Redmi Note 15 Pro,Amazon,"""Don't buy this phone. Rear camera is worst. Front camera is average. Battery is good. Experienced lagging.""","""Don't buy this phone. Rear camera is worst. Front camera is average. Battery is good. Experienced lagging.""",108,17,Good,False,Negative,0.9088
REV002515,PH050,Redmi Note 15 Pro,Amazon,"""Value for money.""","""Value for money.""",18,3,Short Review,False,Neutral,0.7732
REV002516,PH050,Redmi Note 15 Pro,Amazon,"""Happy.""","""Happy.""",8,1,Very Short,False,Positive,0.9419
REV002517,PH050,Redmi Note 15 Pro,Amazon,"""Ok.""","""Ok.""",5,1,Very Short,False,Neutral,0.5323
REV002518,PH050,Redmi Note 15 Pro,Amazon,"""Battery drains overnight. Camera hangs sometimes. Sound quality is good. Charging takes about an hour. Overall okay, but may not last 3–4 years.""","""Battery drains overnight. Camera hangs sometimes. Sound quality is good. Charging takes about an hour. Overall okay, but may not last 3–4 years.""",146,23,Good,False,Neutral,0.499
REV002519,PH050,Redmi Note 15 Pro,Amazon,"""Good phone. Initial performance is good.""","""Good phone. Initial performance is good.""",42,6,Good,False,Positive,0.973
REV002520,PH050,Redmi Note 15 Pro,Amazon,"""Best budget phone with high-end features and durable battery.""","""Best budget phone with high-end features and durable battery.""",63,9,Good,False,Positive,0.961
REV002521,PH050,Redmi Note 15 Pro,Amazon,"""Overall good phone, but the camera is below average.""","""Overall good phone, but the camera is below average.""",54,9,Good,False,Negative,0.5804
REV002522,PH050,Redmi Note 15 Pro,Amazon,"""It's okay, not up to the mark.""","""It's okay, not up to the mark.""",32,7,Good,False,Neutral,0.6603
REV002523,PH050,Redmi Note 15 Pro,Amazon,"""There is lag while operating certain apps. Curved screen is not as good as the Moto Edge series.""","""There is lag while operating certain apps. Curved screen is not as good as the Moto Edge series.""",98,18,Good,False,Negative,0.8711
REV002524,PH050,Redmi Note 15 Pro,Amazon,"""Hanging is the main problem.""","""Hanging is the main problem.""",30,5,Good,False,Negative,0.5648
REV002525,PH050,Redmi Note 15 Pro,Amazon,"""Open box delivery charge was unnecessary.""","""Open box delivery charge was unnecessary.""",43,6,Good,False,Negative,0.8207
REV002526,PH050,Redmi Note 15 Pro,Amazon,"""Camera not good.""","""Camera not good.""",18,3,Short Review,False,Negative,0.8534
REV002527,PH050,Redmi Note 15 Pro,Amazon,"""Nice mobile.""","""Nice mobile.""",14,2,Short Review,False,Positive,0.9434
REV002528,PH050,Redmi Note 15 Pro,Amazon,"""Great.""","""Great.""",8,1,Very Short,False,Positive,0.9631
REV002529,PH050,Redmi Note 15 Pro,Amazon,"""Charging is slow.""","""Charging is slow.""",19,3,Short Review,False,Negative,0.5908
REV002530,PH050,Redmi Note 15 Pro,Amazon,"""Heavy phone. One-handed use is difficult. Battery draining issue.""","""Heavy phone. One-handed use is difficult. Battery draining issue.""",67,9,Good,False,Negative,0.7629
REV002531,PH050,Redmi Note 15 Pro,Amazon,"""Display is too big.""","""Display is too big.""",21,4,Good,False,Neutral,0.5705
REV002532,PH050,Redmi Note 15 Pro,Amazon,"""It's a good model.""","""It's a good model.""",20,4,Good,False,Positive,0.9596
REV002533,PH050,Redmi Note 15 Pro,Amazon,"""Good.""","""Good.""",7,1,Very Short,False,Positive,0.932
REV002534,PH050,Redmi Note 15 Pro,Amazon,"""Awesome. Very nice.""","""Awesome. Very nice.""",21,3,Short Review,False,Positive,0.9842
REV002535,PH050,Redmi Note 15 Pro,Amazon,"""Slow processor speed. Doesn't support all mobile games.""","""Slow processor speed. Doesn't support all mobile games.""",57,8,Good,False,Negative,0.9216
REV002536,PH050,Redmi Note 15 Pro,Amazon,"""Performance is disappointing. Phone lags. Screen sometimes goes blank. Battery backup is average. Cameras are average. Display is good.""","""Performance is disappointing. Phone lags. Screen sometimes goes blank. Battery backup is average. Cameras are average. Display is good.""",137,19,Good,False,Negative,0.9121
REV002537,PH050,Redmi Note 15 Pro,Amazon,"""Product is good. Nice camera and good battery. Exchange delivery service was very poor.""","""Product is good. Nice camera and good battery. Exchange delivery service was very poor.""",89,14,Good,False,Positive,0.8621
REV002538,PH050,Redmi Note 15 Pro,Amazon,"""Nice product.""","""Nice product.""",15,2,Short Review,False,Positive,0.9644
REV002539,PH050,Redmi Note 15 Pro,Amazon,"""Superb.""","""Superb.""",9,1,Very Short,False,Positive,0.9622
REV002540,PH050,Redmi Note 15 Pro,Amazon,"""Everything is okay, but the phone gets slightly hot.""","""Everything is okay, but the phone gets slightly hot.""",54,9,Good,False,Neutral,0.6769
REV002541,PH050,Redmi Note 15 Pro,Amazon,"""eSIM is not available even though specifications mention it.""","""eSIM is not available even though specifications mention it.""",62,9,Good,False,Negative,0.8004
REV002542,PH050,Redmi Note 15 Pro,Amazon,"""Ok.""","""Ok.""",5,1,Very Short,True,Neutral,0.5323
REV002543,PH050,Redmi Note 15 Pro,Amazon,"""Phone is good for a few days of use. Camera doesn't feel like 200MP. Overall okay.""","""Phone is good for a few days of use. Camera doesn't feel like 200MP. Overall okay.""",84,16,Good,False,Positive,0.8594
REV002544,PH050,Redmi Note 15 Pro,Amazon,"""Very good phone in this price range.""","""Very good phone in this price range.""",38,7,Good,False,Positive,0.9786
REV002545,PH050,Redmi Note 15 Pro,Amazon,"""Multiple apps cause the phone to hang. Touch response feels rough. 200MP camera lacks clarity when zooming. Too many unnecessary apps.""","""Multiple apps cause the phone to hang. Touch response feels rough. 200MP camera lacks clarity when zooming. Too many unnecessary apps.""",136,21,Good,False,Negative,0.8708
REV002546,PH050,Redmi Note 15 Pro,Amazon,"""Good phone but not the best. UI is not smooth. Sometimes lags. Camera is fine.""","""Good phone but not the best. UI is not smooth. Sometimes lags. Camera is fine.""",80,15,Good,False,Negative,0.5431
REV002547,PH050,Redmi Note 15 Pro,Amazon,"""Received in good condition. Good performance. Battery lasts more than 24 hours.""","""Received in good condition. Good performance. Battery lasts more than 24 hours.""",81,12,Good,False,Positive,0.9455
REV002548,PH050,Redmi Note 15 Pro,Amazon,"""Battery consumption is high. Wi-Fi disconnects. SIM tray quality is poor.""","""Battery consumption is high. Wi-Fi disconnects. SIM tray quality is poor.""",75,11,Good,False,Negative,0.8955
REV002549,PH050,Redmi Note 15 Pro,Amazon,"""Nice mobile.""","""Nice mobile.""",14,2,Short Review,True,Positive,0.9434
REV002550,PH050,Redmi Note 15 Pro,Amazon,"""Phone works properly. Recommended under ₹35k.""","""Phone works properly. Recommended under ₹35k.""",47,6,Good,False,Positive,0.7808
REV002551,PH050,Redmi Note 15 Pro,Amazon,"""Great camera. Good touch response. Good battery. Display resolution is good. SIM tray quality is poor. Price is a little high.""","""Great camera. Good touch response. Good battery. Display resolution is good. SIM tray quality is poor. Price is a little high.""",128,21,Good,False,Positive,0.9298
REV002552,PH050,Redmi Note 15 Pro,Amazon,"""Excellent.""","""Excellent.""",12,1,Very Short,False,Positive,0.9722
REV002553,PH050,Redmi Note 15 Pro,Amazon,"""Excellent.""","""Excellent.""",12,1,Very Short,True,Positive,0.9722
REV002554,PH050,Redmi Note 15 Pro,Amazon,"""Handy, lightweight, comfortable to use. Very satisfied with the purchase.""","""Handy, lightweight, comfortable to use. Very satisfied with the purchase.""",75,10,Good,False,Positive,0.9766
REV002555,PH050,Redmi Note 15 Pro,Amazon,"""Nice mobile.""","""Nice mobile.""",14,2,Short Review,True,Positive,0.9434
REV002556,PH050,Redmi Note 15 Pro,Amazon,"""Nice.""","""Nice.""",7,1,Very Short,False,Positive,0.9461
REV002557,PH050,Redmi Note 15 Pro,Amazon,"""Very bad model. UI is compromised.""","""Very bad model. UI is compromised.""",36,6,Good,False,Negative,0.95
REV002558,PH050,Redmi Note 15 Pro,Amazon,"""Mobile looks and feels like an iPhone. Screen and battery are good. Camera is not like 200MP. No microSD card slot. Price is high.""","""Mobile looks and feels like an iPhone. Screen and battery are good. Camera is not like 200MP. No microSD card slot. Price is high.""",132,24,Good,False,Positive,0.8924
REV002559,PH050,Redmi Note 15 Pro,Amazon,"""Best.""","""Best.""",7,1,Very Short,False,Positive,0.9235
REV002560,PH050,Redmi Note 15 Pro,Amazon,"""Nice phone.""","""Nice phone.""",13,2,Short Review,False,Positive,0.9449
REV002561,PH050,Redmi Note 15 Pro,Amazon,"""Excellent all-round phone. Great display, battery, performance, build quality, and durability.""","""Excellent all-round phone. Great display, battery, performance, build quality, and durability.""",96,11,Good,False,Positive,0.9788
REV002562,PH050,Redmi Note 15 Pro,Amazon,"""Premium feel. Value for money. Eye-catching design.""","""Premium feel. Value for money. Eye-catching design.""",53,7,Good,False,Positive,0.8262
REV002563,PH050,Redmi Note 15 Pro,Amazon,"""Worst phone. Hangs easily. Slow charging and fast battery drain.""","""Worst phone. Hangs easily. Slow charging and fast battery drain.""",66,10,Good,False,Negative,0.9543
REV002564,PH050,Redmi Note 15 Pro,Amazon,"""Works perfectly. Fast delivery.""","""Works perfectly. Fast delivery.""",33,4,Good,False,Positive,0.9729
REV002565,PH050,Redmi Note 15 Pro,Amazon,"""Worth the price.""","""Worth the price.""",18,3,Short Review,False,Positive,0.7175
REV002566,PH050,Redmi Note 15 Pro,Amazon,"""Good.""","""Good.""",7,1,Very Short,True,Positive,0.932
REV002567,PH050,Redmi Note 15 Pro,Amazon,"""Awesome value for money. Camera quality is best.""","""Awesome value for money. Camera quality is best.""",50,8,Good,False,Positive,0.9791
REV002568,PH050,Redmi Note 15 Pro,Amazon,"""Price is high. Camera opens slowly.""","""Price is high. Camera opens slowly.""",37,6,Good,False,Neutral,0.8159
REV002569,PH050,Redmi Note 15 Pro,Amazon,"""Price is high and improvements are less than expected.""","""Price is high and improvements are less than expected.""",56,9,Good,False,Negative,0.6446
REV002570,PH050,Redmi Note 15 Pro,Amazon,"""Good.""","""Good.""",7,1,Very Short,True,Positive,0.932
REV002571,PH050,Redmi Note 15 Pro,Amazon,"""Excellent mobile.""","""Excellent mobile.""",19,2,Short Review,False,Positive,0.9678
REV002572,PH050,Redmi Note 15 Pro,Amazon,"""Camera is very poor. Phone becomes very slow after two days.""","""Camera is very poor. Phone becomes very slow after two days.""",62,11,Good,False,Negative,0.9269
REV002573,PH050,Redmi Note 15 Pro,Amazon,"""Poor camera for a ₹30k phone.""","""Poor camera for a ₹30k phone.""",31,6,Good,False,Negative,0.9091
REV002574,PH050,Redmi Note 15 Pro,Amazon,"""Worst product.""","""Worst product.""",16,2,Short Review,False,Negative,0.9376
REV002575,PH050,Redmi Note 15 Pro,Amazon,"""Product performance is good, but no headphone jack, no memory card slot, and exchange service is poor.""","""Product performance is good, but no headphone jack, no memory card slot, and exchange service is poor.""",104,17,Good,False,Negative,0.8296
REV002576,PH050,Redmi Note 15 Pro,Amazon,"""Nice mobile.""","""Nice mobile.""",14,2,Short Review,True,Positive,0.9434
REV002577,PH050,Redmi Note 15 Pro,Amazon,"""Excellent product. Great build quality, performance, battery backup, no heating, good camera.""","""Excellent product. Great build quality, performance, battery backup, no heating, good camera.""",95,12,Good,False,Positive,0.9752
REV002578,PH050,Redmi Note 15 Pro,Amazon,"""Battery life is very low. Camera is okay.""","""Battery life is very low. Camera is okay.""",43,8,Good,False,Neutral,0.5131
REV002579,PH050,Redmi Note 15 Pro,Amazon,"""All expected features except NFC. Good 200MP camera, rugged battery, attractive design, IR blaster, Gorilla Glass Victus 2, and hibernation mode.""","""All expected features except NFC. Good 200MP camera, rugged battery, attractive design, IR blaster, Gorilla Glass Victus 2, and hibernation mode.""",147,21,Good,False,Positive,0.897
REV002580,PH050,Redmi Note 15 Pro,Amazon,"""Very nice performance. Camera is average.""","""Very nice performance. Camera is average.""",43,6,Good,False,Positive,0.9379
REV002581,PH050,Redmi Note 15 Pro,Amazon,"""Excellent product. 200MP camera captures detailed photos. Excellent durability and battery life.""","""Excellent product. 200MP camera captures detailed photos. Excellent durability and battery life.""",98,12,Good,False,Positive,0.9746
REV002582,PH050,Redmi Note 15 Pro,Amazon,"""Mobile speed is slow. Camera is not good.""","""Mobile speed is slow. Camera is not good.""",43,8,Good,False,Negative,0.8806
REV002583,PH050,Redmi Note 15 Pro,Amazon,"""Touchscreen behaves improperly due to tempered glass compatibility issues.""","""Touchscreen behaves improperly due to tempered glass compatibility issues.""",76,9,Good,False,Negative,0.7763
REV002584,PH050,Redmi Note 15 Pro,Amazon,"""Super, but Repair Mode is missing after the OS update.""","""Super, but Repair Mode is missing after the OS update.""",56,10,Good,False,Neutral,0.5425
REV002585,PH050,Redmi Note 15 Pro,Amazon,"""Camera is decent. Front camera is amazing. Display and battery are top in class. Network is good.""","""Camera is decent. Front camera is amazing. Display and battery are top in class. Network is good.""",99,17,Good,False,Positive,0.9759
REV002586,PH050,Redmi Note 15 Pro,Amazon,"""Battery drains quickly despite the large battery.""","""Battery drains quickly despite the large battery.""",51,7,Good,False,Negative,0.5351
REV002587,PH050,Redmi Note 15 Pro,Amazon,"""Outstanding phone. Huge battery backup. Lightweight. AMOLED display. Good storage. Feels great in hand.""","""Outstanding phone. Huge battery backup. Lightweight. AMOLED display. Good storage. Feels great in hand.""",105,14,Good,False,Positive,0.9827
REV002588,PH050,Redmi Note 15 Pro,Amazon,"""Excellent performance. Great camera quality. Long battery life.""","""Excellent performance. Great camera quality. Long battery life.""",65,8,Good,False,Positive,0.9745
REV002589,PH050,Redmi Note 15 Pro,Amazon,"""Don't buy this mobile. It gets hot frequently. Poor performance. Works very slowly.""","""Don't buy this mobile. It gets hot frequently. Poor performance. Works very slowly.""",85,13,Good,False,Negative,0.928
REV002590,PH050,Redmi Note 15 Pro,Amazon,"""Amazing camera experience. Touchscreen is very good. One of the best phones.""","""Amazing camera experience. Touchscreen is very good. One of the best phones.""",78,12,Good,False,Positive,0.9868
REV002591,PH050,Redmi Note 15 Pro,Amazon,"""Superb device with awesome features.""","""Superb device with awesome features.""",38,5,Good,False,Positive,0.9825
REV002592,PH050,Redmi Note 15 Pro,Amazon,"""Not happy with the purchase. Phone hangs and is slow after one week.""","""Not happy with the purchase. Phone hangs and is slow after one week.""",70,13,Good,False,Negative,0.9366
REV002593,PH050,Redmi Note 15 Pro,Amazon,"""Worst phone. Lags a lot. Processor is poor.""","""Worst phone. Lags a lot. Processor is poor.""",45,8,Good,False,Negative,0.955
REV002594,PH050,Redmi Note 15 Pro,Amazon,"""Beast in this price segment.""","""Beast in this price segment.""",30,5,Good,False,Positive,0.8228
REV002595,PH050,Redmi Note 15 Pro,Amazon,"""Mobile is good.""","""Mobile is good.""",17,3,Short Review,False,Positive,0.9567
REV002596,PH050,Redmi Note 15 Pro,Amazon,"""Great phone. Slim, lightweight, bright screen, and awesome battery.""","""Great phone. Slim, lightweight, bright screen, and awesome battery.""",69,9,Good,False,Positive,0.9841
REV002597,PH050,Redmi Note 15 Pro,Amazon,"""Worst phone. Software issues. WhatsApp backup problem. Hanging issues.""","""Worst phone. Software issues. WhatsApp backup problem. Hanging issues.""",72,9,Good,False,Negative,0.9479
REV002598,PH050,Redmi Note 15 Pro,Amazon,"""Value for money. Great exchange deal. Balanced phone.""","""Value for money. Great exchange deal. Balanced phone.""",55,8,Good,False,Positive,0.9588
REV002599,PH050,Redmi Note 15 Pro,Amazon,"""Best mid-range phone with premium feel. Great design, durability, battery life, and camera performance.""","""Best mid-range phone with premium feel. Great design, durability, battery life, and camera performance.""",105,14,Good,False,Positive,0.9742
REV002600,PH050,Redmi Note 15 Pro,Amazon,"""Best.""","""Best.""",7,1,Very Short,True,Positive,0.9235
REV002601,PH050,Redmi Note 15 Pro,Amazon,"""Camera is very slow and photo quality is poor. Not suitable for photography or videography.""","""Camera is very slow and photo quality is poor. Not suitable for photography or videography.""",93,15,Good,False,Negative,0.924
REV002602,PH050,Redmi Note 15 Pro,Amazon,"""Excellent product. Beautiful design. Excellent camera, battery, and durability.""","""Excellent product. Beautiful design. Excellent camera, battery, and durability.""",81,9,Good,False,Positive,0.9811
REV002603,PH050,Redmi Note 15 Pro,Amazon,"""Superb model. Great design, build quality, battery backup, natural camera, and smooth processor.""","""Superb model. Great design, build quality, battery backup, natural camera, and smooth processor.""",98,13,Good,False,Positive,0.979
REV002604,PH051,Oppo A6 5G,Flipkart,"""Nice.""","""Nice.""",7,1,Very Short,False,Positive,0.9461
REV002605,PH051,Oppo A6 5G,Flipkart,"""Good.""","""Good.""",7,1,Very Short,False,Positive,0.932
REV002606,PH051,Oppo A6 5G,Flipkart,"""Only the battery is good. The camera is very bad. Overall, it's a very bad phone. The price is too high.""","""Only the battery is good. The camera is very bad. Overall, it's a very bad phone. The price is too high.""",106,21,Good,False,Negative,0.9443
REV002607,PH051,Oppo A6 5G,Flipkart,"""Started lagging within 2 days.""","""Started lagging within 2 days.""",32,5,Good,False,Negative,0.8333
REV002608,PH051,Oppo A6 5G,Amazon,"""Good.""","""Good.""",7,1,Very Short,True,Positive,0.932
REV002609,PH051,Oppo A6 5G,Amazon,"""Smooth operating mobile with good camera clarity.""","""Smooth operating mobile with good camera clarity.""",51,7,Good,False,Positive,0.9292
REV002610,PH051,Oppo A6 5G,Amazon,"""Camera quality is bad. Display is good. Heating problem. Dialer is bad.""","""Camera quality is bad. Display is good. Heating problem. Dialer is bad.""",73,12,Good,False,Negative,0.9217
REV002611,PH051,Oppo A6 5G,Amazon,"""Speaker not working properly. Very bad voice quality.""","""Speaker not working properly. Very bad voice quality.""",55,8,Good,False,Negative,0.9424
REV002612,PH051,Oppo A6 5G,Amazon,"""Camera quality is very bad.""","""Camera quality is very bad.""",29,5,Good,False,Negative,0.9265
REV002613,PH051,Oppo A6 5G,Amazon,"""Nice product. Super camera. Very good. 👍""","""Nice product. Super camera. Very good. 👍""",42,7,Good,False,Positive,0.9839
REV002614,PH052,Lava Blaze Duo 3 5G,Amazon,"""Got it for ₹15k. Very nice phone in this range.""","""Got it for ₹15k. Very nice phone in this range.""",49,10,Good,False,Positive,0.9732
REV002615,PH052,Lava Blaze Duo 3 5G,Amazon,"""Shutting down again and again.""","""Shutting down again and again.""",32,5,Good,False,Neutral,0.5701
REV002616,PH052,Lava Blaze Duo 3 5G,Amazon,"""Overall a good product. Lava needs to improve the camera quality. Display and looks are very good. Dual display concept looks nice. Design is awesome. Material and finishing are good. Battery lasts enough. Lava should bring its own UI.""","""Overall a good product. Lava needs to improve the camera quality. Display and looks are very good. Dual display concept looks nice. Design is awesome. Material and finishing are good. Battery lasts enough. Lava should bring its own UI.""",237,39,Good,False,Positive,0.9715
REV002617,PH052,Lava Blaze Duo 3 5G,Amazon,"""Premium touch. Camera is average, battery is above average, quality and user interface are excellent.""","""Premium touch. Camera is average, battery is above average, quality and user interface are excellent.""",103,15,Good,False,Positive,0.9585
REV002618,PH052,Lava Blaze Duo 3 5G,Amazon,"""Running very smoothly. Battery backup is excellent. Camera quality is quite good. Value for money.""","""Running very smoothly. Battery backup is excellent. Camera quality is quite good. Value for money.""",100,15,Good,False,Positive,0.9738
REV002619,PH052,Lava Blaze Duo 3 5G,Amazon,"""Don't buy this phone. It is a waste of money. It heats up, hangs after some time, speed becomes slow, and quality is poor.""","""Don't buy this phone. It is a waste of money. It heats up, hangs after some time, speed becomes slow, and quality is poor.""",124,24,Good,False,Negative,0.9415
REV002620,PH052,Lava Blaze Duo 3 5G,Amazon,"""Clean Android UI. Lightweight. Secondary display. Sound quality is very low. Processor feels slow while browsing. Display is difficult to see in bright sunlight. Cannot do multitasking.""","""Clean Android UI. Lightweight. Secondary display. Sound quality is very low. Processor feels slow while browsing. Display is difficult to see in bright sunlight. Cannot do multitasking.""",187,27,Good,False,Negative,0.8691
REV002621,PH052,Lava Blaze Duo 3 5G,Amazon,"""Good looking phone but the price is a bit high. Secondary display is a good idea but needs better software support. Primary display and sound quality are excellent. One-day battery life is possible with moderate usage. Performance can improve with software updates.""","""Good looking phone but the price is a bit high. Secondary display is a good idea but needs better software support. Primary display and sound quality are excellent. One-day battery life is possible with moderate usage. Performance can improve with software updates.""",267,42,Good,False,Positive,0.9257
REV002622,PH052,Lava Blaze Duo 3 5G,Amazon,"""Good phone for a decent user. Not for heavy users. UI is simple and clean. Display quality is good.""","""Good phone for a decent user. Not for heavy users. UI is simple and clean. Display quality is good.""",101,19,Good,False,Positive,0.9441
REV002623,PH052,Lava Blaze Duo 3 5G,Amazon,"""Better processor and 8GB/256GB variant would have made this phone more attractive. ₹17k for 6GB/128GB is not worth it.""","""Better processor and 8GB/256GB variant would have made this phone more attractive. ₹17k for 6GB/128GB is not worth it.""",120,19,Good,False,Positive,0.471
REV002624,PH052,Lava Blaze Duo 3 5G,Amazon,"""Fully satisfied with it. Recommended it to a friend. Quality control issues may exist in some devices, but that does not make the phone bad.""","""Fully satisfied with it. Recommended it to a friend. Quality control issues may exist in some devices, but that does not make the phone bad.""",142,25,Good,False,Positive,0.9091
REV002625,PH052,Lava Blaze Duo 3 5G,Amazon,"""Very good phone. Nice camera and back display. Best Indian phone under ₹18,000.""","""Very good phone. Nice camera and back display. Best Indian phone under ₹18,000.""",81,13,Good,False,Positive,0.9831
REV002626,PH052,Lava Blaze Duo 3 5G,Amazon,"""Nice looking phone with a secondary display. Runs smoothly for daily use. Bought it for the secondary display. Overall, I am happy.""","""Nice looking phone with a secondary display. Runs smoothly for daily use. Bought it for the secondary display. Overall, I am happy.""",133,22,Good,False,Positive,0.9806
REV002627,PH053,Tecno Spark Go 3,Flipkart,"""Value for money, but not fully satisfying. Suitable for basic mobile users.""","""Value for money, but not fully satisfying. Suitable for basic mobile users.""",77,12,Good,False,Negative,0.7214
REV002628,PH053,Tecno Spark Go 3,Flipkart,"""Skin has white patches, and there is no support.""","""Skin has white patches, and there is no support.""",50,9,Good,False,Negative,0.8081
REV002629,PH053,Tecno Spark Go 3,Flipkart,"""Don't buy this phone. It's the worst phone and a waste of money.""","""Don't buy this phone. It's the worst phone and a waste of money.""",66,13,Good,False,Negative,0.9514
REV002630,PH053,Tecno Spark Go 3,Flipkart,"""Very good.""","""Very good.""",12,2,Short Review,False,Positive,0.976
REV002631,PH053,Tecno Spark Go 3,Flipkart,"""Very poor.""","""Very poor.""",12,2,Short Review,False,Negative,0.8885
REV002632,PH053,Tecno Spark Go 3,Amazon,"""Camera quality is average but fine for daily photos. Good for the price.""","""Camera quality is average but fine for daily photos. Good for the price.""",74,13,Good,False,Positive,0.8167
REV002633,PH053,Tecno Spark Go 3,Amazon,"""Awesome. Best phone ever at the best price. Battery backup is good.""","""Awesome. Best phone ever at the best price. Battery backup is good.""",69,12,Good,False,Positive,0.9867
REV002634,PH053,Tecno Spark Go 3,Amazon,"""Nice mobile.""","""Nice mobile.""",14,2,Short Review,False,Positive,0.9434
REV002635,PH053,Tecno Spark Go 3,Amazon,"""Value for money product.""","""Value for money product.""",26,4,Good,False,Neutral,0.6631
REV002636,PH053,Tecno Spark Go 3,Amazon,"""Good product. Display is very clear and scrolling is smooth. Good phone for daily use.""","""Good product. Display is very clear and scrolling is smooth. Good phone for daily use.""",88,15,Good,False,Positive,0.9793
REV002637,PH053,Tecno Spark Go 3,Amazon,"""WhatsApp, calling and YouTube all work well. Good phone for normal users.""","""WhatsApp, calling and YouTube all work well. Good phone for normal users.""",75,12,Good,False,Positive,0.9532
REV002638,PH053,Tecno Spark Go 3,Amazon,"""Network connectivity issue. Other handsets work fine at the same place. Sometimes it stops working for a while.""","""Network connectivity issue. Other handsets work fine at the same place. Sometimes it stops working for a while.""",113,18,Good,False,Negative,0.5682
REV002639,PH053,Tecno Spark Go 3,Amazon,"""Phone performance is very smooth. Perfect for daily use. No issues so far.""","""Phone performance is very smooth. Perfect for daily use. No issues so far.""",76,13,Good,False,Positive,0.9696
REV002640,PH053,Tecno Spark Go 3,Amazon,"""Setup was simple and the phone started easily. No problems in daily use.""","""Setup was simple and the phone started easily. No problems in daily use.""",74,13,Good,False,Positive,0.8137
REV002641,PH053,Tecno Spark Go 3,Amazon,"""The standout feature is its design. It looks similar to the iPhone Air.""","""The standout feature is its design. It looks similar to the iPhone Air.""",73,13,Good,False,Positive,0.9569
REV002642,PH053,Tecno Spark Go 3,Amazon,"""Design is good and comfortable to hold. Good for normal use.""","""Design is good and comfortable to hold. Good for normal use.""",62,11,Good,False,Positive,0.9392
REV002643,PH053,Tecno Spark Go 3,Amazon,"""Nice phone with many features and a 5000mAh battery. No bugs, smooth interface. Recommended under ₹10,000.""","""Nice phone with many features and a 5000mAh battery. No bugs, smooth interface. Recommended under ₹10,000.""",108,16,Good,False,Positive,0.9636
REV002644,PH053,Tecno Spark Go 3,Amazon,"""Camera quality is average but fine for daily photos. Good phone for the price.""","""Camera quality is average but fine for daily photos. Good phone for the price.""",80,14,Good,False,Positive,0.9455
REV002645,PH053,Tecno Spark Go 3,Amazon,"""Call quality is clear even in noisy areas.""","""Call quality is clear even in noisy areas.""",44,8,Good,False,Positive,0.554
REV002646,PH053,Tecno Spark Go 3,Amazon,"""The phone stays cool with only minimal temperature rise, making it comfortable for long use.""","""The phone stays cool with only minimal temperature rise, making it comfortable for long use.""",94,15,Good,False,Positive,0.8941
REV002647,PH053,Tecno Spark Go 3,Amazon,"""Big screen is great for watching movies.""","""Big screen is great for watching movies.""",42,7,Good,False,Positive,0.9687
REV002648,PH053,Tecno Spark Go 3,Amazon,"""Phone does not heat up and apps run smoothly. Positive experience so far.""","""Phone does not heat up and apps run smoothly. Positive experience so far.""",75,13,Good,False,Positive,0.7522
REV002649,PH053,Tecno Spark Go 3,Amazon,"""Best option for hardworking users.""","""Best option for hardworking users.""",36,5,Good,False,Positive,0.9446
REV002650,PH053,Tecno Spark Go 3,Amazon,"""Battery easily lasts the whole day. Good for normal usage.""","""Battery easily lasts the whole day. Good for normal usage.""",60,10,Good,False,Positive,0.9448
REV002651,PH053,Tecno Spark Go 3,Amazon,"""Battery easily lasts the whole day.""","""Battery easily lasts the whole day.""",37,6,Good,False,Positive,0.8616
REV002652,PH053,Tecno Spark Go 3,Amazon,"""Best smartphone in this price segment.""","""Best smartphone in this price segment.""",40,6,Good,False,Positive,0.9658
REV002653,PH053,Tecno Spark Go 3,Amazon,"""Completely value for money.""","""Completely value for money.""",29,4,Good,False,Positive,0.6728
REV002654,PH053,Tecno Spark Go 3,Amazon,"""Looks and feels more expensive than its actual price.""","""Looks and feels more expensive than its actual price.""",55,9,Good,False,Negative,0.758
REV002655,PH053,Tecno Spark Go 3,Amazon,"""Nice product. Best camera phone.""","""Nice product. Best camera phone.""",34,5,Good,False,Positive,0.9829
REV002656,PH053,Tecno Spark Go 3,Amazon,"""Nice battery backup. One-day backup. Overall nice phone.""","""Nice battery backup. One-day backup. Overall nice phone.""",58,8,Good,False,Positive,0.97
REV002657,PH053,Tecno Spark Go 3,Amazon,"""Rough and tough phone.""","""Rough and tough phone.""",24,4,Good,False,Neutral,0.4955
REV002658,PH053,Tecno Spark Go 3,Amazon,"""Excellent display.""","""Excellent display.""",20,2,Short Review,False,Positive,0.9775
REV002659,PH053,Tecno Spark Go 3,Amazon,"""Good phone.""","""Good phone.""",13,2,Short Review,False,Positive,0.9422
REV002660,PH053,Tecno Spark Go 3,Amazon,"""Very slow phone. Brightness dims automatically. YouTube like button does not work. Needs an update.""","""Very slow phone. Brightness dims automatically. YouTube like button does not work. Needs an update.""",101,15,Good,False,Negative,0.9286
REV002661,PH053,Tecno Spark Go 3,Amazon,"""Speaker sound is loud and clear. Song sound is very clear.""","""Speaker sound is loud and clear. Song sound is very clear.""",60,11,Good,False,Positive,0.7477
REV002662,PH053,Tecno Spark Go 3,Amazon,"""Battery easily lasts the whole day. No need to charge again and again.""","""Battery easily lasts the whole day. No need to charge again and again.""",72,13,Good,False,Positive,0.8415
REV002663,PH053,Tecno Spark Go 3,Amazon,"""Top quality device. Amazing. Value for money.""","""Top quality device. Amazing. Value for money.""",47,7,Good,False,Positive,0.978
REV002664,PH053,Tecno Spark Go 3,Amazon,"""Phone design looks very premium in hand.""","""Phone design looks very premium in hand.""",42,7,Good,False,Positive,0.8399
REV002665,PH053,Tecno Spark Go 3,Amazon,"""AI image generator is fun to use.""","""AI image generator is fun to use.""",35,7,Good,False,Positive,0.9715
REV002666,PH053,Tecno Spark Go 3,Amazon,"""Battery performance is stable and charging speed is good.""","""Battery performance is stable and charging speed is good.""",59,9,Good,False,Positive,0.9519
REV002667,PH053,Tecno Spark Go 3,Amazon,"""AI Flash Snap captures moving objects clearly.""","""AI Flash Snap captures moving objects clearly.""",48,7,Good,False,Neutral,0.7442
REV002668,PH053,Tecno Spark Go 3,Amazon,"""Touch works properly even with wet hands.""","""Touch works properly even with wet hands.""",43,7,Good,False,Positive,0.5524
REV002669,PH053,Tecno Spark Go 3,Amazon,"""Screen brightness is good even outdoors.""","""Screen brightness is good even outdoors.""",42,6,Good,False,Positive,0.9221
REV002670,PH053,Tecno Spark Go 3,Amazon,"""Very nice phone. Performance is smooth. Great for daily use. No issues so far.""","""Very nice phone. Performance is smooth. Great for daily use. No issues so far.""",80,14,Good,False,Positive,0.9842
REV002671,PH053,Tecno Spark Go 3,Amazon,"""Excellent phone with good battery backup.""","""Excellent phone with good battery backup.""",43,6,Good,False,Positive,0.9762
REV002672,PH053,Tecno Spark Go 3,Amazon,"""120Hz screen makes scrolling super smooth.""","""120Hz screen makes scrolling super smooth.""",44,6,Good,False,Positive,0.9443
REV002673,PH053,Tecno Spark Go 3,Amazon,"""Outdoor booster is very helpful in sunlight.""","""Outdoor booster is very helpful in sunlight.""",46,7,Good,False,Positive,0.9683
REV002674,PH053,Tecno Spark Go 3,Amazon,"""Low-cost and stylish. Slim, tall and lightweight. Comfortable to hold.""","""Low-cost and stylish. Slim, tall and lightweight. Comfortable to hold.""",72,10,Good,False,Positive,0.8574
REV002675,PH053,Tecno Spark Go 3,Amazon,"""AI Photo Solve feature is great for kids' homework.""","""AI Photo Solve feature is great for kids' homework.""",53,9,Good,False,Positive,0.9753
REV002676,PH053,Tecno Spark Go 3,Amazon,"""Drop resistance feature gives peace of mind.""","""Drop resistance feature gives peace of mind.""",46,7,Good,False,Positive,0.8281
REV002677,PH053,Tecno Spark Go 3,Amazon,"""Design is very good. Comfortable in hand. Good for normal use.""","""Design is very good. Comfortable in hand. Good for normal use.""",64,11,Good,False,Positive,0.9677
REV002678,PH053,Tecno Spark Go 3,Amazon,"""Speaker sound is loud and clear.""","""Speaker sound is loud and clear.""",34,6,Good,False,Neutral,0.5673
REV002679,PH053,Tecno Spark Go 3,Amazon,"""Flash Call feature feels innovative.""","""Flash Call feature feels innovative.""",38,5,Good,False,Positive,0.9338
REV002680,PH053,Tecno Spark Go 3,Amazon,"""Network reception is good. No call drop issues.""","""Network reception is good. No call drop issues.""",49,8,Good,False,Positive,0.8903
REV002681,PH053,Tecno Spark Go 3,Amazon,"""File transfer works without mobile data. Very useful.""","""File transfer works without mobile data. Very useful.""",55,8,Good,False,Positive,0.9676
REV002682,PH053,Tecno Spark Go 3,Amazon,"""Camera quality is good for the price.""","""Camera quality is good for the price.""",39,7,Good,False,Positive,0.8419
REV002683,PH053,Tecno Spark Go 3,Amazon,"""Watching videos on the big display is enjoyable.""","""Watching videos on the big display is enjoyable.""",50,8,Good,False,Positive,0.9163
REV002684,PH053,Tecno Spark Go 3,Amazon,"""AI Noise Cancellation actually works.""","""AI Noise Cancellation actually works.""",39,5,Good,False,Positive,0.7512
REV002685,PH053,Tecno Spark Go 3,Amazon,"""Free Link feature allows sending messages without network.""","""Free Link feature allows sending messages without network.""",60,8,Good,False,Neutral,0.698
REV002686,PH053,Tecno Spark Go 3,Amazon,"""AI Eraser can remove unwanted objects from photos.""","""AI Eraser can remove unwanted objects from photos.""",52,8,Good,False,Neutral,0.8534
REV002687,PH053,Tecno Spark Go 3,Amazon,"""Build quality feels strong and durable.""","""Build quality feels strong and durable.""",41,6,Good,False,Positive,0.9158
REV002688,PH053,Tecno Spark Go 3,Amazon,"""Good network reception even in crowded areas.""","""Good network reception even in crowded areas.""",47,7,Good,False,Positive,0.9014
REV002689,PH053,Tecno Spark Go 3,Amazon,"""Document scan feature is very handy.""","""Document scan feature is very handy.""",38,6,Good,False,Positive,0.9665
REV002690,PH053,Tecno Spark Go 3,Amazon,"""WhatsApp, calling and YouTube all work well. Good phone for normal users.""","""WhatsApp, calling and YouTube all work well. Good phone for normal users.""",75,12,Good,True,Positive,0.9532
REV002691,PH053,Tecno Spark Go 3,Amazon,"""Song identification feature is useful at parties.""","""Song identification feature is useful at parties.""",51,7,Good,False,Positive,0.7743
REV002692,PH053,Tecno Spark Go 3,Amazon,"""Carrier aggregation improves browsing.""","""Carrier aggregation improves browsing.""",40,4,Good,False,Positive,0.8597
REV002693,PH053,Tecno Spark Go 3,Amazon,"""Tecno Spark Go 3 is a pocket-friendly budget phone.""","""Tecno Spark Go 3 is a pocket-friendly budget phone.""",53,9,Good,False,Positive,0.8655
REV002694,PH053,Tecno Spark Go 3,Amazon,"""Display is clear and scrolling is smooth. Good video watching experience.""","""Display is clear and scrolling is smooth. Good video watching experience.""",75,11,Good,False,Positive,0.9765
REV002695,PH053,Tecno Spark Go 3,Amazon,"""Perfect phone for delivery partners and field workers.""","""Perfect phone for delivery partners and field workers.""",56,8,Good,False,Positive,0.9536
REV002696,PH053,Tecno Spark Go 3,Amazon,"""Good.""","""Good.""",7,1,Very Short,False,Positive,0.932
REV002697,PH053,Tecno Spark Go 3,Amazon,"""Wrong item. Too much late and no answer from the seller.""","""Wrong item. Too much late and no answer from the seller.""",58,11,Good,False,Negative,0.9258
REV002698,PH054,Samsung Galaxy A07 5G,Flipkart,"""overall good""","""overall good""",14,2,Short Review,False,Positive,0.9062
REV002699,PH054,Samsung Galaxy A07 5G,Flipkart,"""okay""","""okay""",6,1,Very Short,False,Neutral,0.7432
REV002700,PH054,Samsung Galaxy A07 5G,Amazon,"""Very nice phone.""","""Very nice phone.""",18,3,Short Review,False,Positive,0.9761
REV002701,PH054,Samsung Galaxy A07 5G,Amazon,"""Excellent mobile.""","""Excellent mobile.""",19,2,Short Review,False,Positive,0.9678
REV002702,PH054,Samsung Galaxy A07 5G,Amazon,"""Good camera, good RAM, and fast 5G network.""","""Good camera, good RAM, and fast 5G network.""",45,8,Good,False,Positive,0.9527
REV002703,PH054,Samsung Galaxy A07 5G,Amazon,"""Very nice mobile for users who want something simple and practical.""","""Very nice mobile for users who want something simple and practical.""",69,11,Good,False,Positive,0.9805
REV002704,PH054,Samsung Galaxy A07 5G,Amazon,"""The phone looks good but did not meet expectations. The listing mentioned a dedicated 3-in-1 SIM + microSD tray, but the device has a shared SIM tray.""","""The phone looks good but did not meet expectations. The listing mentioned a dedicated 3-in-1 SIM + microSD tray, but the device has a shared SIM tray.""",152,27,Good,False,Neutral,0.4283
REV002705,PH054,Samsung Galaxy A07 5G,Amazon,"""Very good phone.""","""Very good phone.""",18,3,Short Review,False,Positive,0.9711
REV002706,PH054,Samsung Galaxy A07 5G,Amazon,"""Good performance and a good camera.""","""Good performance and a good camera.""",37,6,Good,False,Positive,0.9723
REV002707,PH054,Samsung Galaxy A07 5G,Amazon,"""Don't purchase Samsung smartphones.""","""Don't purchase Samsung smartphones.""",37,4,Good,False,Negative,0.476
REV002708,PH054,Samsung Galaxy A07 5G,Amazon,"""Good phone, but the battery is not very good.""","""Good phone, but the battery is not very good.""",47,9,Good,False,Negative,0.7651
REV002709,PH054,Samsung Galaxy A07 5G,Amazon,"""Best phone at this price. Camera: 4.2/5. Looks: 4.4/5. Battery: 4.4/5. No heating: 4.3/5. RAM: 4.2/5.""","""Best phone at this price. Camera: 4.2/5. Looks: 4.4/5. Battery: 4.4/5. No heating: 4.3/5. RAM: 4.2/5.""",103,16,Good,False,Positive,0.9536
REV002710,PH054,Samsung Galaxy A07 5G,Amazon,"""Good.""","""Good.""",7,1,Very Short,False,Positive,0.932
REV002711,PH054,Samsung Galaxy A07 5G,Amazon,"""Not working properly.""","""Not working properly.""",23,3,Short Review,False,Negative,0.754
REV002712,PH054,Samsung Galaxy A07 5G,Amazon,"""The first delivery associate behaved very unprofessionally. The second one was okay.""","""The first delivery associate behaved very unprofessionally. The second one was okay.""",86,12,Good,False,Negative,0.5989
REV002713,PH054,Samsung Galaxy A07 5G,Amazon,"""Very good phone for this price. Camera quality is very good.""","""Very good phone for this price. Camera quality is very good.""",62,11,Good,False,Positive,0.9841
REV002714,PH054,Samsung Galaxy A07 5G,Amazon,"""My old phone was working well. The reason for rejecting it during exchange was not explained properly. Highly condemnable.""","""My old phone was working well. The reason for rejecting it during exchange was not explained properly. Highly condemnable.""",124,19,Good,False,Negative,0.882
REV002715,PH054,Samsung Galaxy A07 5G,Amazon,"""There is a little lag, but the phone is good overall. It is about ₹2,000 overpriced. The camera is okay but could be better. The phone is heavy at around 200g, though it looks good.""","""There is a little lag, but the phone is good overall. It is about ₹2,000 overpriced. The camera is okay but could be better. The phone is heavy at around 200g, though it looks good.""",183,35,Good,False,Positive,0.9032
REV002716,PH055,Poco M8,Flipkart,"""For general usage, it is decent enough for daily tasks with no lag. Android 16 HyperOS 3 update arrived on April 1. Smooth performance. Compared to my POCO M7 Pro, the POCO M8 feels better.""","""For general usage, it is decent enough for daily tasks with no lag. Android 16 HyperOS 3 update arrived on April 1. Smooth performance. Compared to my POCO M7 Pro, the POCO M8 feels better.""",191,35,Good,False,Positive,0.9348
REV002717,PH055,Poco M8,Flipkart,"""Excellent product.""","""Excellent product.""",20,2,Short Review,False,Positive,0.9711
REV002718,PH055,Poco M8,Flipkart,"""The 50MP rear camera performs well in daylight and the selfie camera captures detailed photos. The Snapdragon 6 Gen 3 processor handles daily tasks smoothly.""","""The 50MP rear camera performs well in daylight and the selfie camera captures detailed photos. The Snapdragon 6 Gen 3 processor handles daily tasks smoothly.""",159,25,Good,False,Positive,0.9145
REV002719,PH055,Poco M8,Flipkart,"""Awesome 😎.""","""Awesome 😎.""",12,2,Short Review,False,Positive,0.9863
REV002720,PH055,Poco M8,Flipkart,"""I received the phone within one day of ordering from Flipkart. Packaging was secure, delivery was smooth, and the phone has been great to use.""","""I received the phone within one day of ordering from Flipkart. Packaging was secure, delivery was smooth, and the phone has been great to use.""",144,25,Good,False,Positive,0.9804
REV002721,PH055,Poco M8,Flipkart,"""Very nice design.""","""Very nice design.""",19,3,Short Review,False,Positive,0.976
REV002722,PH055,Poco M8,Flipkart,"""Very disappointed with the camera. Limited features and poor quality.""","""Very disappointed with the camera. Limited features and poor quality.""",71,10,Good,False,Negative,0.937
REV002723,PH055,Poco M8,Flipkart,"""Overall a balanced phone. Camera is good for the price, but battery backup needs improvement.""","""Overall a balanced phone. Camera is good for the price, but battery backup needs improvement.""",95,15,Good,False,Positive,0.8776
REV002724,PH055,Poco M8,Flipkart,"""Poor sound quality and low outdoor display brightness.""","""Poor sound quality and low outdoor display brightness.""",56,8,Good,False,Negative,0.9182
REV002725,PH055,Poco M8,Flipkart,"""Nice mobile in this price range. Thanks POCO and Flipkart for fast delivery.""","""Nice mobile in this price range. Thanks POCO and Flipkart for fast delivery.""",78,13,Good,False,Positive,0.9847
REV002726,PH055,Poco M8,Flipkart,"""Good budget phone with 4 years of Android updates and 6 years of security updates.""","""Good budget phone with 4 years of Android updates and 6 years of security updates.""",84,15,Good,False,Positive,0.9294
REV002727,PH055,Poco M8,Flipkart,"""Best budget phone. Love it ❤.""","""Best budget phone. Love it ❤.""",31,6,Good,False,Positive,0.9865
REV002728,PH055,Poco M8,Flipkart,"""Okay.""","""Okay.""",7,1,Very Short,False,Neutral,0.531
REV002729,PH055,Poco M8,Flipkart,"""Good mobile. Good display, good sound quality, slim design, and budget-friendly.""","""Good mobile. Good display, good sound quality, slim design, and budget-friendly.""",82,11,Good,False,Positive,0.958
REV002730,PH055,Poco M8,Flipkart,"""Value for money.""","""Value for money.""",18,3,Short Review,False,Neutral,0.7732
REV002731,PH055,Poco M8,Flipkart,"""Super.""","""Super.""",8,1,Very Short,False,Positive,0.7104
REV002732,PH055,Poco M8,Flipkart,"""Good mobile.""","""Good mobile.""",14,2,Short Review,False,Positive,0.9116
REV002733,PH055,Poco M8,Flipkart,"""Super slim and lightweight with excellent in-hand feel. Camera is below average, but the display is nice.""","""Super slim and lightweight with excellent in-hand feel. Camera is below average, but the display is nice.""",107,17,Good,False,Positive,0.9693
REV002734,PH055,Poco M8,Flipkart,"""Best-in-segment performance, design, and display ❤️.""","""Best-in-segment performance, design, and display ❤️.""",54,6,Good,False,Positive,0.9823
REV002735,PH055,Poco M8,Flipkart,"""So far the mobile is excellent. Nice design, good performance, good battery backup, and good camera.""","""So far the mobile is excellent. Nice design, good performance, good battery backup, and good camera.""",102,16,Good,False,Positive,0.9847
REV002736,PH055,Poco M8,Flipkart,"""Nice product.""","""Nice product.""",15,2,Short Review,False,Positive,0.9644
REV002737,PH055,Poco M8,Flipkart,"""Good quality product.""","""Good quality product.""",23,3,Short Review,False,Positive,0.9289
REV002738,PH055,Poco M8,Flipkart,"""Super.""","""Super.""",8,1,Very Short,True,Positive,0.7104
REV002739,PH055,Poco M8,Flipkart,"""Nice.""","""Nice.""",7,1,Very Short,False,Positive,0.9461
REV002740,PH055,Poco M8,Flipkart,"""Excellent for daily use but not for heavy usage. Camera is average.""","""Excellent for daily use but not for heavy usage. Camera is average.""",69,12,Good,False,Positive,0.5244
REV002741,PH055,Poco M8,Flipkart,"""Phone started hanging after 10 days.""","""Phone started hanging after 10 days.""",38,6,Good,False,Negative,0.5234
REV002742,PH055,Poco M8,Flipkart,"""Nice.""","""Nice.""",7,1,Very Short,True,Positive,0.9461
REV002743,PH055,Poco M8,Flipkart,"""Excellent camera with natural daylight photos and amazing night shots. Battery backup is very good. Complete value for money.""","""Excellent camera with natural daylight photos and amazing night shots. Battery backup is very good. Complete value for money.""",127,19,Good,False,Positive,0.9808
REV002744,PH055,Poco M8,Flipkart,"""Very lightweight with excellent in-hand feel. IP66 dust and water resistance and a great display.""","""Very lightweight with excellent in-hand feel. IP66 dust and water resistance and a great display.""",99,15,Good,False,Positive,0.969
REV002745,PH055,Poco M8,Flipkart,"""POCO M8 offers Snapdragon 6 Gen 3, 5520mAh battery, 45W charging, and a 120Hz AMOLED display. Great value for money.""","""POCO M8 offers Snapdragon 6 Gen 3, 5520mAh battery, 45W charging, and a 120Hz AMOLED display. Great value for money.""",118,20,Good,False,Positive,0.9616
REV002746,PH055,Poco M8,Flipkart,"""Phone started hanging after 10 days.""","""Phone started hanging after 10 days.""",38,6,Good,True,Negative,0.5234
REV002747,PH055,Poco M8,Flipkart,"""I like the curved display and camera quality 😍. Some battery drain issues, but overall budget-friendly.""","""I like the curved display and camera quality 😍. Some battery drain issues, but overall budget-friendly.""",105,16,Good,False,Positive,0.9638
REV002748,PH055,Poco M8,Flipkart,"""Performance, camera, and battery are awesome ⚡⚡.""","""Performance, camera, and battery are awesome ⚡⚡.""",50,7,Good,False,Positive,0.9872
REV002749,PH055,Poco M8,Flipkart,"""Mid-range king 💥. Camera 9.5/10. Battery 9.5/10. Charging speed should be faster—65W would have been better.""","""Mid-range king 💥. Camera 9.5/10. Battery 9.5/10. Charging speed should be faster—65W would have been better.""",110,16,Good,False,Positive,0.8173
REV002750,PH055,Poco M8,Flipkart,"""Battery backup problem.""","""Battery backup problem.""",25,3,Short Review,False,Negative,0.6405
REV002751,PH055,Poco M8,Flipkart,"""Best phone in this budget.""","""Best phone in this budget.""",28,5,Good,False,Positive,0.9701
REV002752,PH055,Poco M8,Flipkart,"""Battery is dead. Phone becomes slow.""","""Battery is dead. Phone becomes slow.""",38,6,Good,False,Negative,0.8587
REV002753,PH055,Poco M8,Flipkart,"""Worth it and an excellent product. Lightweight and comfortable to hold for long periods.""","""Worth it and an excellent product. Lightweight and comfortable to hold for long periods.""",90,14,Good,False,Positive,0.9769
REV002754,PH055,Poco M8,Flipkart,"""Very good performance.""","""Very good performance.""",24,3,Short Review,False,Positive,0.9782
REV002755,PH055,Poco M8,Flipkart,"""The phone is perfect, but the gaming voice changer feature is not available.""","""The phone is perfect, but the gaming voice changer feature is not available.""",78,13,Good,False,Negative,0.7288
REV002756,PH055,Poco M8,Flipkart,"""Phone automatically wakes up while kept in the pocket.""","""Phone automatically wakes up while kept in the pocket.""",56,9,Good,False,Neutral,0.8918
REV002757,PH055,Poco M8,Flipkart,"""Okay, good mobile.""","""Okay, good mobile.""",20,3,Short Review,False,Positive,0.8564
REV002758,PH055,Poco M8,Flipkart,"""A professional mobile at a cheap price.""","""A professional mobile at a cheap price.""",41,7,Good,False,Positive,0.6019
REV002759,PH055,Poco M8,Flipkart,"""Wonderful.""","""Wonderful.""",12,1,Very Short,False,Positive,0.972
REV002760,PH055,Poco M8,Flipkart,"""Best product.""","""Best product.""",15,2,Short Review,False,Positive,0.9649
REV002761,PH055,Poco M8,Flipkart,"""Nice.""","""Nice.""",7,1,Very Short,True,Positive,0.9461
REV002762,PH055,Poco M8,Flipkart,"""Good camera quality.""","""Good camera quality.""",22,3,Short Review,False,Positive,0.9146
REV002763,PH055,Poco M8,Flipkart,"""Display is awesome.""","""Display is awesome.""",21,3,Short Review,False,Positive,0.9837
REV002764,PH055,Poco M8,Flipkart,"""Performance is smooth.""","""Performance is smooth.""",24,3,Short Review,False,Positive,0.7073
REV002765,PH055,Poco M8,Flipkart,"""Battery backup is good.""","""Battery backup is good.""",25,4,Good,False,Positive,0.9277
REV002766,PH055,Poco M8,Flipkart,"""Worth buying.""","""Worth buying.""",15,2,Short Review,False,Positive,0.865
REV002767,PH055,Poco M8,Flipkart,"""Value for money.""","""Value for money.""",18,3,Short Review,True,Neutral,0.7732
REV002768,PH055,Poco M8,Flipkart,"""Excellent phone.""","""Excellent phone.""",18,2,Short Review,False,Positive,0.968
REV002769,PH055,Poco M8,Flipkart,"""Superb phone.""","""Superb phone.""",15,2,Short Review,False,Positive,0.9701
REV002770,PH055,Poco M8,Flipkart,"""Good.""","""Good.""",7,1,Very Short,False,Positive,0.932
REV002771,PH055,Poco M8,Flipkart,"""Very nice phone. I am very happy. Display is very nice.""","""Very nice phone. I am very happy. Display is very nice.""",57,11,Good,False,Positive,0.9897
REV002772,PH055,Poco M8,Flipkart,"""Really nice.""","""Really nice.""",14,2,Short Review,False,Positive,0.971
REV002773,PH055,Poco M8,Flipkart,"""Wonderful.""","""Wonderful.""",12,1,Very Short,True,Positive,0.972
REV002774,PH055,Poco M8,Flipkart,"""Nice phone.""","""Nice phone.""",13,2,Short Review,False,Positive,0.9449
REV002775,PH055,Poco M8,Flipkart,"""Good product.""","""Good product.""",15,2,Short Review,False,Positive,0.9522
REV002776,PH055,Poco M8,Flipkart,"""Excellent.""","""Excellent.""",12,1,Very Short,False,Positive,0.9722
REV002777,PH055,Poco M8,Flipkart,"""Superb.""","""Superb.""",9,1,Very Short,False,Positive,0.9622
REV002778,PH055,Poco M8,Flipkart,"""Best in this price.""","""Best in this price.""",21,4,Good,False,Positive,0.9405
REV002779,PH055,Poco M8,Flipkart,"""Awesome mobile.""","""Awesome mobile.""",17,2,Short Review,False,Positive,0.9769
REV002780,PH055,Poco M8,Flipkart,"""Nice design.""","""Nice design.""",14,2,Short Review,False,Positive,0.9606
REV002781,PH055,Poco M8,Flipkart,"""Worth every penny.""","""Worth every penny.""",20,3,Short Review,False,Positive,0.901
REV002782,PH055,Poco M8,Flipkart,"""Excellent camera.""","""Excellent camera.""",19,2,Short Review,False,Positive,0.9588
REV002783,PH055,Poco M8,Flipkart,"""Good battery backup.""","""Good battery backup.""",22,3,Short Review,False,Positive,0.9082
REV002784,PH055,Poco M8,Flipkart,"""Smooth performance.""","""Smooth performance.""",21,2,Short Review,False,Positive,0.9086
REV002785,PH055,Poco M8,Flipkart,"""Premium look.""","""Premium look.""",15,2,Short Review,False,Neutral,0.5261
REV002786,PH055,Poco M8,Flipkart,"""Happy with the purchase.""","""Happy with the purchase.""",26,4,Good,False,Positive,0.9647
REV002787,PH055,Poco M8,Flipkart,"""Good choice.""","""Good choice.""",14,2,Short Review,False,Positive,0.9234
REV002788,PH055,Poco M8,Flipkart,"""Amazing phone.""","""Amazing phone.""",16,2,Short Review,False,Positive,0.9734
REV002789,PH055,Poco M8,Flipkart,"""Loved it.""","""Loved it.""",11,2,Short Review,False,Positive,0.9803
REV002790,PH055,Poco M8,Flipkart,"""Nice display.""","""Nice display.""",15,2,Short Review,False,Positive,0.9573
REV002791,PH055,Poco M8,Flipkart,"""Fast charging is good.""","""Fast charging is good.""",24,4,Good,False,Positive,0.9473
REV002792,PH055,Poco M8,Flipkart,"""Curved display is beautiful.""","""Curved display is beautiful.""",30,4,Good,False,Positive,0.9815
REV002793,PH055,Poco M8,Flipkart,"""Overall excellent.""","""Overall excellent.""",20,2,Short Review,False,Positive,0.9748
REV002794,PH055,Poco M8,Flipkart,"""Satisfied.""","""Satisfied.""",12,1,Very Short,False,Positive,0.784
REV002795,PH055,Poco M8,Flipkart,"""Best budget phone.""","""Best budget phone.""",20,3,Short Review,False,Positive,0.9376
REV002796,PH055,Poco M8,Flipkart,"""Nice build quality.""","""Nice build quality.""",21,3,Short Review,False,Positive,0.9519
REV002797,PH055,Poco M8,Flipkart,"""Excellent value for money.""","""Excellent value for money.""",28,4,Good,False,Positive,0.9651
REV002798,PH055,Poco M8,Flipkart,"""Good performance.""","""Good performance.""",19,2,Short Review,False,Positive,0.9632
REV002799,PH055,Poco M8,Flipkart,"""Nice product.""","""Nice product.""",15,2,Short Review,True,Positive,0.9644
REV002800,PH055,Poco M8,Flipkart,"""Super phone.""","""Super phone.""",14,2,Short Review,False,Neutral,0.5058
REV002801,PH055,Poco M8,Flipkart,"""Very good.""","""Very good.""",12,2,Short Review,False,Positive,0.976
REV002802,PH055,Poco M8,Flipkart,"""Wonderful.""","""Wonderful.""",12,1,Very Short,True,Positive,0.972
REV002803,PH055,Poco M8,Flipkart,"""Amazing display.""","""Amazing display.""",18,2,Short Review,False,Positive,0.9744
REV002804,PH055,Poco M8,Flipkart,"""Excellent performance.""","""Excellent performance.""",24,2,Short Review,False,Positive,0.9748
REV002805,PH055,Poco M8,Flipkart,"""Good camera.""","""Good camera.""",14,2,Short Review,False,Positive,0.9219
REV002806,PH055,Poco M8,Flipkart,"""Best purchase.""","""Best purchase.""",16,2,Short Review,False,Positive,0.9709
REV002807,PH055,Poco M8,Flipkart,"""Happy.""","""Happy.""",8,1,Very Short,False,Positive,0.9419
REV002808,PH055,Poco M8,Flipkart,"""Superb quality.""","""Superb quality.""",17,2,Short Review,False,Positive,0.9668
REV002809,PH055,Poco M8,Flipkart,"""Excellent battery.""","""Excellent battery.""",20,2,Short Review,False,Positive,0.9581
REV002810,PH055,Poco M8,Flipkart,"""Great phone.""","""Great phone.""",14,2,Short Review,False,Positive,0.9714
REV002811,PH055,Poco M8,Flipkart,"""Nice experience.""","""Nice experience.""",18,2,Short Review,False,Positive,0.9651
REV002812,PH055,Poco M8,Flipkart,"""Very satisfied.""","""Very satisfied.""",17,2,Short Review,False,Positive,0.9628
REV002813,PH055,Poco M8,Flipkart,"""Best mobile.""","""Best mobile.""",14,2,Short Review,False,Positive,0.9497
REV002814,PH055,Poco M8,Flipkart,"""Good quality.""","""Good quality.""",15,2,Short Review,False,Positive,0.8707
REV002815,PH055,Poco M8,Flipkart,"""Excellent choice.""","""Excellent choice.""",19,2,Short Review,False,Positive,0.9712
REV002816,PH055,Poco M8,Flipkart,"""Loved the phone.""","""Loved the phone.""",18,3,Short Review,False,Positive,0.9772
REV002817,PH055,Poco M8,Flipkart,"""Awesome experience.""","""Awesome experience.""",21,2,Short Review,False,Positive,0.983
REV002818,PH055,Poco M8,Flipkart,"""Good budget phone.""","""Good budget phone.""",20,3,Short Review,False,Positive,0.8313
REV002819,PH055,Poco M8,Flipkart,"""Nice phone.""","""Nice phone.""",13,2,Short Review,True,Positive,0.9449
REV002820,PH055,Poco M8,Flipkart,"""Wonderful.""","""Wonderful.""",12,1,Very Short,True,Positive,0.972
REV002821,PH055,Poco M8,Amazon,"""I purchased it on 30 March. It's working excellent. Camera quality is good. It gets a little warm after 3–4 hours of continuous use, which is normal. Display is good. Battery life is okay. Easy to use.""","""I purchased it on 30 March. It's working excellent. Camera quality is good. It gets a little warm after 3–4 hours of continuous use, which is normal. Display is good. Battery life is okay. Easy to use.""",203,37,Good,False,Positive,0.94
REV002822,PH055,Poco M8,Amazon,"""Mobile looks premium, is lightweight, has a very good display, decent camera, and good battery life for normal usage. Value for money.""","""Mobile looks premium, is lightweight, has a very good display, decent camera, and good battery life for normal usage. Value for money.""",136,22,Good,False,Positive,0.9604
REV002823,PH055,Poco M8,Amazon,"""Simply superb phone under this budget.""","""Simply superb phone under this budget.""",40,6,Good,False,Positive,0.9736
REV002824,PH055,Poco M8,Amazon,"""Exchange value was not applied by the delivery person. Battery charges fast but also drains fast. Overall, buying through Amazon felt risky.""","""Exchange value was not applied by the delivery person. Battery charges fast but also drains fast. Overall, buying through Amazon felt risky.""",142,22,Good,False,Negative,0.817
REV002825,PH055,Poco M8,Amazon,"""Dual camera is not available. Double-tap to turn off the screen is missing. Phone heats up after continuous use. Battery life is average. Display is good. Camera quality is good. Phone has not lagged yet.""","""Dual camera is not available. Double-tap to turn off the screen is missing. Phone heats up after continuous use. Battery life is average. Display is good. Camera quality is good. Phone has not lagged yet.""",206,35,Good,False,Neutral,0.48
REV002826,PH055,Poco M8,Amazon,"""So bad. Heating issue, slow charging, and no return option.""","""So bad. Heating issue, slow charging, and no return option.""",61,10,Good,False,Negative,0.9451
REV002827,PH055,Poco M8,Amazon,"""Best budget phone with the latest features.""","""Best budget phone with the latest features.""",45,7,Good,False,Positive,0.9647
REV002828,PH055,Poco M8,Amazon,"""I've been using it for nearly a month. Comes with Android 15 and already received Android 16. Looks good, but the OS is not up to Samsung's standard. Lots of preinstalled apps. Biggest drawback is battery drain. Camera performs well in sunlight.""","""I've been using it for nearly a month. Comes with Android 15 and already received Android 16. Looks good, but the OS is not up to Samsung's standard. Lots of preinstalled apps. Biggest drawback is battery drain. Camera performs well in sunlight.""",247,42,Good,False,Negative,0.4567
REV002829,PH055,Poco M8,Amazon,"""I like the processor and design. The only disappointment is the curved display and average camera.""","""I like the processor and design. The only disappointment is the curved display and average camera.""",100,16,Good,False,Positive,0.7209
REV002830,PH055,Poco M8,Amazon,"""Phone performance is good. Back camera makes photos look too white. Front camera is good. Overall excellent except for the camera.""","""Phone performance is good. Back camera makes photos look too white. Front camera is good. Overall excellent except for the camera.""",132,21,Good,False,Positive,0.9561
REV002831,PH055,Poco M8,Amazon,"""Value for money phone.""","""Value for money phone.""",24,4,Good,False,Neutral,0.6582
REV002832,PH055,Poco M8,Amazon,"""Good.""","""Good.""",7,1,Very Short,True,Positive,0.932
REV002833,PH055,Poco M8,Amazon,"""The specifications matched my needs and budget. Performance is good, though scrolling feels slightly slow.""","""The specifications matched my needs and budget. Performance is good, though scrolling feels slightly slow.""",108,15,Good,False,Positive,0.9013
REV002834,PH055,Poco M8,Amazon,"""Camera quality is very bad. Otherwise, the phone is good.""","""Camera quality is very bad. Otherwise, the phone is good.""",59,10,Good,False,Negative,0.7099
REV002835,PH055,Poco M8,Amazon,"""Phone is good, but the exchange offer is just for namesake.""","""Phone is good, but the exchange offer is just for namesake.""",61,11,Good,False,Positive,0.5935
REV002836,PH055,Poco M8,Amazon,"""Good.""","""Good.""",7,1,Very Short,True,Positive,0.932
REV002837,PH055,Poco M8,Amazon,"""Amazing phone. Performance and battery life are excellent.""","""Amazing phone. Performance and battery life are excellent.""",60,8,Good,False,Positive,0.9855
REV002838,PH055,Poco M8,Amazon,"""Perfect mobile, only the price is high.""","""Perfect mobile, only the price is high.""",41,7,Good,False,Positive,0.8113
REV002839,PH055,Poco M8,Amazon,"""Budget-friendly, but apps like YouTube, Amazon, and Flipkart don't support the 120Hz refresh rate.""","""Budget-friendly, but apps like YouTube, Amazon, and Flipkart don't support the 120Hz refresh rate.""",100,14,Good,False,Negative,0.5569
REV002840,PH055,Poco M8,Amazon,"""Budget-friendly with a nice display. Sometimes has heating issues.""","""Budget-friendly with a nice display. Sometimes has heating issues.""",68,9,Good,False,Positive,0.82
REV002841,PH055,Poco M8,Amazon,"""Very thin and lightweight curved phone. Fast charging. HyperOS 3.0 is amazing.""","""Very thin and lightweight curved phone. Fast charging. HyperOS 3.0 is amazing.""",80,12,Good,False,Positive,0.9831
REV002842,PH055,Poco M8,Amazon,"""Good phone.""","""Good phone.""",13,2,Short Review,False,Positive,0.9422
REV002843,PH055,Poco M8,Amazon,"""Nice product.""","""Nice product.""",15,2,Short Review,True,Positive,0.9644
REV002844,PH055,Poco M8,Amazon,"""Good.""","""Good.""",7,1,Very Short,True,Positive,0.932
REV002845,PH055,Poco M8,Amazon,"""Excellent mobile. Only a slight issue with the camera.""","""Excellent mobile. Only a slight issue with the camera.""",56,9,Good,False,Positive,0.9606
REV002846,PH055,Poco M8,Amazon,"""Value for money.""","""Value for money.""",18,3,Short Review,True,Neutral,0.7732
REV002847,PH055,Poco M8,Amazon,"""Good value-for-money phone.""","""Good value-for-money phone.""",29,3,Short Review,False,Positive,0.9095
REV002848,PH055,Poco M8,Amazon,"""Very good phone.""","""Very good phone.""",18,3,Short Review,False,Positive,0.9711
REV002849,PH055,Poco M8,Amazon,"""Good. Camera 8/10. Display 9/10. Brightness 10/10. Sound 7/10. Battery 8/10. Battery drains a bit fast. Charging is slightly slow. Not meant for gaming.""","""Good. Camera 8/10. Display 9/10. Brightness 10/10. Sound 7/10. Battery 8/10. Battery drains a bit fast. Charging is slightly slow. Not meant for gaming.""",154,24,Good,False,Positive,0.3795
REV002850,PH055,Poco M8,Amazon,"""I received a sealed-box phone and faced no issues. Seller service was very good.""","""I received a sealed-box phone and faced no issues. Seller service was very good.""",82,14,Good,False,Positive,0.9338
REV002851,PH055,Poco M8,Amazon,"""Amazing mobile phone. Thanks Amazon for the best exchange offer.""","""Amazing mobile phone. Thanks Amazon for the best exchange offer.""",66,10,Good,False,Positive,0.9878
REV002852,PH055,Poco M8,Amazon,"""Good quality, nice battery backup, slim phone.""","""Good quality, nice battery backup, slim phone.""",48,7,Good,False,Positive,0.959
REV002853,PH055,Poco M8,Amazon,"""Battery life is good.""","""Battery life is good.""",23,4,Good,False,Positive,0.9648
REV002854,PH055,Poco M8,Amazon,"""Battery drains fast. Overall battery life is not good.""","""Battery drains fast. Overall battery life is not good.""",56,9,Good,False,Negative,0.9243
REV002855,PH055,Poco M8,Amazon,"""Handy, lightweight, slim, with good battery and good speed for the price.""","""Handy, lightweight, slim, with good battery and good speed for the price.""",75,12,Good,False,Positive,0.9361
REV002856,PH055,Poco M8,Amazon,"""Very good smartphone. Will receive four major Android updates. Hardware is good.""","""Very good smartphone. Will receive four major Android updates. Hardware is good.""",82,12,Good,False,Positive,0.9843
REV002857,PH055,Poco M8,Amazon,"""Good quality mobile phone at this price.""","""Good quality mobile phone at this price.""",42,7,Good,False,Positive,0.9178
REV002858,PH055,Poco M8,Amazon,"""Product is good.""","""Product is good.""",18,3,Short Review,False,Positive,0.9487
REV002859,PH055,Poco M8,Amazon,"""Battery life is very poor. Camera is useless. Only the display and 5G are positives. Software feels slow.""","""Battery life is very poor. Camera is useless. Only the display and 5G are positives. Software feels slow.""",107,18,Good,False,Negative,0.941
REV002860,PH055,Poco M8,Amazon,"""Awesome offer. Product quality is good. Value for money.""","""Awesome offer. Product quality is good. Value for money.""",58,9,Good,False,Positive,0.9804
REV002861,PH055,Poco M8,Amazon,"""Okay.""","""Okay.""",7,1,Very Short,True,Neutral,0.531
REV002862,PH055,Poco M8,Amazon,"""Good specification handset with lots of features.""","""Good specification handset with lots of features.""",51,7,Good,False,Positive,0.9598
REV002863,PH055,Poco M8,Amazon,"""Battery is not good. Display reflections are annoying. Network coverage is weak. Camera lens scratches easily. Not satisfied.""","""Battery is not good. Display reflections are annoying. Network coverage is weak. Camera lens scratches easily. Not satisfied.""",127,18,Good,False,Negative,0.9403
REV002864,PH055,Poco M8,Amazon,"""Good.""","""Good.""",7,1,Very Short,True,Positive,0.932
REV002865,PH055,Poco M8,Amazon,"""Good product.""","""Good product.""",15,2,Short Review,True,Positive,0.9522
REV002866,PH055,Poco M8,Amazon,"""Another masterpiece from Redmi. Battery backup is moderate. Phone is very smooth and looks premium.""","""Another masterpiece from Redmi. Battery backup is moderate. Phone is very smooth and looks premium.""",101,15,Good,False,Positive,0.9782
REV002867,PH055,Poco M8,Amazon,"""Nice.""","""Nice.""",7,1,Very Short,True,Positive,0.9461
REV002868,PH055,Poco M8,Amazon,"""I received a completely dead POCO M8 that would not switch on. Very poor experience.""","""I received a completely dead POCO M8 that would not switch on. Very poor experience.""",86,15,Good,False,Negative,0.9504
REV002869,PH055,Poco M8,Amazon,"""Nice product, but slightly expensive.""","""Nice product, but slightly expensive.""",39,5,Good,False,Negative,0.6142
REV002870,PH055,Poco M8,Amazon,"""Delivery process was poor, though the product was good.""","""Delivery process was poor, though the product was good.""",57,9,Good,False,Negative,0.6037
REV002871,PH055,Poco M8,Amazon,"""Sleek phone with smooth overall performance, decent speakers, and a good camera.""","""Sleek phone with smooth overall performance, decent speakers, and a good camera.""",82,12,Good,False,Positive,0.9516
REV002872,PH055,Poco M8,Amazon,"""The handset hangs frequently. Many apps do not work properly. Not satisfied. Not recommended.""","""The handset hangs frequently. Many apps do not work properly. Not satisfied. Not recommended.""",95,14,Good,False,Negative,0.9367
REV002873,PH055,Poco M8,Amazon,"""Bekar phone hai.""","""Bekar phone hai.""",18,3,Short Review,False,Neutral,0.8977
REV002874,PH055,Poco M8,Amazon,"""Very bad touchscreen. Don't buy. Touch stopped working the very next day.""","""Very bad touchscreen. Don't buy. Touch stopped working the very next day.""",75,12,Good,False,Negative,0.9419
REV002875,PH055,Poco M8,Amazon,"""Not good. It hangs sometimes and struggles with multitasking.""","""Not good. It hangs sometimes and struggles with multitasking.""",63,9,Good,False,Negative,0.914
REV002876,PH055,Poco M8,Amazon,"""Worst mobile in my opinion.""","""Worst mobile in my opinion.""",29,5,Good,False,Negative,0.9471
REV002877,PH055,Poco M8,Amazon,"""Too much bloatware. Heating issue is present. Charging takes too long.""","""Too much bloatware. Heating issue is present. Charging takes too long.""",72,11,Good,False,Negative,0.8877
REV002878,PH055,Poco M8,Amazon,"""Very good-looking phone but poor performance. Instagram lags badly.""","""Very good-looking phone but poor performance. Instagram lags badly.""",69,9,Good,False,Negative,0.8608
REV002879,PH055,Poco M8,Amazon,"""Very disappointing exchange delivery experience.""","""Very disappointing exchange delivery experience.""",50,5,Good,False,Negative,0.9276
REV002880,PH055,Poco M8,Amazon,"""Amazing camera. I am very happy.""","""Amazing camera. I am very happy.""",34,6,Good,False,Positive,0.9893
REV002881,PH055,Poco M8,Amazon,"""Battery life is good. Value for money. Speed is excellent for this segment. Build quality is average, but the display and in-hand feel are awesome.""","""Battery life is good. Value for money. Speed is excellent for this segment. Build quality is average, but the display and in-hand feel are awesome.""",149,25,Good,False,Positive,0.9744
REV002882,PH056,Redmi Note 15,Flipkart,"""Good product but overpriced.""","""Good product but overpriced.""",30,4,Good,False,Negative,0.8006
REV002883,PH056,Redmi Note 15,Flipkart,"""Good product.""","""Good product.""",15,2,Short Review,False,Positive,0.9522
REV002884,PH056,Redmi Note 15,Flipkart,"""Good.""","""Good.""",7,1,Very Short,False,Positive,0.932
REV002885,PH056,Redmi Note 15,Flipkart,"""Good product.""","""Good product.""",15,2,Short Review,True,Positive,0.9522
REV002886,PH056,Redmi Note 15,Flipkart,"""Good. Lightweight.""","""Good. Lightweight.""",20,2,Short Review,False,Positive,0.8042
REV002887,PH056,Redmi Note 15,Flipkart,"""Camera is above average for the ₹20K segment. Design is superb.""","""Camera is above average for the ₹20K segment. Design is superb.""",65,11,Good,False,Positive,0.9578
REV002888,PH056,Redmi Note 15,Flipkart,"""Super good mobile.""","""Super good mobile.""",20,3,Short Review,False,Positive,0.9791
REV002889,PH056,Redmi Note 15,Flipkart,"""Pure gold for a mid-range device. Loving it 🥰.""","""Pure gold for a mid-range device. Loving it 🥰.""",48,9,Good,False,Positive,0.9891
REV002890,PH056,Redmi Note 15,Flipkart,"""Super quality and very good camera performance.""","""Super quality and very good camera performance.""",49,7,Good,False,Positive,0.9815
REV002891,PH056,Redmi Note 15,Flipkart,"""Very good 😊.""","""Very good 😊.""",14,3,Short Review,False,Positive,0.9854
REV002892,PH056,Redmi Note 15,Flipkart,"""Good.""","""Good.""",7,1,Very Short,True,Positive,0.932
REV002893,PH056,Redmi Note 15,Flipkart,"""Good so far.""","""Good so far.""",14,3,Short Review,False,Positive,0.9685
REV002894,PH056,Redmi Note 15,Flipkart,"""Very good product. Worth it.""","""Very good product. Worth it.""",30,5,Good,False,Positive,0.9783
REV002895,PH056,Redmi Note 15,Flipkart,"""Nice product.""","""Nice product.""",15,2,Short Review,False,Positive,0.9644
REV002896,PH056,Redmi Note 15,Flipkart,"""Everything is fine!""","""Everything is fine!""",21,3,Short Review,False,Positive,0.9086
REV002897,PH056,Redmi Note 15,Flipkart,"""I am fully satisfied. Best phone in the lower budget segment.""","""I am fully satisfied. Best phone in the lower budget segment.""",63,11,Good,False,Positive,0.9803
REV002898,PH056,Redmi Note 15,Flipkart,"""Nice.""","""Nice.""",7,1,Very Short,False,Positive,0.9461
REV002899,PH056,Redmi Note 15,Flipkart,"""Wonderful mobile.""","""Wonderful mobile.""",19,2,Short Review,False,Positive,0.976
REV002900,PH056,Redmi Note 15,Flipkart,"""Received in very good condition.""","""Received in very good condition.""",34,5,Good,False,Positive,0.9116
REV002901,PH056,Redmi Note 15,Flipkart,"""Very good at this price.""","""Very good at this price.""",26,5,Good,False,Positive,0.9467
REV002902,PH056,Redmi Note 15,Flipkart,"""I am very, very happy.""","""I am very, very happy.""",24,5,Good,False,Positive,0.9873
REV002903,PH056,Redmi Note 15,Flipkart,"""Thank you, Flipkart.""","""Thank you, Flipkart.""",22,3,Short Review,False,Positive,0.9385
REV002904,PH056,Redmi Note 15,Amazon,"""It's a masterclass in balancing premium aesthetics with rugged durability.""","""It's a masterclass in balancing premium aesthetics with rugged durability.""",76,10,Good,False,Positive,0.8634
REV002905,PH056,Redmi Note 15,Amazon,"""The phone is good. Slim and sleek. Value for money if you are exchanging your old device. Charging speed is good. Camera quality is good. Easy to set up.""","""The phone is good. Slim and sleek. Value for money if you are exchanging your old device. Charging speed is good. Camera quality is good. Easy to set up.""",155,29,Good,False,Positive,0.9589
REV002906,PH056,Redmi Note 15,Amazon,"""I’ve been using the Redmi Note 15 5G as my daily driver, and over time it stops feeling like just another phone and starts feeling like part of my routine.""","""I’ve been using the Redmi Note 15 5G as my daily driver, and over time it stops feeling like just another phone and starts feeling like part of my routine.""",157,30,Good,False,Positive,0.7388
REV002907,PH056,Redmi Note 15,Amazon,"""This review is after using the phone for two weeks and I am very satisfied with it. The display is crisp and clear even in sunlight. Sound quality is very good, but the 108MP camera is not as sharp as expected, especially when zooming. Video quality is excellent with 4K 30fps support. Battery lasts around 1.5 days with heavy usage. No heating or hanging issues even with multiple apps. Overall, value for money.""","""This review is after using the phone for two weeks and I am very satisfied with it. The display is crisp and clear even in sunlight. Sound quality is very good, but the 108MP camera is not as sharp as expected, especially when zooming. Video quality is excellent with 4K 30fps support. Battery lasts around 1.5 days with heavy usage. No heating or hanging issues even with multiple apps. Overall, value for money.""",415,73,Good,False,Positive,0.9653
REV002908,PH056,Redmi Note 15,Amazon,"""Product was good and functioning properly with a good camera, but within 10 days green pixel dots appeared on the screen, indicating a possible display or motherboard issue.""","""Product was good and functioning properly with a good camera, but within 10 days green pixel dots appeared on the screen, indicating a possible display or motherboard issue.""",175,28,Good,False,Negative,0.4635
REV002909,PH056,Redmi Note 15,Amazon,"""Good phone for normal users other than gaming. Value for money.""","""Good phone for normal users other than gaming. Value for money.""",65,11,Good,False,Positive,0.9451
REV002910,PH056,Redmi Note 15,Amazon,"""Lightweight, slim, good camera, good sound quality, decent price, and value for money. Charging is not very fast but acceptable. No heating so far, though the phone sometimes hangs or responds slowly.""","""Lightweight, slim, good camera, good sound quality, decent price, and value for money. Charging is not very fast but acceptable. No heating so far, though the phone sometimes hangs or responds slowly.""",202,32,Good,False,Positive,0.7339
REV002911,PH056,Redmi Note 15,Amazon,"""Good display and speakers. Charging speed is moderate. Suitable for medium usage but not heavy performance. Calls, video clarity, camera, speakers, and display are overall good.""","""Good display and speakers. Charging speed is moderate. Suitable for medium usage but not heavy performance. Calls, video clarity, camera, speakers, and display are overall good.""",179,26,Good,False,Positive,0.9201
REV002912,PH056,Redmi Note 15,Amazon,"""The phone heats up while charging, especially on the first day. It becomes difficult to take calls during charging because of the heat. Software is outdated, HRMS files do not open, and the camera quality is poor with unclear rear photos.""","""The phone heats up while charging, especially on the first day. It becomes difficult to take calls during charging because of the heat. Software is outdated, HRMS files do not open, and the camera quality is poor with unclear rear photos.""",240,41,Good,False,Negative,0.8812
REV002913,PH056,Redmi Note 15,Amazon,"""Great looks and curved display, but performance is disappointing.""","""Great looks and curved display, but performance is disappointing.""",67,9,Good,False,Negative,0.8924
REV002914,PH056,Redmi Note 15,Amazon,"""Good quality.""","""Good quality.""",15,2,Short Review,False,Positive,0.8707
REV002915,PH056,Redmi Note 15,Amazon,"""Device gets hot after some usage. Other than that, everything is good.""","""Device gets hot after some usage. Other than that, everything is good.""",72,12,Good,False,Positive,0.6459
REV002916,PH056,Redmi Note 15,Amazon,"""Nice phone.""","""Nice phone.""",13,2,Short Review,False,Positive,0.9449
REV002917,PH056,Redmi Note 15,Amazon,"""Not so great but okay.""","""Not so great but okay.""",24,5,Good,False,Neutral,0.4785
REV002918,PH056,Redmi Note 15,Amazon,"""Good phone.""","""Good phone.""",13,2,Short Review,False,Positive,0.9422
REV002919,PH056,Redmi Note 15,Amazon,"""Good phone for the price.""","""Good phone for the price.""",27,5,Good,False,Positive,0.9449
REV002920,PH056,Redmi Note 15,Amazon,"""Ok.""","""Ok.""",5,1,Very Short,False,Neutral,0.5323
REV002921,PH056,Redmi Note 15,Amazon,"""Good.""","""Good.""",7,1,Very Short,True,Positive,0.932
REV002922,PH056,Redmi Note 15,Amazon,"""Camera is not up to the mark and did not meet my expectations. Everything else is okay for the price.""","""Camera is not up to the mark and did not meet my expectations. Everything else is okay for the price.""",103,20,Good,False,Negative,0.7415
REV002923,PH056,Redmi Note 15,Amazon,"""I upgraded from the Redmi Note 11 Pro. Camera is good, but the phone started hanging on the second day.""","""I upgraded from the Redmi Note 11 Pro. Camera is good, but the phone started hanging on the second day.""",105,20,Good,False,Positive,0.5231
REV002924,PH056,Redmi Note 15,Amazon,"""Mobile is working very well, but there is an issue with the screen protector provided.""","""Mobile is working very well, but there is an issue with the screen protector provided.""",88,15,Good,False,Neutral,0.5681
REV002925,PH056,Redmi Note 15,Amazon,"""Best.""","""Best.""",7,1,Very Short,False,Positive,0.9235
REV002926,PH056,Redmi Note 15,Amazon,"""Good.""","""Good.""",7,1,Very Short,True,Positive,0.932
REV002927,PH056,Redmi Note 15,Amazon,"""Rear camera is good, front camera is average. Sound quality is excellent, processor performs well, screen is large, fingerprint reader is good, and overall it is value for money.""","""Rear camera is good, front camera is average. Sound quality is excellent, processor performs well, screen is large, fingerprint reader is good, and overall it is value for money.""",180,29,Good,False,Positive,0.9576
REV002928,PH056,Redmi Note 15,Amazon,"""Good phone for the price. Benchmark scores are lower than competing phones, although the camera is better.""","""Good phone for the price. Benchmark scores are lower than competing phones, although the camera is better.""",108,17,Good,False,Positive,0.9509
REV002929,PH056,Redmi Note 15,Amazon,"""The phone is okay for the price. Lightweight, but heats up during heavy usage. Camera is average, charging speed is okay, sound output is good, and there is no lag so far.""","""The phone is okay for the price. Lightweight, but heats up during heavy usage. Camera is average, charging speed is okay, sound output is good, and there is no lag so far.""",173,32,Good,False,Positive,0.905
REV002930,PH056,Redmi Note 15,Amazon,"""Too costly for the features.""","""Too costly for the features.""",30,5,Good,False,Negative,0.7832
REV002931,PH056,Redmi Note 15,Amazon,"""The product may be fine, but Amazon incorrectly mentioned eSIM support. The phone does not support eSIM.""","""The product may be fine, but Amazon incorrectly mentioned eSIM support. The phone does not support eSIM.""",106,17,Good,False,Negative,0.7228
REV002932,PH056,Redmi Note 15,Amazon,"""Mobile is decent. Camera and battery are good. The only issue is that the display turns black for a few seconds in bright sunlight.""","""Mobile is decent. Camera and battery are good. The only issue is that the display turns black for a few seconds in bright sunlight.""",133,24,Good,False,Positive,0.7398
REV002933,PH056,Redmi Note 15,Amazon,"""The phone is very good, but the volume automatically becomes very low.""","""The phone is very good, but the volume automatically becomes very low.""",72,12,Good,False,Positive,0.7581
REV002934,PH056,Redmi Note 15,Amazon,"""Purchased an iron box disguised as a mobile.""","""Purchased an iron box disguised as a mobile.""",46,8,Good,False,Neutral,0.8972
REV002935,PH056,Redmi Note 15,Amazon,"""Not suitable for listening to music. Sound system is poor.""","""Not suitable for listening to music. Sound system is poor.""",60,10,Good,False,Negative,0.917
REV002936,PH056,Redmi Note 15,Amazon,"""It's very slim and user-friendly. Quite happy with the mobile.""","""It's very slim and user-friendly. Quite happy with the mobile.""",64,10,Good,False,Positive,0.9795
REV002937,PH056,Redmi Note 15,Amazon,"""This site is trustworthy and the product quality is superb.""","""This site is trustworthy and the product quality is superb.""",61,10,Good,False,Positive,0.978
REV002938,PH056,Redmi Note 15,Amazon,"""The phone is lightweight, easy to handle, and has an amazing design. However, the battery drains quickly on 5G and the camera quality could be better.""","""The phone is lightweight, easy to handle, and has an amazing design. However, the battery drains quickly on 5G and the camera quality could be better.""",152,26,Good,False,Positive,0.8714
REV002939,PH056,Redmi Note 15,Amazon,"""Best.""","""Best.""",7,1,Very Short,True,Positive,0.9235
REV002940,PH056,Redmi Note 15,Amazon,"""Good quality, features, and performance. Value for money.""","""Good quality, features, and performance. Value for money.""",59,8,Good,False,Positive,0.9446
REV002941,PH056,Redmi Note 15,Amazon,"""Superb picture quality.""","""Superb picture quality.""",25,3,Short Review,False,Positive,0.9714
REV002942,PH056,Redmi Note 15,Amazon,"""Good mobile.""","""Good mobile.""",14,2,Short Review,False,Positive,0.9116
REV002943,PH056,Redmi Note 15,Amazon,"""Very good mobile.""","""Very good mobile.""",19,3,Short Review,False,Positive,0.9659
REV002944,PH056,Redmi Note 15,Amazon,"""Good.""","""Good.""",7,1,Very Short,True,Positive,0.932
REV002945,PH056,Redmi Note 15,Amazon,"""I am not satisfied with the battery. Everything else is good.""","""I am not satisfied with the battery. Everything else is good.""",63,11,Good,False,Negative,0.564
REV002946,PH056,Redmi Note 15,Amazon,"""Very nice.""","""Very nice.""",12,2,Short Review,False,Positive,0.9715
REV002947,PH056,Redmi Note 15,Amazon,"""Looks stylish and modern. Performance is good, but charging speed is slower than expected.""","""Looks stylish and modern. Performance is good, but charging speed is slower than expected.""",92,14,Good,False,Positive,0.8344
REV002948,PH056,Redmi Note 15,Amazon,"""The phone is lightweight, slim, and looks premium. The AMOLED display is excellent, the rear camera performs well even in low light, there are no heating issues, and the battery lasts more than a day with moderate use.""","""The phone is lightweight, slim, and looks premium. The AMOLED display is excellent, the rear camera performs well even in low light, there are no heating issues, and the battery lasts more than a day with moderate use.""",220,38,Good,False,Positive,0.9649
REV002949,PH056,Redmi Note 15,Amazon,"""Camera quality is poor for this price, and battery performance became worse after the update.""","""Camera quality is poor for this price, and battery performance became worse after the update.""",95,15,Good,False,Negative,0.9266
REV002950,PH056,Redmi Note 15,Amazon,"""Very nice product. Value for money.""","""Very nice product. Value for money.""",37,6,Good,False,Positive,0.9801
REV002951,PH056,Redmi Note 15,Amazon,"""Received on time and the product was in good condition.""","""Received on time and the product was in good condition.""",57,10,Good,False,Positive,0.9356
REV002952,PH056,Redmi Note 15,Amazon,"""The product is awesome. Sleek, well-designed, and hassle-free. The only issue is that the SIM ejector tool was missing.""","""The product is awesome. Sleek, well-designed, and hassle-free. The only issue is that the SIM ejector tool was missing.""",121,19,Good,False,Positive,0.954
REV002953,PH056,Redmi Note 15,Amazon,"""The product is very good and affordable.""","""The product is very good and affordable.""",42,7,Good,False,Positive,0.9775
REV002954,PH056,Redmi Note 15,Amazon,"""Excellent features. Very nice product.""","""Excellent features. Very nice product.""",40,5,Good,False,Positive,0.9819
REV002955,PH056,Redmi Note 15,Amazon,"""Great phone. Battery still has some issues, but performance is excellent.""","""Great phone. Battery still has some issues, but performance is excellent.""",75,11,Good,False,Positive,0.976
REV002956,PH056,Redmi Note 15,Amazon,"""Good product.""","""Good product.""",15,2,Short Review,True,Positive,0.9522
REV002957,PH056,Redmi Note 15,Amazon,"""Not worth the price. There are better options available in this price range.""","""Not worth the price. There are better options available in this price range.""",78,13,Good,False,Negative,0.7386
REV002958,PH056,Redmi Note 15,Amazon,"""Happy with the phone and the service.""","""Happy with the phone and the service.""",39,7,Good,False,Positive,0.9689
REV002959,PH056,Redmi Note 15,Amazon,"""Nice product.""","""Nice product.""",15,2,Short Review,True,Positive,0.9644
REV002960,PH056,Redmi Note 15,Amazon,"""Amazing product. Value for money.""","""Amazing product. Value for money.""",35,5,Good,False,Positive,0.9794
REV002961,PH056,Redmi Note 15,Amazon,"""The Redmi Note 15 5G is very slim and easy to handle. Camera performs very well in daylight, though the selfie camera is only average.""","""The Redmi Note 15 5G is very slim and easy to handle. Camera performs very well in daylight, though the selfie camera is only average.""",136,25,Good,False,Positive,0.9618
REV002962,PH056,Redmi Note 15,Amazon,"""Redmi never disappoints.""","""Redmi never disappoints.""",26,3,Short Review,False,Positive,0.9489
REV002963,PH056,Redmi Note 15,Amazon,"""Lightweight and nice, but battery needs improvement.""","""Lightweight and nice, but battery needs improvement.""",54,7,Good,False,Positive,0.6144
REV002964,PH056,Redmi Note 15,Amazon,"""Very nice smartphone.""","""Very nice smartphone.""",23,3,Short Review,False,Positive,0.9769
REV002965,PH056,Redmi Note 15,Amazon,"""Value for money phone from Xiaomi. Display is awesome, camera quality is good, and it looks and feels premium.""","""Value for money phone from Xiaomi. Display is awesome, camera quality is good, and it looks and feels premium.""",112,19,Good,False,Positive,0.9799
REV002966,PH056,Redmi Note 15,Amazon,"""Not up to the expectations of a Redmi Note phone, especially in terms of camera.""","""Not up to the expectations of a Redmi Note phone, especially in terms of camera.""",82,15,Good,False,Negative,0.7859
REV002967,PH056,Redmi Note 15,Amazon,"""Very nice mobile. Slim and lightweight.""","""Very nice mobile. Slim and lightweight.""",41,6,Good,False,Positive,0.9769
REV002968,PH056,Redmi Note 15,Amazon,"""The phone is nice, but Amazon delivery was poor.""","""The phone is nice, but Amazon delivery was poor.""",50,9,Good,False,Negative,0.6833
REV002969,PH056,Redmi Note 15,Amazon,"""Everything except the battery and touch screen is okay.""","""Everything except the battery and touch screen is okay.""",57,9,Good,False,Positive,0.7314
REV002970,PH056,Redmi Note 15,Amazon,"""A bit costly compared to other products in the same category, but the quality is good.""","""A bit costly compared to other products in the same category, but the quality is good.""",88,16,Good,False,Positive,0.8579
REV002971,PH056,Redmi Note 15,Amazon,"""Very good.""","""Very good.""",12,2,Short Review,False,Positive,0.976
REV002972,PH056,Redmi Note 15,Amazon,"""The device looks good and is very lightweight. There is no dedicated microSD card slot.""","""The device looks good and is very lightweight. There is no dedicated microSD card slot.""",89,15,Good,False,Positive,0.9266
REV002973,PH056,Redmi Note 15,Amazon,"""The display and processor are the highlights. Camera is just above average.""","""The display and processor are the highlights. Camera is just above average.""",77,12,Good,False,Positive,0.5932
REV002974,PH056,Redmi Note 15,Amazon,"""Everything is great at this budget.""","""Everything is great at this budget.""",37,6,Good,False,Positive,0.9837
REV002975,PH056,Redmi Note 15,Amazon,"""Overall good, but the camera could have been better.""","""Overall good, but the camera could have been better.""",54,9,Good,False,Positive,0.9184
REV002976,PH056,Redmi Note 15,Amazon,"""Good.""","""Good.""",7,1,Very Short,True,Positive,0.932
REV002977,PH056,Redmi Note 15,Amazon,"""Nice phone. Very slim.""","""Nice phone. Very slim.""",24,4,Good,False,Positive,0.94
REV002978,PH056,Redmi Note 15,Amazon,"""I’ve been using the Redmi Note 15 for a while now, and I’m extremely satisfied with its performance and overall experience.""","""I’ve been using the Redmi Note 15 for a while now, and I’m extremely satisfied with its performance and overall experience.""",125,21,Good,False,Positive,0.9869
REV002979,PH056,Redmi Note 15,Amazon,"""Value for money and recommended.""","""Value for money and recommended.""",34,5,Good,False,Neutral,0.5438
REV002980,PH056,Redmi Note 15,Amazon,"""Good.""","""Good.""",7,1,Very Short,True,Positive,0.932
REV002981,PH056,Redmi Note 15,Amazon,"""So far no problems. It's a good phone.""","""So far no problems. It's a good phone.""",40,8,Good,False,Positive,0.9575
REV002982,PH056,Redmi Note 15,Amazon,"""Camera is not good.""","""Camera is not good.""",21,4,Good,False,Negative,0.8985
REV002983,PH056,Redmi Note 15,Amazon,"""Very slim and sleek mobile. Performance is okay but not the best in this price range. The worst part is the sound.""","""Very slim and sleek mobile. Performance is okay but not the best in this price range. The worst part is the sound.""",116,22,Good,False,Negative,0.6744
REV002984,PH056,Redmi Note 15,Amazon,"""Very good product. Slim and lightweight.""","""Very good product. Slim and lightweight.""",42,6,Good,False,Positive,0.9757
REV002985,PH056,Redmi Note 15,Amazon,"""Front selfie camera is decent, battery does not last a full day, but the phone does not hang.""","""Front selfie camera is decent, battery does not last a full day, but the phone does not hang.""",95,18,Good,False,Positive,0.7121
REV002986,PH056,Redmi Note 15,Amazon,"""Camera quality deserves 3 stars. Everything else is good.""","""Camera quality deserves 3 stars. Everything else is good.""",59,9,Good,False,Positive,0.9117
REV002987,PH056,Redmi Note 15,Amazon,"""Excellent product with excellent performance.""","""Excellent product with excellent performance.""",47,5,Good,False,Positive,0.976
REV002988,PH056,Redmi Note 15,Amazon,"""I am very happy with the Redmi Note 15. The display is bright and smooth, performance is fast with no lag in normal use, the camera is very good in daylight, and the battery easily lasts a full day. Value for money.""","""I am very happy with the Redmi Note 15. The display is bright and smooth, performance is fast with no lag in normal use, the camera is very good in daylight, and the battery easily lasts a full day. Value for money.""",217,42,Good,False,Positive,0.9861
REV002989,PH056,Redmi Note 15,Amazon,"""The phone feels overpriced considering its features, though the build quality is good.""","""The phone feels overpriced considering its features, though the build quality is good.""",88,13,Good,False,Neutral,0.4139
REV002990,PH056,Redmi Note 15,Amazon,"""There is no dedicated memory card slot.""","""There is no dedicated memory card slot.""",41,7,Good,False,Neutral,0.5544
REV002991,PH056,Redmi Note 15,Amazon,"""Mobile quality was fantastic, but the delivery person did not contact the customer.""","""Mobile quality was fantastic, but the delivery person did not contact the customer.""",85,13,Good,False,Positive,0.6831
REV002992,PH056,Redmi Note 15,Amazon,"""There is a hotspot connectivity issue with other phones.""","""There is a hotspot connectivity issue with other phones.""",58,9,Good,False,Neutral,0.5563
REV002993,PH056,Redmi Note 15,Amazon,"""Camera performance is disappointing. Portrait mode blur has issues, low-light photos are poor, and 4K video stabilization is unavailable.""","""Camera performance is disappointing. Portrait mode blur has issues, low-light photos are poor, and 4K video stabilization is unavailable.""",139,19,Good,False,Negative,0.9289
REV002994,PH056,Redmi Note 15,Amazon,"""Performance is not good. Hanging issues continue.""","""Performance is not good. Hanging issues continue.""",51,7,Good,False,Negative,0.9215
REV002995,PH056,Redmi Note 15,Amazon,"""Good item.""","""Good item.""",12,2,Short Review,False,Positive,0.9316
REV002996,PH056,Redmi Note 15,Amazon,"""Good purchase for the price offered.""","""Good purchase for the price offered.""",38,6,Good,False,Positive,0.9501
REV002997,PH056,Redmi Note 15,Amazon,"""Very useful phone for daily work.""","""Very useful phone for daily work.""",35,6,Good,False,Positive,0.9757
REV002998,PH056,Redmi Note 15,Amazon,"""Nice.""","""Nice.""",7,1,Very Short,True,Positive,0.9461
REV002999,PH056,Redmi Note 15,Amazon,"""Battery should be better for a ₹25,000 phone. It only has 45W charging while other brands offer better battery performance in this price range.""","""Battery should be better for a ₹25,000 phone. It only has 45W charging while other brands offer better battery performance in this price range.""",145,24,Good,False,Neutral,0.5371
REV003000,PH056,Redmi Note 15,Amazon,"""Not satisfied. Quality issues.""","""Not satisfied. Quality issues.""",32,4,Good,False,Negative,0.8973
REV003001,PH057,Oppo A6 Pro 5G,Flipkart,"""Happy with 📱""","""Happy with 📱""",14,3,Short Review,False,Positive,0.8124
REV003002,PH057,Oppo A6 Pro 5G,Flipkart,"""Good.""","""Good.""",7,1,Very Short,False,Positive,0.932
REV003003,PH057,Oppo A6 Pro 5G,Flipkart,"""Nice.""","""Nice.""",7,1,Very Short,False,Positive,0.9461
REV003004,PH057,Oppo A6 Pro 5G,Flipkart,"""Nice.""","""Nice.""",7,1,Very Short,True,Positive,0.9461
REV003005,PH057,Oppo A6 Pro 5G,Flipkart,"""Excellent.""","""Excellent.""",12,1,Very Short,False,Positive,0.9722
REV003006,PH057,Oppo A6 Pro 5G,Flipkart,"""Good.""","""Good.""",7,1,Very Short,True,Positive,0.932
REV003007,PH057,Oppo A6 Pro 5G,Flipkart,"""Good.""","""Good.""",7,1,Very Short,True,Positive,0.932
REV003008,PH057,Oppo A6 Pro 5G,Amazon,"""Good experience""","""Good experience""",17,2,Short Review,False,Positive,0.9114
REV003009,PH057,Oppo A6 Pro 5G,Amazon,"""Smooth and adorable product with long battery and processor.""","""Smooth and adorable product with long battery and processor.""",62,9,Good,False,Positive,0.9771
REV003010,PH057,Oppo A6 Pro 5G,Amazon,"""Very good product.""","""Very good product.""",20,3,Short Review,False,Positive,0.9755
REV003011,PH057,Oppo A6 Pro 5G,Amazon,"""I have been using the Oppo A6 Pro 5G for a while now, and it’s been a reliable companion for daily use. The battery life is honestly the standout—it easily lasts more than a day without any stress. Performance is smooth for regular tasks like calls, browsing, and social media, and the display feels nice and fluid. The camera does a decent job in good lighting, though it’s not the best in low light. Overall, it’s a practical and dependable phone, especially if long battery life is your priority.""","""I have been using the Oppo A6 Pro 5G for a while now, and it’s been a reliable companion for daily use. The battery life is honestly the standout—it easily lasts more than a day without any stress. Performance is smooth for regular tasks like calls, browsing, and social media, and the display feels nice and fluid. The camera does a decent job in good lighting, though it’s not the best in low light. Overall, it’s a practical and dependable phone, especially if long battery life is your priority.""",501,89,Good,False,Positive,0.9692
REV003012,PH057,Oppo A6 Pro 5G,Amazon,"""Camera quality, battery life, and value for money are good.""","""Camera quality, battery life, and value for money are good.""",61,10,Good,False,Positive,0.9183
REV003013,PH057,Oppo A6 Pro 5G,Amazon,"""Nice phone in this price range.""","""Nice phone in this price range.""",33,6,Good,False,Positive,0.9659
REV003014,PH057,Oppo A6 Pro 5G,Amazon,"""One of the worst phones for photo clarity. Even close-up shots have broken pixels. Amazon is the worst platform to buy mobiles from. Better to buy from local markets.""","""One of the worst phones for photo clarity. Even close-up shots have broken pixels. Amazon is the worst platform to buy mobiles from. Better to buy from local markets.""",168,29,Good,False,Negative,0.9427
REV003015,PH057,Oppo A6 Pro 5G,Amazon,"""Received a new product. No other issues.""","""Received a new product. No other issues.""",42,7,Good,False,Positive,0.6418
REV003016,PH057,Oppo A6 Pro 5G,Amazon,"""Very good.""","""Very good.""",12,2,Short Review,False,Positive,0.976
REV003017,PH057,Oppo A6 Pro 5G,Amazon,"""Not satisfied with the camera.""","""Not satisfied with the camera.""",32,5,Good,False,Negative,0.712
REV003018,PH057,Oppo A6 Pro 5G,Amazon,"""Good.""","""Good.""",7,1,Very Short,True,Positive,0.932
REV003019,PH057,Oppo A6 Pro 5G,Amazon,"""Good service.""","""Good service.""",15,2,Short Review,False,Positive,0.9326
REV003020,PH057,Oppo A6 Pro 5G,Amazon,"""Nice.""","""Nice.""",7,1,Very Short,True,Positive,0.9461
REV003021,PH057,Oppo A6 Pro 5G,Amazon,"""Good.""","""Good.""",7,1,Very Short,True,Positive,0.932
REV003022,PH057,Oppo A6 Pro 5G,Amazon,"""Nice item.""","""Nice item.""",12,2,Short Review,False,Positive,0.954
REV003023,PH057,Oppo A6 Pro 5G,Amazon,"""Good.""","""Good.""",7,1,Very Short,True,Positive,0.932
REV003024,PH057,Oppo A6 Pro 5G,Amazon,"""The phone is very heavy, and the camera does not capture true colors. Photos appear brighter and whiter than they actually are.""","""The phone is very heavy, and the camera does not capture true colors. Photos appear brighter and whiter than they actually are.""",129,22,Good,False,Negative,0.8097
REV003025,PH057,Oppo A6 Pro 5G,Amazon,"""Overall it's a good product with good battery backup and storage, but the camera quality is not worth the price. The appearance is nice, though the phone feels a little heavy compared to others.""","""Overall it's a good product with good battery backup and storage, but the camera quality is not worth the price. The appearance is nice, though the phone feels a little heavy compared to others.""",196,34,Good,False,Positive,0.7943
REV003026,PH057,Oppo A6 Pro 5G,Amazon,"""Everything is good except the phone gets a bit hot. The camera is very good in daylight but not suitable for night photography. Apps run very smoothly. Overall, it's okay for the price, but the night camera could be better.""","""Everything is good except the phone gets a bit hot. The camera is very good in daylight but not suitable for night photography. Apps run very smoothly. Overall, it's okay for the price, but the night camera could be better.""",225,40,Good,False,Positive,0.9209
REV003027,PH057,Oppo A6 Pro 5G,Amazon,"""Good phone. I purchased it and it runs smoothly. The design and looks are very attractive. It's a good choice.""","""Good phone. I purchased it and it runs smoothly. The design and looks are very attractive. It's a good choice.""",112,20,Good,False,Positive,0.9811
REV003028,PH057,Oppo A6 Pro 5G,Amazon,"""Good-looking phone with a good camera. However, frequent updates make it frustrating. Overall, it's a disappointing phone.""","""Good-looking phone with a good camera. However, frequent updates make it frustrating. Overall, it's a disappointing phone.""",124,17,Good,False,Negative,0.8237
REV003029,PH057,Oppo A6 Pro 5G,Amazon,"""Please don't buy this phone. It's heavily overpriced. I bought it offline after being influenced by the salesman and regret the purchase. Apart from the battery, there's nothing impressive. Better options like the Vivo T4 or Motorola Edge 60 Fusion are available.""","""Please don't buy this phone. It's heavily overpriced. I bought it offline after being influenced by the salesman and regret the purchase. Apart from the battery, there's nothing impressive. Better options like the Vivo T4 or Motorola Edge 60 Fusion are available.""",265,42,Good,False,Negative,0.9085
REV003030,PH057,Oppo A6 Pro 5G,Amazon,"""Overpriced. The processor is similar to what you get in ₹10,000–12,000 phones. Don't buy it—other brands offer much better value.""","""Overpriced. The processor is similar to what you get in ₹10,000–12,000 phones. Don't buy it—other brands offer much better value.""",131,20,Good,False,Negative,0.8374
REV003031,PH057,Oppo A6 Pro 5G,Amazon,"""Good product with a good camera, very fast charging, big battery, clear display, and loud speakers. Highly recommended.""","""Good product with a good camera, very fast charging, big battery, clear display, and loud speakers. Highly recommended.""",121,18,Good,False,Positive,0.9828
